CreatorId,Creator
12897518,Allisa Jacobs
12906899,Christine Gummersall - DIY & Home
21995135,Kayla Falconer
24418577,Mallory Fletchall | Reserve Home
24418651,Aliyah Simone
24418777,Annie Tran Mescall
24472124,Allison Kelley
24472148,Kristy Cadwallader
24472161,CANDICE MARIE ♡ Simply Healthy Living & Home
24691117,Racheal Jackson
24790350,Kendal Clark
24790384,Katie Walleigh | Home Decor | Interior Design
24812978,Alejandra Gamez
24934961,Nallely Padilla
24996000,All Beauty By Sarah
25014395,frugalcurvyfinds
25087486,Jessica Small
25135442,Aditi Oberoi Malhotra
25254378,Chelsea Halasz
25312215,Alicia Bordewyk
25312751,Lidia Salazar
25312834,STARLA | DIGITAL CREATOR
25410273,Caroll Salazar
25410332,Altagracia
25588169,Amethyst Almaguer
25588216,Liz Grella | Seasonal & Holiday Home Decor
25588254,Kalyn Letizia
25609138,Forever Millennials
25609347,Crystal Tan
25635701,🕯 ⚯͛ Samantha Kumal △⃒⃘
25679519,Vivian Kendall | Fashion & Lifestyle content
25679803,shalom_joy
25709035,Alieta Casey
25711519,STEPHANIE RIOS | PERSONAL + MOTHERHOOD
25711561,Lara | Dallas Content Creator
25768624,ALI BONAR
25768755,Shaymah Ali
25820991,Allie | The Adored Abode
25821096,Alize J.
25838450,Alyssa Hamblin
25980057,Lauren Alexandria
26066680,Morgan Calhoon
26066727,ktmdaley
26066729,Alyssa
26068335,Coastal Cheryl
26068348,Traline | Natural Hair | DC📍
26068398,Raquel Mechelle | Your Spiritual Journey Inspirationalist
26245382,Peyton Allen
26245436,Morgan Walker
26248878,Gabi Iwalani Hall
26248956,falc
26249018,Sophie Zaloom
26253739,Annalyse | Style + Content Creation
26263017,Alma  | Motherhood | Lifestyle | Virginia|Fashion
26263066,All Things Lilly Ann
26271880,alissa laderer castleton
26271939,Gail Murray-Gonzalez
26272023,ali knutson
26438802,alainelimjoco
26497743,Farina Aguinaldo
26497779,Tashira Halyard
26497803,coral
26558908,Terrasia | Luxe for Less | Moody + Neutral Home Styling
26560225,caleighhorrigan
26577027,kalenaann16
26577098,catalinamyy
26577818,Paloma Alexandre
26585736,Alisha | Fashion Blogger
26586355,MAL LISA
26595433,Reagan | Nutrition + Health Coaching
26595492,madelinebhealth
26638481,alissa afonso
26648846,Becky Alvarado | Life on Case Lane
26649725,Cristina | SoCal Latina Mom Influencer
26650676,Alicia Bailey aka Bailey Li
26651523,Neli Howard | Delicious Meets Healthy
26651846,Christie Val
26659828,Chloe Caldwell
26659838,Chalyne ud83dudc51ud83cuddefud83cuddf2
26661587,Lili Brito | Thrifty Fashion Maximalist
26672917,Valerie Velasco
26698982,Kaleigh Ginn
26703354,Alison Delamota
26705178,Alison Simmons
26745660,Kelcy Duvall
26769737,Coralie Seright
26775907,Beauty  Lifestyle  and Real Estate
26787035,Alexis Adegoke
26787090,Kashia Palmer
26792180,Kendall Mariah Tart
26794285,thaicaliente
26809713,Natalie Whelchel
26812637,Alix
26812646,Callahan Rahm
26870210,Niyah Gonzalez
26895627,Ashley Allison
26922425,Jess Val Ortiz
26923256,EDEN LEE || intentional motherhood
26941571,Eliana Jalali
26941635,Milagro Valenzuela Morales
26942911,alilscribble
26947320,Malia💜🦋
26947530,Hailee Catalano
26954732,Brooke Ballantyne
26954734,Salena
26956933,itsnataliecass
26981106,alyboekholder
26981209,Valentina Perez
26982032,Alexandria L
27007388,Allison
27024276,Cessalee Pullin
27024289,Kyndal
27030454,Esmeralda
27030465,Nicole Riley - Crochet Patterns & Tutorials🧶
27044961,natalie bula
27045263,Pascale Charles
27045317,Natalia Gabriela Domínguez
27057558,ALEX WHITAKER CHEADLE | LIFE AFTER CANCER 💖🎗
27069858,Dr. Afi Martinez | Virtual programming | Chiropractor
27070483,peytdalecollins
27079289,Alexa Rae
27079300,Lindsay Albanese
27079362,Adalynn Toma ☻
27081774,Hazel Balajonda
27081796,Celeste Baral
27082364,Briana Owen | Holistic Health 🌱
27108823,Alessia ♡  Christian Youtuber
27108971,that pretty gal ricc🌟
27108972,Alisha | Lifestyle & Fashion
27109021,Aliyah • Travel + Wellness
27109029,Alicia Bice
27109112,Lindsey Alina
27110839,Kayla Kowalski
27111239,Jen | Home Decor & Everyday Life in Baltimore
27124299,alyssa pulley
27125092,SAVANNA ALEXIS🦋🌈🌺
27128060,Stephanie McDonald
27128789,Jessica Valentina Gallardo-Buenrostro
27139684,ALISON STROMING
27139751,malakaithegreat
27142361,Alexis Luna
27142487,thesilfalcs
27164933,Alexandra Faafetai • L.A. Creator
27197897,Alessandra Davila
27198374,Natalie Rose
27198425,Jessica Boscarini: Gut | Hormones | Mental Wellness
27224328,Crystal Milutinovic
27229452,alexandra erickson
27231405,Kenishia | Dallas Content Creator
27232312,KAYLEE MURTLE✌🏼| HEALTH + TRAVEL
27268086,NATALIE MACRITCHIE💕
27268107,mrsvalenciaj
27276891,alyssekatherine
27279795,halliewood_styles
27319187,Alondra Sublett
27338637,salizzlee
27347461,Alida Matos
27347565,Easy Healthy Recipes by Jazz Leaf
27347913,NaturallyAri
27366754,Alessia Oronzio
27366767,kristalthekurator
27370374,Paloma Avila
27397976,Alyssa Patterson
27398888,mariannepalomaaa
27398889,Allie Curtin
27398904,Talks With Tanisha
27429499,Lyndi Carnal
27440339,mamatriedofficial
27461895,All Things Madison Blog
27461973,chloecall987
27470078,Wear it with Allurée | Size 12/14
27566129,lauravalerialpz
27595130,aerialelisee
27662906,mallorypeasley
27688338,Loice  Liani  Natalia and Dada ❤️
27688342,Alix Benton
27772156,Sandra Walters
27772380,Erica Wald | Prenatal + Postpartum Fitness Coach
27774215,Lali S.
27856887,Ronald W. Thomas II
27858259,Emily | Running  Strength & Hormone Health
27860609,Alyssa024_
27895005,Moises Avalos
27921618,voyageswithval
27921693,Alina Inacio
27921919,alexandra.yargeau
27927120,Alexandra
27927520,Natalie J. Moe | Tucson Blogger
27928081,The Minimal Mom
27936470,vic and val
27963498,Alyssa
27991671,Kalie Wright Korfe
27998015,_ale.prez
28003970,Georgina Whalen
28028758,vivalastina
28032387,alyssaparente_
28032433,alexiabrook4
28033980,kendallmeadebaker
28037146,David Dial  Food Blogger
28037166,haleighwhitcraft
28037276,halleyryann
28037287,ALYSSA JOBES
28037288,natalie.0220
28037315,erinoarchibald
28037320,ashleygalvan18
28051936,Andie + Alex
28054523,Natalia Hasenkampf | San Diego + Travel
28061731,nicole marie ballantine 🌻
28061761,aleynaariana
28061803,Paloma Diaz Rivas
28062054,Alexanndra Jay
28062119,Alecia
28062131,ANTI💰OCIAL💙
28062354,aliciasharel
28062583,Alyssa Lilja
28062914,ALEX DRY🌊
28062968,Jalisha Vee
28062975,ashley ballard
28063520,Alli
28063539,Natalia | DC MD VA Content Creator
28063674,cardinhealing
28063976,Alex
28064203,Alison Blackman  Editor/Writer
28064222,valerieealexandraa
28071023,aleecia_wit_2_es
28071078,Alexis
28071526,ANGELINA VILLALOBOS SOTO
28072135,Shalice Ader L.
28072167,Natalia Amaya | Miami Shuffle Dancer
28072170,Ashley K. Allen
28073156,shescalimade_
28073178,Isowa Gallery
28078234,alexisgomezdingman
28089011,tallie spencer
28089069,Aileen : Artist : Installation : Sculptures
28089184,Dina Ali Wray
28089221,Aleisha Nelson
28089988,Alyssa DiCicco
28090409,alisha_southern_crew
28090931,the.sales.girl
28091759,Yesenia Vidales Valentine
28091810,Brittaineay Walley
28092173,Crystal Sehy
28093264,Layal Abirafeh
28096499,Hallie George
28096502,Alyssa Gonzalez
28096560,Kalynn Terrell
28098099,Dalai Mama
28098107,Kaleo Maclay
28098754,Alexis Barbera
28104934,Krystal Ordini
28104994,Krista | health coach + biz mentor
28105001,Mallory Hank-Johnson
28105040,madkstally
28105854,ALICE
28106225,Kita Renee | Dallas Creator
28106262,allivsee
28106377,ALYSSA KATE
28106416,Valerie Halpert
28106420,arialsellinger
28106974,caleb
28107475,Official
28107668,iam.victoriavalentine
28108267,Haley Mermaid
28108859,Alexis Bloomer
28109443,Stacey | Real Motherhood
28113812,rachel.waldorf
28113894,tsquaredofficial
28118796,balaciaga_
28119058,Tatum Thrift Walker
28119119,Alyssa F.
28119328,Dalyla Collection
28119341,Lala Bricheon
28119624,Crystal Theresa
28119777,imalissiaicela
28119855,Molly Donlan | Reiki Master Teacher & Crystal Healer
28119868,Aleanndra
28119903,Kalia Yang
28119928,kellierenehall
28121449,Jalia Pettis
28121656,Psalms 46:5
28121856,Sydney Palmieri
28121872,averyywalter
28122433,Adrienne Salinas
28123654,The Alcala Family ❤️
28126821,Kendal
28127647,Jennifer Matus | Realtor | Digital Creator
28127904,krissycorti_digitalmom
28127974,isamarvalenzuelag
28128876,Nicole Galvin
28128935,Malathy Ajay
28129845,Alexandra Sabol
28129888,Valentina Patruno
28129917,Katerin Alegria
28129975,__deniseaaliyah
28134235,Alma Rivera
28136099,jessyperalta_
28136339,alanna
28138465,Brandy O'Neal
28146193,♛Anderson Small♛
28146232,Crystal Varellas 🌸
28146261,Dillon Malo | Latina Content Creator & Actress
28146290,itskareemmaliek
28146293,Alliyah P.
28146549,gianalaurenmua
28147248,Jennifer Alexander
28147899,Bali Baby 💋
28148532,Alanna Hutton
28149025,Estrella Anastacia Valenzuela
28149876,Jasmin Calle
28151514,Alysha Williams  LCSW
28151516,✨Brooke Alexandra✨
28151906,Johnny Valdivia
28151935,CAL 🦅
28152404,Indira Ali
28154348,Talilii
28154453,taralyn.n
28155174,Patty Alonso
28155307,Kala Dent
28170417,Yalvish Von | Fashion & Lifestyle Influencer
28170456,Alexa Darling
28171161,ali saarela
28171367,Vidhi Agarwal | coffee VS chai | Content Creator
28171488,Natalie Kristine
28172038,hello.balance
28172403,j.allysonnn
28172411,Natalie Sutton
28172487,Sarah Hall
28173052,SOCIAL MEDIA STRATEGIST
28173345,living_alexis
28173354,Annalise
28173628,Alicia Van Brown
28174118,Real Talk Louanna
28182766,Leslie Ivy | your health + wellness hype girl✨
28184405,KRISTEN ALEXIS MARQUEZ GUIEB
28185928,mariawingsofficial
28194100,Jennifer Weedon Palazzo
28194331,Walker Sanders
28194473,theseasonalhomestylist
28195116,ud83cudf34haley scornaienchi
28196546,Malia Vago
28196790,skyler albrecht 🦋
28196857,alexandraschraner
28196909,Elyssa Rose |  Women’s Health + Fitness
28197322,Alexis
28197850,alexia.
28198244,Danielle Szpindor Viale
28283629,Steysi Morales
28283639,Jenn Malentacchi
28285856,Lacey | Digital Creator
28286984,Alice Trellakis
28287654,Christal👑
28289143,Talia🤙🏽
28289193,ALLISON△DIXON
28289889,marissa mcdonald
28291391,Genesis Salinas
28313980,Mikaela Pascal
28314060,psalmwhite
28314731,Lindsey Allen-One Kidney Queen👑✨
28314829,Koal
28315001,Alyssa Tomlin
28315570,Coral | Life After Child Loss
28315666,Rory Yakubov // iteachalgebra
28315876,allie__brooke
28316087,Larrial (Luh-Rel) Tyler™️
28316394,Stacey Stauffer | TV Host  Meal Master  Boy Mom
28316506,Alyssa Joy Cooley
28317388,DOUG MARSHALL
28317436,Avalicious
28317713,Paola Alejandra K.
28317871,Mary Schrank ~ Your Rockin’ Vitality Coach
28342886,Kate Galeana
28343114,Amelia - Normalizing Chaos
28343251,alyza_star
28344700,Amy Jo Palmquest
28344770,TamaraLee©️
28345040,Alex + Ricky
28345241,ℂ𝕙𝕣𝕚𝕤𝕥𝕚𝕟𝕒 Latina SoCal Mom | Content Creator
28347645,Alexis Apolinar
28347708,danielle alburtus
28348030,crystalpaintsfaces
28348206,alexis burleson 🍒
28348259,Mayra Dalisaღ
28352264,Julissa JUJU Peralta
28352344,Rickee Arts Visual |RED Ownerud83dudd34
28352921,Alyssa Gutierrez
28353026,tialachelle
28353316,Leisurely Leah | Denver + Dallas
28356474,ill.lala
28368574,Brain Health & Wellness Expert 🇩🇴
28368755,Spirituality•Wellness•Entrepreneurship
28372988,Hela Saldaña💋
28372991,Angela Ayala Lardner
28388542,Aaliyah Plotts
28388569,Shalonda
28388784,Shantel Alvarado
28389091,Jonathan Kalema Zaawadi 🇰🇪🇪🇹🇺🇬
28391742,Bianca Canales
28391903,🔮 ✨Krystal B💀🦋
28391969,goalbloodedbabe
28392278,Maddie Salerno
28392491,ALZEAH JADE
28392532,Erin Alexis
28392806,The Real Alexa
28393036,The Real Street Family
28393411,Amanda Holley OFFICIAL PAGE
28395370,Allie Gordon
28396204,Ana Julia Cavana Altaffer
28396220,ashton.calvert
28396666,The REAL Steph Lova
28396711,MAllORY MORRIS
28397032,Peyton Fallis CPT  CNC - ONLINE HEALTH & FITNESS COACH
28397218,Digital/Event Content Creator
28397683,Esmeralda Valencia 👸🏻
28397722,Shannon Tindall
28398157,Mallory
28406608,nathalia polanco ᥫ᭡.
28407220,Alex Goodstein | Food & Travel Content Creator
28407543,Alyssa Hall
28408434,Christian Alvarez
28411263,Crystal-Marie | Program Manager | Author | Content Creator
28411456,Francieli Abplanalp (Ellie)
28413184,Alexandra L Bendit
28413280,Alexis Ortiz
28413405,Natalia Lopez-Hurtado
28413627,Alaysia Je’
28413870,Alexandra
28413874,Allie Jones
28414042,Keerthi Nirmal✨
28414438,alliemarie_lisby
28414468,mykalacaraccilo
28414487,Gabriella Alonso
28415182,Carmen Callahan
28415306,Dina Ali Wray
28415795,Karen Salinas
28415832,jesshasal
28420594,Alessia Granda
28421340,Nathalia Ramos
28421495,Sabi The Official
28421514,Nathaly Raya
28422563,juliempalumbo
28422591,Elaine Gonzalez Johnson
28423121,agnursingforall
28423383,Alexa Khan Дөлгөөн
28423416,Allison
28423446,Nat Social - Strategy & Marketing
28423688,Amy Bizal || Prenatal & Postnatal Yoga Instructor
28423765,"Alicia ""ACE"" Easter"
28423797,Janelle Allisa
28423847,THEREALROBINB
28423885,Alex Willett
28436863,Aliyah
28437743,Maria Alejandra Sanchez (ALE) FASHION + TRAVEL Lifestyle
28438019,It’s Alfre 🇨🇺🇪🇸🇺🇸
28438032,Christal Manders
28438532,Melissa Alvarez
28439729,aleasha1017
28439832,Adrienne Alston
28440310,✰ ✰ KENDALL ✰ ✰
28440424,Natalia Castillo🇨🇴
28440504,Jessica Camal
28440783,Grace | Holistic Health Coach
28441280,Alison
28441305,Anya Alexis.
28441783,Tala Shatara
28442032,naturallychea
28442217,SnoFall
28442588,Suzanne Thaïs | Dallas Content Creator
28442621,altkylie
28443047,lynette.aldana
28443904,glendafinales777
28445343,glamdolllala
28460390,Ana Ruvalcaba
28460457,Alex Colondona
28460765,dezangelleofficial
28461020,thelayeredhomeofficial
28461337,feliciamccall
28462539,Maureen Fitzgerald
28462643,"Pooja ""Rani"" Lakdawala"
28465425,cerebral_overload
28465532,✨ alana sitara ✨
28466802,Aliyah Muse
28466904,Alyssa Falu
28467243,Krystal
28467322,Alyanna Nolasco
28467442,Lover Of All Things Beauty ud83dudc96
28467473,Sofia De Falco
28471214,analeastinnett
28471819,natalie
28471826,coastalstylefinds
28472435,valerie_crow
28472700,Alex Bucklin
28472744,mealswithmiller
28473220,Look what I found | Best Viral Products
28475423,🔅Vidal🔅
28475441,Anti Diet Health Coach
28475458,nirali
28475889,tayy.alexandra
28476722,Alvintae Kirksey
28476927,Alma Penalosa 🍽️🍹✈️
28476932,Sasha Zavala | Dallas Blogger
28477037,Alexandra Beth
28477059,megmariewallace
28477221,NP Alejandro
28477457,Allison and Sylas
28477538,Alexis ✪
28478606,alyissiamonet
28478726,Stone Cold and The Jackal
28478946,Alexis Obley 🦋
28479556,Raeanon Casias-Salazar
28479685,🦋Crystals🌟Healer🔮Chakras
28480341,Waleska De Valera
28480612,Dana Special  ♡
28481079,ILSE GALENO💄👸✝️
28481365,alexandragomezofficial
28481650,Donna Stunner ✨| Extension Specialist
28482355,cherkal659
28482681,alyssas.collabs
28482818,alorescnorris
28484555,Lay | Motherhood & Real Life
28484788,Alexandria Jack | Home Cook & Food Writer ✨
28485962,Adriana Daldon
28514574,Central Minnesota Mom
28514802,theerealmilan_
28516335,Alexis Thompkins
28516419,Anderson Hall.ud83dudc3cud83dudcafud83eudd81ud83dudd11
28516738,Alejandra Casado | FASHION CONTENT CREATOR
28516760,Sheryl Marshall
28516763,Christina Falke
28516812,nateanah.albury
28517363,Nepheteria Jackson (NaturallyI'mDopee)
28525862,Jessalyn Romney
28527387,Chey Malika
28527949,Natalie Carey San Francisco Personal Trainer
28528348,Val Joseph
28528369,tootall.4l
28536491,waldron.alli
28537359,malealta04
28537493,kelsiwalters98
28537514,marina.caldas.mendes
28537772,mitchell.natalie
28537874,workwithnatalee
28537903,tweetiesdealsnstuff
28538233,sonjalgarcia
28538320,Ranchera Galactica
28539456,halley.drechsler
28540090,Juliana Santana de Almeida
28546376,Shandy Gonzalez
28555606,crystal Crafts
28556772,NATALIE DRAGT
28557971,Tabatha Falconi .
28560304,"0fficialdvamondx
"
28560307,thaofficialray
28571513,Alexandra Helene
28571519,alexandraavocado
28571527,Nicole / Affordable Fashion  Workwear  Casual Outfit Ideas
28571554,Alexandra | NY & NJ UGC Creator
28571582,Allie Doumar
28571652,sarahmhealy
28571982,Alissa Fiandaca
28572007,purelyrootedhealth
28572014,Natalia Gonzalez
28572039,Krystal ꩜ .ᐟ
28572072,annaleza.2
28572086,lauren.tilashalski
28572170,Alanna Brown
28572208,Mallory Borden Kee
28572305,healthbygabs
28572340,Akeala Hinton
28572364,marcelamaenodigital
28572401,mandifalgout
28579018,Alicia Tate
28585857,Stefanie Bales | Fine Artist  Muralist  Aestheticist
28587653,jaidynalexxis
28587682,Catherine Angeli Panhilason | Authentic + Balanced Living
28587728,aliyahguilfo
28587740,Chrystal Sharell
28589188,Italia Larios
28590022,Kayla Walker
28591533,Massiel Esaá Albani
28591869,Malibu Mara
28592193,Magaly Rodriguez
28592264,Qui Talks
28592337,alexandraa.delgado
28592830,Alexia Natalie
28593835,Avalon Rose
28593904,alexis.t.alejo
28595524,alianazf
28595525,_allthingsbi
28595526,aliamourali
28595554,Alexandria Noel
28595584,Farah | Magical Content & Lifestyle
28596094,shakalya sahteira nycoυl 👑
28596176,theerealnubianqueen
28597541,ektajoshiofficial
28598629,Dr.Contessa Metcalfe  M.D. (Dr Contessa)
28600406,nashalawrence
28600585,tallkygirl33
28600724,danalise.jaylene
28600733,haleyschuler8
28600780,kristenmcgalliard
28600784,makaylagealta
28600788,socialbellebev
28600805,themagicalmillers
28602936,Naturally Shaped
28603220,walmartclearancequeen_
28604471,Makeup Tutorials ud83dudc8b
28604556,Keeks👸🏾 | Digital Creator
28604864,Salvage Sister and Mister
28605641,Alyssa Lima
28605733,Tyler Royale
28605809,Alejandra Barraza
28605855,Kamala ♒️
28606200,Austin Halls
28606203,Kendra Bliss | Bridal Makeup Artist & Beauty Concierge
28606205,roxettesalas
28606547,finessaluxehair
28606872,Nabel Calvillo
28607000,creator.natalie
28607252,Brittaniee Donals
28607336,shalimarvellous
28607436,Marian Alexandria
28608785,Caroline Jensen 🌱 Botanical Photographer
28609079,Allie Pleiman
28613160,the412franimal
28613340,Halli Polk
28622399,soniaalferez
28635363,Bajangyal
28635939,Alex Jianu
28637395,DALLAS  TX️️️️📍
28637888,allie.grace.gibbs
28637905,caroline hale
28638201,Oumou Diallo
28640272,Tony Leal
28640283,Chena Davis |📍Houston Personal Trainer | Content Creator
28640288,STEVIE SALLE
28641149,Malerie Rivera
28641365,Ashley Walsh
28642359,MARIA Kendall
28642409,Brittany Hall
28642502,Asher Alam
28642649,Carla Alvarez
28643219,Ale 🇨🇴
28643562,alxis
28643600,Chanelle Sekas-Whitacre | SoCal Photographer
28643712,Alicia Jones
28643749,Malya
28644407,Anne Evans Cody | NYC Personal Trainer
28644456,Kiônna Alexis
28644886,Alanie Milan | NYC UGC Creator
28645545,natalijamarshallbiz
28646047,isabelannwallace
28646179,newhealthyfinds
28646488,Monroe Alise
28646669,Racheal Stephens
28646733,All About Après
28646967,Gracie | NJ Content Creator | Social Media Manager
28647342,Jamal Townes
28647362,Randall Porter
28647588,Ophalyn Lee
28648003,alyssa
28649999,lawtinalifestyle
28686112,Stallicorn Sensei 🦄
28686184,Allison Elizabeth Brown
28686828,Alexa Mae
28686848,Brianne Provenzale
28686969,Khalyhia  Marshall
28687000,Natalia Freiberg
28687816,Bryana Salaz
28688137,Natalia   CPT 🍓
28688302,vanessa alexis
28688485,KAELEE ALBRITTON
28688793,keala_ho
28688920,Tall Content Creator
28689399,Stephen J Mihalchik
28689618,aleka_ward
28690106,Shalae Morgan | Huntsville Content Creator
28691499,Allie Mayberger
28691785,Dr. Mahwish Waseem Ali
28691811,Christian Maldonado
28691916,Malini
28691993,Lauren Valdez | SATX Influencer
28692000,QUEEN SMALL BUSINESS ADVOCACY
28692019,Alexia M. Perkins  M.S. Ed
28692066,Chloe Choe | Personal Finance
28692214,Aral Taşer
28692229,🦋The AL Life - Chicago Blogger
28693828,Jaliya Marie | Midwest Content Creator
28693940,Bethany Chafe ☾ Holistic Kids Mental Health  ⋒ Comeback Story •
28694028,Alexis Wyborny
28694093,Kendall • Cincinnati Mom • UGC
28694547,James Alvarez
28694597,ALI CLEEK • WEIGHT LOSS  • WOMEN’S HEALTH • BEAUTY
28694793,Amber•Balbas 🔆
28694899,Yuly | Healthy Caribbean Recipes
28695089,Autumn Michaelis | GF+DF  Paleo  Whole30
28695267,loyaltei
28695482,Carla Purvis  MS | Holistic Health Coach | UGC Creator
28695585,Jonida 🇦🇱🇺🇸 Healthy Recipes | Mediterranean Cooking
28695586,Dulce Paloma 🪽✨
28695614,Nilsa | Healthy Lifestyle
28695679,ROB & HALEY WALL
28695697,Alejandra Gonzalez 🇵🇷🇻🇪
28695897,Alexandra Caspero MA  RD
28696155,Jonathan Walker | Holistic Life Coach
28696197,Vanessa Garza | Blame It On The Kitchen · Savoring SoCal
28696288,HETAL DESAI |MyVegetarianRoots
28696403,H A S I | Digital creator
28696475,KyannaAlexandra | Fashion✨
28696490,Ghazal
28696575,Tori Battieste|40+ Style  Beauty  &Fitness|Dallas
28696581,Patrice Alexander
28696774,Mitali Patel
28696796,Sakirat Mahal | Minimalist Wear
28696979,Masumi O Seales
28697026,Crystal Skipper
28697224,Christian Gonzalez
28697261,danny ali 🦋
28697984,Marki Lemons Ryhal
28697987,Sabah Ali
28698229,DJ ReRe | International DJ  Entrepreneur & Hype Girl
28698648,Kiki Ely | Talent Agent | Studio Owner| GenX UGC Creator
28698966,Lexx♥️ | Shreveport Music | Female DJ
28699155,Mr. Trauma Talks
28699229,IMAN KEILAH MARSHALL
28699376,Aleidy Almonte
28700565,Karen Salazar
28700869,Mariah Salter
28701690,Jose Alberto Barraza
28702457,Adrian Chavez | Nutrition & Health
28704974,Ryan Hudson-Peralta
28705166,CRU ALXNDR
28706215,alexisalexandercontent
28706516,Kandy Robertson | Social Media Expert
28706733,alyssa moist❁
28706867,kristinal862
28708353,alexisicp
28708602,Khalil Jackson
28729868,Maryal Miller Carter
28729898,Alycia Trinidad
28730249,olachisocials
28730967,💎Tere Aldrete-Wilson💕
28738056,saheriqbal07
28739808,DejaLynn| Midsize Style & DIY Home Decor
28740301,Aline Moreira
28740407,Growing Up Gupta: A Masala Mag-Nikita G. Mom. Author. Innovator.
28740527,_glow.essentials
28740531,malsfavoritefinds
28740538,alii.hopkins
28740613,Cindy | Dallas Closet Organizer
28740717,Wasan Samer Alobeidi
28742282,Alexa Ferra
28743600,Skyler Paladino
28743658,Alex Alpert
28743809,Raya O’Neal
28744161,rocky walder
28744541,Aliyah Martinez / ElegantFaces
28745066,vo_lamala
28745186,fbs.facesbysalma
28746797,oliviavalentino07
28747617,aliquue
28747713,valeryborisova.ugc
28747983,Shantal Athill
28748127,tidalwaves17
28748148,Alijah Jones
28783649,JAZMINE VALENCIA
28785125,Dana Kowalski
28785952,alessandrarene09
28785999,Jacky Falkenberg
28787344,nya.alleyne25
28787941,Rosey Sumrall
28788722,Esmeralda Garcia
28788788,Alex Cheap
28788909,Noah Valinsky
28788914,OnlyRoyalMedia
28789267,Kinjal Patel
28789515,Yas Gonzalez
28789619,Keith Sharier | THE Cereal King™️
28789836,ALECTRA
28789893,LeTicia Monyelle | Dallas Content Creator
28790109,Nathalia Rizzo
28791063,California Disney Dreaming
28791626,Caitlin Dechelle McDonald
28791739,ALLURA DAY
28791821,Nelselly Alsina
28792080,karinaarevalo100
28792161,Neal Ochoa
28793135,s.alrlum
28793238,Cali Burk
28793577,SnapTales
28795423,Zoha Malik
28795575,Alexis Borjas Rodriguez
28795635,theereallkimmk
28795649,allegragrace
28796238,Naila Kanwal | UGC
28796376,ALYSSA
28796482,zjalaphelps
28796595,Abra | Culinary Nutritionist + Seasonal Recipes
28797423,Itali Miller
28797506,Vanesa Gonzalez
28797851,Sarah Dandashy | Luxury Travel + Hospitality Pro
28798129,Maria Qualtieri Kane
28798300,Allmixedup368
28798436,gab - jersey shore personal chef
28798533,Ella Allen | Lifestyle Creator
28798995,Maya Alexandria
28799119,The Salted Fig
28799827,Aleah
28800007,Magdalena W
28800106,s.alemm_
28800313,ud83dudd0cud83dudd0c#PlugTalkud83dudd0cud83dudd0cud83eudd18ud83cudffdI AM MY TEAMud83eudd18ud83cudffd
28801135,Keena Hall 🖤
28801586,Taleixca Galindez Correa
28805341,nataliedessame3
28806148,Fallon Ronan Coven
28807061,Alix Turoff MS  RD  CPT
28807270,Adventures  Health/Wellness  and My Dog
28807536,A NAT•U•RAL G
28809019,Valerie Augustin
28809761,itaty.carrizales
28811077,vvalentine2010
28811960,makeupbyalissaskye
28812038,kaleefam54
28812389,haley.dollarhide
28812460,Jonelle Alert
28813030,Jordan Royale
28813227,Carolina Lima✨Marketing Digital✨UGC
28813380,Lauren Walsh
28813395,Alexis M. Dixon
28813493,Media Personality
28813947,tarah • dallas content creator
28814192,Tymir💚Malia🤙🏽🌺
28814501,Alex Goldschmidt
28814792,Ali Kamenova Interval Yoga
28815119,KrazyAlex
28817462,debraalethia
28826291,Ioana Galdau
28830527,daliahalili
28831145,Alex | PNW Photographer
28831362,Kaleb👨🏽‍🦯
28831949,Jaylah Sandoval #EsaCarita 💋✌🏽
28834875,Alesha Jove
28835174,HALEY PIETANZA
28836659,natalyyrenteria
28839197,Sarah K. Al Ramahi
28839269,Tonya Gonzalez
28839966,Miranda Allyce
28839988,Yanina Le Cristal
28842083,exclusivepalmbeachliving
28846228,𝐂𝐀𝐓𝐇𝐘 𝐑𝐎𝐋𝐃𝐀𝐍 | Travel UGC | Digital Marketing
28847649,valdominguez19
28848022,dealguru0914
28848491,balaykavolcy
28848963,aliciaf1851
28849995,Allison Sanchez
28852036,tanymediallc
28853612,Kendall Krone
28854364,Alana Hyland
28856594,Kaleidoscope Events
28856664,Alina Hayes
28858841,Julia Calleo
28859710,alicia.vargas01
28860494,ale.styleonabudget
28860636,Maliyah Hicks
28860680,Alexandria Jordan
28860899,kanwal.hassan2014
28862365,ud83dudcabShaunjala Yinessaud83dudcab
28862848,Meghan Walsh
28863951,Alicia Ragonese
28865446,mallory🦋🍒🌈💫🧿
28865951,ALEXA
28868493,valchoucs
28869542,Fabiola Salazar
28871129,Valentina Valenzuela
28871139,personalspaceid
28871723,alyssadarias
28872147,mccallweber
28872222,Krystal Foster
28872246,Nataly
28872397,natalierybak20
28872686,ginaleedecor
28875610,atjuninwaofficial
28877245,krystal
28877312,ROYALITYud83dudc9c
28877385,Aly 😋
28878103,Alejandra Martinez ✨
28878301,Crystal Pagan
28880324,MAKEUP  & HAIR ARTIST ELIZABETH ALFONSO HOUSTON
28881578,alex
28885837,ohhmygalyy
28892220,karlagrijalva__ifbbpro
28892229,noralovette
28892234,savannalm
28892242,yarielalopez13
28893710,gmalache14
28893749,denizyall
28893803,mariah__macdonald
28895179,valariatatiana
28896040,Natalie Borowy
28896637,Calvin Li
28899917,1:1 Personal Training | Entrenadora🌱
28901878,Alternatively Chic
28904440,layalxo_
28906035,Alexis Gomez-Dingman 🤎
28908845,nini.smalls
28912744,nathaliareynoldsugc
28912969,alwaysbeachpretty Robinson
28913232,aaldubarry
28913417,therealjasluxe
28916878,EMILY LEWIS 🪐✨ SPIRITUAL TEACHER
28917058,Josey Koke | Motherhood  Wellness & Real Life
28918875,That Bald Chick
28918907,The EI Queen | Aleasa Word - Mz.Word
28919307,Kylie “Kye” Alexis 📍MIAMI
28920490,Danah Almayouf
28920587,Carolina Gal
28920789,aaalmogaber
28921888,renterialili29
28922315,Rosalind Williams
28922697,La’Quinta Mills | REALTOR ® | Content Creator
28922748,healthyhabitsbytiffanie
28922812,Jenny | health & Fitness | yoga | beauty
28923461,Chrystal M
28923568,Erinn | ParentingHealthy.com
28923755,Sage Storm | Alt Fashion & Denver Model
28923902,Nathalie
28924227,Allison Auyeung
28924551,Jalen Collins
28925014,mallorylindstrom93
28925132,Taya Valkyrie
28925881,Haley
28925980,Drea | UGC/Digital Creator
28926090,Tatyanna Aliyah
28926692,riyalovestacobell
28927088,allison.sannuto
28927401,Alicia Fundora | Marketing Digital & UGC
28927750,thelocalmystic
28928344,gallagher.eve
28928890,malichiandolivia
28931135,allasondra🦋
28931632,malik.dent14
28934842,Krystal Danielle Lucio
28938206,Caleb Ulffers
28938601,Jayce Hall
28939758,Andy Lalwani
28939879,Weston Hall
28940093,alyssaxcamille
28940436,MARIAH KOEHLE | CA/UT REALTOR
28940677,Valerie Remy  MBA
28940766,SARA TALBERT | Pilates Educator & Creator
28941213,Wendy Alba | Custom Cookies | Cookie Classes
28941704,Chris Sinclair McCalla
28941856,KASEY | all things pink
28942517,Alicia- Building Tips & Home Decor
28942682,Central Mass Mom | CentralMassMom.com
28942793,Pickleball Besties
28942797,Saray Alcantara - Motherhood | Lifestyle | Family
28942897,Larie - PNW Local - Portland Resident - Places & Things
28943025,Allthings Costco
28943129,heygal121
28943198,ALYSSA
28943231,AziyahZaliyah
28943362,Dyna| Digital - UGC Creator
28943808,ally | the bollman bunch
28943868,Alexandra Noyes
28943898,Ewelina Dalka | Mom Lifestyle Blog
28944175,magically nessa | theme parks
28944369,Kate Morales
28944434,Josalyn Andromeda MUA
28944847,Aly Avina | Plus Size And Body Positive Model
28944917,Mal | everyday life • diy
28945517,Rhythm Malhotra
28945531,Dr. Mursi • Health & Weight Loss Coach
28945590,Ishika Yadavalli | College lifestyle
28945687,Heather | Social Media Manager for Women
28945752,Carly Gallien
28945845,Sheena ✨ Helping Busy Moms Eat Healthy
28945859,Viki  MD | Internal Medicine Resident
28945937,Chelena B | Self-care • Meals • Routines
28946411,Alayna Clarke
28947532,Alexis Bumgarner
28948102,salmelv_ventures
28948467,sweetalabasterlace
28955375,Mauricio Gonzalez
28957531,alyssaanngomez
28958663,haleyeggers_
28958708,danicaliau
28958721,itsalemtshay
28958745,alyssaybarra
28960860,alisonblackman
28961440,Dalesa Blockmon
28961546,Talbot Cox
28962005,Valerie Love
28962136,Santiago Ceballos
28962573,kaitexploresitall
28962668,Annie Alvarez
28963375,Grant Marshall
28963427,Chicago Food & Lifestyle | Phillip Morales
28963515,Thatsoalykat
28963675,Haley Dasovich
28964315,Allen holmes
28964883,hlhaller416
28966258,alline
28966630,holdalexx
28978436,jadynalexischandler
28980935,alexandrakuhel
28981803,Alex McLean Sharp
28986951,lindalixious
28987225,Yasmin Valdivia
28987347,The Salad Lab
28987623,angelalanaris
28987633,Alex 🖤
28987665,haleybaless
28987666,Elizabeth Palumbi | Solo Female Travel
28987719,Crystal Drew  MBA
28989154,Daëlle | Natural Hair | NYC/CT Influencer
28990952,beautyessentials9
28991186,Alexis Lynn
28991257,Hannah Teal
28993194,juicegyal
28993783,nelsonalfonso24
28994139,julmmarshall
28996335,allabouttherodgers
28996605,ugcwmacabral
28997597,Alexandra Pullen  M.A.
28997788,alexis101294
28998128,Liliana Gonzalez
28998430,ogalaz29
28998763,Carolina Salomé
29000295,oralanique
29000834,Natalie Mitchell
29000850,Crystal Mason-Demby
29000853,savingwithhaley
29000885,alysfost
29000936,tinkamalue
29004388,juliaadovgal
29005599,Lledon Stokes | DC & Miami Realtor®️
29005779,🌴 Daniel & Caitlin 🌴  [Travel•Tips•Deals]
29006019,Almost American
29007631,Valentina Anyanwu
29008098,Trini Gyal 🇹🇹
29010322,Rayona Hall
29010618,marshall17ally
29010757,alina.creating
29011750,biagisales
29012583,BODGYAL
29014043,Areya 𝐘𝐀 𝐘𝐀 Walker
29015212,patienceroyalbooking
29015230,allison_celleri
29015356,calita Ferreira Lummertz
29017711,alexiscole.collab
29019770,Jeannette Fiallo
29020201,Alessandra Mai Vinh
29021810,Mariela Espinal
29024255,Alexander Dern  CPA
29027362,Cheryl Walker
29031453,BEKAH | Medical Mama + Joy
29031573,Naijentelij Espinal
29034553,Leslie Brewer  CRNP | Pediatric Health Expert + Mom of 5
29034609,Morgan & Allie
29034698,Domenica Valverde de Rocafuerte
29035099,Jasmine White | Digital Creator 🌸
29035661,Yalvish Mone | Fashion & Lifestyle Influencer
29035827,Alina K ☆
29035994,Alexis ♡ Disney Style Creator
29036357,Zuhal
29036529,Haley Rackliffe
29036557,Krystn Walmsley
29036766,𝐑𝐚𝐲𝐬𝐚 Perez| Makeup Tutorials 💄
29037601,Real Toons
29038903,shealyn.mccann.biz
29042929,Chloe Ranaldo
29048890,Gee Walls
29049095,Aaliyah Bolware
29049295,Bryan Alexis Stylist 🇵🇷
29049334,Amber Baldwin
29049468,Geordalene
29049681,The nail healer💅🎀
29050289,Aaliyah Forman👑🍯
29051146,Natalie Sakmann
29052308,Kesia Gomez Galiany
29053089,natalie sarah 🧿
29053366,mackofalltrades11
29053822,THEREALKRESHAI 🦄
29054821,Alina Zaytseva 🌟
29055584,digitalrichauntie
29059111,Kayla Mallari
29059767,shogunarsenal
29060007,Caleb and Kelsey
29060021,Valeria Sarto
29060598,Alfred Glover
29060767,Matt Palmer
29060975,Valeria Santa
29061637,NIKKOLE HALL
29062682,alma-hysenbelliu
29064180,aliddina1
29066368,Ana Carolina Grajales
29066897,Alexa Spivey
29066934,alonaderosier06
29067435,Valerie Joy Wilson ✈️ Solo Travel Expert + Luxury Travel
29067977,Natalie Paige
29069041,Talia Foster
29069116,alexiseyrich10
29073978,Anna Braley ☆
29074031,inquiriesforalleah
29074908,talkcurlytome
29075116,Kaliyah
29075177,juliamarissalandi
29075971,Jalen Sims
29081461,alexismarko
29081748,talishabrown26
29081959,Kenyana Kendall
29082375,faithnicolesocial
29082380,Haley Ashcom Miller
29083439,mikaylasmagicalmemories
29085271,cristina Salamo
29085525,Aashna Gheewalla
29086961,Dmv Hairstylist/Salon Owner
29087109,Alexis Garner
29089560,savala.vanessa11
29090038,malayannnn
29090960,Spencer Walker
29093532,Kennith Allen Thomas
29094324,Andrea Cabal
29095211,jenniferlalee
29095232,sociallygee
29095519,allieseabock
29095533,haleigh’s fitness journey ! ✨
29095552,alyssaformisano
29095557,_icyyyislandgyal
29095599,katie_dallimore
29096099,SoCalBearAdventures ☆ Hillary Aguirre
29096622,Vale Nicole🍓| Latina lifestyle creator
29097388,allie jones
29097531,Alyssa | LYSS EATS 805
29097563,Talia🤙🏽
29097841,Tally Eve
29098356,amy | travel & california
29099828,Sarah Marshall
29100093,Alicia | Health & Wellness Influencer
29100197,Arooba K ~ Health & Travel Influencer
29100383,Michael Ballantine | Online Fitness Coach
29102194,Lydia Brook | Digital Media
29105553,kellyhalluch
29113524,Liz-Amanda Gonzalez
29114075,Allison Jaundoo
29114821,thatallgoodmama
29115965,Aileen : Artist : Installation : Sculptures
29116921,Natalie Elle
29117215,Janeth Gonzalez
29117793,allisonaayala
29117868,Jazmeen Hameed  REALTOR®
29117961,official.xandra
29118201,Shana Leigh  Personal Trainer
29119020,Ali Elliott ud83cudf3b
29119170,Halee J. Whiting
29119206,Nicole Malusa
29119382,Courtney Alexis💋
29121424,orcatheaustralianshepherd
29121677,Olanda Canales (Ohhlanduh)
29125694,GUZALIYA | Lifestyle & UGC Creator
29125875,twalacole
29126000,Aliah Mandisa
29127433,Paulina Atala
29127750,bimalashakyapradhan67
29128002,Saidy Villalobos
29128176,Alyssa Mccuistion
29128442,Albion Gould
29129505,djtremonjamal
29130121,Wale Olawoyin
29130305,Vanessa Salazar
29130768,Florida Visual Artist
29133063,greysondale
29134130,catalea1996
29138488,VALENTINA ❤️M A M I
29142428,Alexia |Content Creator💗
29143109,Marisol | Personal Trainer for Women 40+
29144158,Natalie Aneil | Women’s Strength & Transformation Coach (40+)
29146569,alx suljiC!!!
29146824,Juliana Villalba
29147536,Alejandra Carmona
29148366,Alejandra Caraballo | Beauty and Lifestyle
29152867,aleeism.media
29154225,McKay - Vegas Guide + Deals
29154386,Lauren Alexandra🦋
29154452,Jordan (Jordyy) Santos || REALTOR®
29156512,annalishae smith
29159382,Natural Days Eye
29159522,Gabby Gonzalez
29161120,Cynthia Bales
29161150,Coral Guadalupe
29162148,TynishaTalks
29162592,beautyviajaleah
29163166,Krystal Graylin 📷 Seattle
29163432,The International Reaction
29164057,Instagram Expert | Social media Manager | Influencer Coach SRQ
29164269,allienasrdesigns
29164273,Kiana Alexis
29164761,_allyson1521
29164786,lalalakays
29164876,Alli Smith | NYC Fashion + Lifestyle Creator
29165322,Chance | California | Van life & Dog Reviews
29165519,Ellie Haley
29166225,Ashmita Thapaliya
29167229,Carlos Alfredo Vessup
29167720,Alyssa Faidley
29168566,Erica Chan Stenvall
29169237,Diane Marie Pisera- Italian style  elegance & standards  🍋
29171101,Jocelyn Sailor  LCSW | #1 Social Work Planner | CT
29171130,LaKisha Mosley | Mental Health Influencer
29173660,Valentina
29175661,AlexandraOlivia 🧚🏾‍♀️🦋
29175723,dr.indialinsey
29175852,dbellabofficial
29176527,therealjdoll
29179643,Aruuke • UGC Creator & Digital Designer
29179703,alessandraarroyo016
29180003,Maya | AL Influencer📍| Creator ✿
29188135,pineandpalmaz
29188356,natalie.b.toone
29188475,Megan Meketa • Crafting Tutorials
29189150,itsalievans
29189949,Ann Arbor Mom | Local Events  Activities & Things-to-do
29190598,calliesinglar
29190903,Aldrea McPherson
29192162,C Torres  LA Photojournalist
29193034,Morgan Balavage
29193648,novak.vitalina
29193675,madehahalimi
29194337,coastalandkindco
29194568,alytheslp
29194763,kaalik1998
29195994,kayla_alise
29196076,browsnepal
29196090,legallytired
29196256,Alexia Ivan |  UGC 🚙Travel with Kids Tips & Hacks
29198455,jalicia.monaa
29198553,therealdevhani
29203587,maleena.jumpp
29203875,alexbrindisi
29203879,sshannalii
29203918,daniellecallas
29204001,jennaleahy
29204296,qiqialodia
29204347,christinesellsdallas
29204446,Jenifer Atallah
29204705,itsalexiselliott
29204885,alexislburns
29205437,claritywithkhal
29205443,alexainthehouse
29205628,jessicamadrigalle
29205829,ericaayalaxo
29206081,Alyssa Parra
29206086,simkalimca
29206248,aleshas_athletics
29206340,alxppt
29206692,donyb_forreal
29206773,Alex Huynh
29206818,Dominique Alison
29206871,_alinaaaa
29206989,Alexander Hinsky
29207552,Mirna Montalvo
29210168,Bayla Ryal
29211566,Svetlana Kapralova
29212308,Isabel Palomino
29212375,taliyahugc
29212803,Sara Duval
29214192,valdez.maria53
29214493,callme.tyler
29214501,alisasbrain
29214537,Natalie Pham
29214716,allimaxfield
29214856,realmomvibes.pr
29217456,krystalstoabs
29217758,quinnetalbot
29235011,moralesliliet57
29235181,Annalise
29235520,floxsocials
29235893,aliviaa_t
29235894,aliciacatherineee
29235896,thesisterdeals
29236076,nataliestringfield
29236762,allieapplegath
29237749,mialeilan.i
29237945,ally.koscinski
29237958,ashleenatalya
29238035,sarahparis.official
29238044,haleylong_
29238056,Allie  Barron
29239553,royalty9mason
29240034,mailimalagon
29240039,Saleena Ortiz
29241755,Alan Wieder Bad Drawer
29243127,kelsiquicksall
29245056,s.dialdesigns
29247376,natalikozlowskaia
29247508,tashralewis
29247978,Zara | Social Media Manager
29248127,allthingsaleea
29249447,Alexzis M. Brown
29249722,Josefyne 🪭 Festival Fashion
29250108,Dominique Palafox
29250425,menthalgoods
29252327,Ke Sha’Kial
29253732,Steven Green | Global Big & Tall Model & Creator
29254390,Aliah
29254636,Alejandra Maldonado 🤍
29257333,_andresalfaro_
29259027,alexisulisoc
29260932,alinasaraf
29261145,Salise Marin
29261674,stephcaldwell.ugc
29262167,alexandrajennings0530
29264517,healthier_ever_after
29266156,Allie Nicole Tomlinson
29266232,megan.alea.photography
29266399,Gabriella Papale
29268902,Shaleea Venney
29271066,alindenberger
29272093,stephrainierwalsh100
29278141,serenalrusso
29279454,alanirobinson292
29281318,Albita in California | Food & Travel 🌎🍽️
29283038,Jackie Alpers
29283196,Alana
29284039,Rebbeca Salazar
29284796,Alondra Martinez
29286204,Aliyah
29286544,Karen All
29287072,Paige Palmari
29287378,Journalist & Content Creator
29289789,Natalie Vasquez
29290314,Meredith Michal
29290587,Chalice  Rafaela
29293368,lovesophiaalexandra
29293690,samanthawaldropugc
29293716,kaylalynnlindemann
29293725,tonigambillrealtor
29293734,belinda.adalyn
29293750,keekeethenatural
29294345,emailbrittanyrealty
29294661,ritagyawali29
29295578,sally
29295665,trapssical
29296735,CLAUDIA BALA | UGC CREATOR
29300037,aleighna mejia✨
29300238,aaliyah
29300292,Hales
29301207,Kallie
29301825,nalanivivian
29302082,Haylie Allen
29304805,mikailavaleria
29304967,athaliaadouko
29305003,alyse.novo
29307957,Orgonite ‧ Crystals ‧ Art
29308272,jasmine_kaleigh
29308889,towandalparker
29310672,deralle2004
29311028,walkinggoldmind
29320485,Lex | Social Media Manager | Content Creator
29330747,Lorena Alejandra
29332843,ALTEA
29333203,Lalaina Duncan
29333582,aletha88
29335323,alice__moffatt
29339537,jadaallure
29340823,curtin.alyssa
29342618,Jasmine Alexandria Zaki
29347852,Natalie Mccarter
29349295,Mary Alice Roach
29350414,SHANNON BALENCIAGA
29351986,Chan'tal Simmons
29353247,Artrice | Dallas Beauty Creator
29354763,jalessamayo1
29355555,Kendra Joy  | ATL + Global
29356258,alejandrajrf98
29358918,JILLIAN ALYSIA
29359387,Salma mohamed
29360454,isabelcalaba
29363722,allthingstamera
29364255,natalie.romano
29364300,Chris Valenzuela
29364336,mralbiter
29365034,kamrealeeia
29366617,xbjay2crucial
29369105,Shikha Pandey | Recipes + Real Life
29369216,Brandon Bala + Jorge Maestre
29370275,Hadlee Garrison  MPH | Health Coach
29370711,Rhonnie Mapp📍 Raleigh Personal Trainer
29371092,BRITT 🌿 ATLANTA HEALTH & WELLNESS COACH
29371339,Mochi Floof the Maltese
29371543,Danielle Marie Lazala
29372464,Crystal | Chicago content creator
29377268,Dora | Digital Creator
29378833,malusoaresyt
29380137,aliastlouisugc
29381111,callie howard
29382225,Alicia McKenzie
29383399,Susan Dale
29384820,alidomurat
29385587,PALOMA🕊💄
29386498,the.reallashqueen1
29389219,fabialemonier
29390150,hungryindallas
29390153,Kali Russell
29390656,contactsallymae
29391041,Crystal Gail Crawford
29392458,bybinalshah
29392586,LizBoatzVisualz
29395407,dantemarshall
29395412,stealldou
29395688,Micah Baldwin
29397573,Natalie Magee
29398377,hqueralez
29399168,Formally known as “Cosmo Moca”
29401476,dtunstall1
29401616,mealsbyadi
29403767,alitiavan25
29404992,nataliavelychkom
29405175,alexsandrakingsbury23
29405506,lehlani cavallero
29405541,Valeria|Healthy & Easy Recipes
29405798,Sydni Allyse
29406275,aleenasdickson2013
29406378,avilayexalen236
29406555,Jacqueline Gonzalez
29406787,alfrestevens
29407100,kyleemariehale
29426736,Alpha
29426867,theoriginalceddyced
29437454,McKenzie Malone
29440829,Alan Daniel Salinas
29441942,Alexandra Walker
29443634,Tiffany Drysdale Lombardo
29444092,Alyssa Delano
29444572,Analy Castaños | Fashion & Lifestyle Content Creator
29445487,Jonjalee Hap
29445778,Tonye Iyalla
29447441,Jen Rinaldi | Amazon Influencer & UGC Creator
29456286,hallieshakur
29456857,LoweLifeMediaLLC
29458787,Vanessa Goncalves
29459383,Callie Marie
29460230,Arielle Thalia • YouTube Mom
29460723,Emily Kalinowski ☆
29461157,⠀⠀⠀⠀⠀⠀⠀⠀⠀ ⠀⠀⠀⠀⠀lanz/lana/Alana
29461279,Alina Sepanski
29461441,kristinavalois
29462246,Genielynn Palacios
29463994,Alessandra Taryn
29464671,heymadelinesocials
29465538,bre_legal
29465542,Hormones | Gut Health | Emotional Healing
29465583,alysss.c777
29465718,alexhigdon_
29465722,_juliealison
29465760,alonamavrinskaya
29466312,madisonhaleybookings
29467559,Brittany Bell | Real Estate • Investor
29468342,rabinadahal60
29468638,Gabriela Arevalo
29468983,thechinenyevalerie
29469207,Shaterria Breazeal
29469570,Kiara “Kiki Said So” Walker
29470412,partnerships.racheal
29470850,ralindam81
29470891,h_stenwall
29470963,dwdoesitall
29472173,valorie allston
29472575,ChefDeborahDalFovo
29474687,medicaljasthetics
29474869,Alexa Flores
29474894,kaliperfetti
29476285,Alessia Lisa
29480098,ryanlreal
29480355,allyziegler
29480845,jillian.duvall
29480935,alysonbaxter__
29484109,Salina Marie
29484603,aleciamcgill31
29485028,tamaraletisjp
29485319,helloaleksa1
29487587,Briley Hale
29488377,Aletta B.
29489058,tianalanae20
29489312,Tati Salia
29489336,Taylor Palmby
29490375,Official Kyrah Crosswire🦋🦁
29490666,🦋Anaialynne🦋
29490776,LIANNE ALMEIDA
29494845,alyssa jorgensen
29494972,Rubi Valencia
29496281,alexa jo palmer
29499729,phyllisocial
29500758,zackfinancialmarketing
29500819,digitalgoaldigging
29501874,kaishalece
29507081,Officiall ʙᴏss™🦅
29507089,Viviana Valdez
29508671,Tiwa | Dallas content creator 📸
29509537,_alicia.bianca_
29509725,Thalita Angela
29509745,alluredbydesign
29510182,alisa96m
29510605,alitamelosa
29513216,salam_hassoun2000
29513966,Britny Walter
29514043,zayethialex
29514335,sshanicemalauulu
29514723,jessicalabbemarketing
29515082,tatianalynn44
29515270,chloeviawalker97
29515336,sharmaalina84
29515401,healthcoachsarah77
29515573,alliyahmiranda4
29515947,Jasmine Russell  REALTOR 🔑
29516222,alinakazak1997
29516426,Kaliyah
29517874,Bimala Rai
29521928,basicallybri1995
29523782,Natalie Zaranok
29528969,Isabel Hallows Hawkes
29529536,Dayana Ruiz | Repostera & Mentora Digital | Miami
29532680,natalia azad | coach
29534553,Mursal ✨
29535917,Kendall Waller
29537403,Jessica Kalagian
29538979,Freesocial
29539031,salsasmagicsauce
29539075,brittanypitalo
29539082,galeher.home
29539334,realskindiaries
29539345,Alissa Love
29539378,mulliganthemaltese
29539432,letsshopwithcristal
29539494,therealworldoflili
29540113,paige | houston/dallas foodie + more
29543636,yaliscommunity
29544748,pereznathalie12
29545128,hello.alliecollabs
29546015,Allyssa Jane / Pretty Pure 🌸
29546593,valeriemmedina
29547907,𝕎𝕙𝕚𝕥𝕟𝕖𝕪 𝔾| Dallas Blogger
29548210,southerndigitalcharm
29548241,professional.bgf
29549009,real_skin_84_
29549467,gizemmvurall__
29551468,mariela__salado__
29552481,angelescaraballo23
29552896,carliealbies
29589859,Brotha Malcolm
29591477,Shoni Alleyne
29591765,Kennedi Walker
29592769,Sheridan Allen
29594588,alexyn renée steiner
29596432,Mally Magickal
29599149,Allie
29601287,Alicia
29601423,Allthings_dess| UGC & Beauty & Lifestyle Creator
29601607,Deja Gonzales
29602104,Diamond Baldwin
29603422,Ali Farahani
29606055,KALESEYA ALLOTEY
29609778,ALINA
29610748,bourdalakeisha17
29610941,jallohejah23
29611186,Gregory Neal Jackson Jr.
29611573,Veronica Fraley
29612544,rprevalon
29614270,Haley Herina 🌸
29617563,Katie Allen
29625072,crystalseay14
29626098,Allie Elliott| Intentional motherhood+Christ centered habits
29626109,Alexandria Balzer
29626324,ALEXIS POLITYKA
29626347,hammonsaleshia
29626700,Alaysia Joi
29626948,Digital Diva | NJ Blogger
29627688,wildalee_07
29627746,wanzaleftwich
29628726,sims.zalana
29630287,kaleb.tinker1
29630884,amberkayesocial
29631053,csotomorales22
29631090,briannawal94
29631455,alysahinfluence23
29631660,nikalee21
29631819,latisha.allison
29631974,digitalwealthysarah
29635988,yovalinapichardo
29636345,takishia.walker.creator
29641193,McCall Carlie ™
29641821,Justin Almeida ✪
29643330,Alicia | Health & Wellness Coach
29647082,alexaugc.collab
29648293,contactreallifewishes
29649233,Kait Zavala Koertner
29649459,fgqsocials
29649505,nataly.j.ugc
29650387,agperaltaleon
29650586,tiffanytraveltales
29650836,kalinamalinaov
29652001,Natalie Bornacelli
29652200,jeannalynchugc
29652359,alex cetti
29653376,maddiestallings_22
29653383,socialworkwithlovee
29653387,alexisinhtx
29653482,bicoastalmomma
29653524,Alejandra Torres
29653532,bornwithahalo
29653592,specialsunnydays_
29653775,arugalyssa
29655443,callmehomeyllc
29659452,Kimberly Carbajal
29659712,SELALUNASMR
29659767,Manal Asad ∥ Content Creator ∥
29662508,Ashton Waller
29662872,tori.ralston
29666433,Callie Horner
29668794,niraliparekh02
29668891,Saravanan Annamalai
29670619,kenneshaallen
29673321,polina.pikalova999
29673504,Natalie Jambazian  LMFT
29675326,Julian Bell | Dallas Cinematographer
29678076,Alex Goldstein
29680078,💄Kristal🎨
29680676,Katz Salao 🇵🇭
29681062,ALEJANDRO ACOSTA
29681719,Leon Spencer III | Online Personal Trainer & Nutritionist
29682103,spazgyal
29685608,ANALLEY PURISIMA
29686355,nathaliebernier_
29686769,salewaojo.mua
29687336,Diane Flores • Midlife Health & Hotness Coach • Podcaster
29690344,Sarah (سَارّة) Foodie • Lifestyle • Seasonal Travel•Events
29690515,talkology32
29690910,Crystal Tran
29692601,valvesna.visuals
29694238,Onyeka | Luxury Lifestyle & Wealth Mentor
29695418,Deborah Alcantara
29696500,Sallam Still
29697263,Rosalee
29697596,aaliyahbonita
29699678,malory_jimenez
29699926,⭒ＮＡＴＡＬＩＡ⭒
29701411,Maaliyah P
29705989,Ally Gordon
29706940,Growing Gray Gal
29707253,Linda Saltos ♡ 🇪🇨  Chicago
29709829,magdalena barnett
29710132,Alexis Morton | Midlife Mom lifestyle ⚡️thriving
29710526,Stela Sallaku
29711902,Rilie Nall
29713961,Crystal K
29715982,Avonna Loreal Mcneill
29718689,keonalove17
29719109,treasureval45
29719117,loveshealou
29719157,maxine.mcdonald
29719242,mishalashay59
29720156,jasmine Valdez
29720610,Chaleycia Wright
29721266,Mallary
29721996,Martha Krejci | Personal Brand Strategist
29723354,LEGAL !💦💥
29723903,De'Juana (DJ) Mallory
29724695,Jazmín Valladolid🇲🇽
29725043,Nalina McShane
29729285,hopkinscrystal977
29732598,allipross
29732602,Anastasia Walker
29732604,natalieideh
29732630,Stephanie Sandoval
29733027,naomimalia
29737883,Steven Gonzalez
29740547,lissettesalazar
29740571,Dallas  Combs
29740621,alyryann
29740645,officialprincesslela95
29741793,ruby.wallace1
29741802,Danyale Jordan
29741828,Ally Speaks
29743049,crystalross122983
29744945,nianialucas
29745011,lasharamcdonald
29754574,Stacia Walker
29754894,Rental Realm
29755019,Chey Donaldson
29755039,chukwuemekaalum
29755309,simplydigitalmama
29756157,alexisburriell
29756474,Katina Qualls
29756862,lleptocephali
29770091,Alyssa Roberts
29770136,PAPERS® | Organized Planning  Intentional Living
29770141,lifeofcallieelizabeth
29770705,monalissy_
29770911,kennakalways
29770943,kaleiyasmommy
29771481,Bralyn T. Page  MPH
29771575,talya.tillman
29779547,ashley salazar
29779724,⋆ Alyssa Zayas ⋆(Uh-lee-sah)
29780135,selennaa.leal
29781326,tiani brook malavé
29782846,Allison Hardy⚡️Biz Strategist
29783054,Krystal | Dietitian & Speaker
29786533,Natalie Pham
29787160,brittany.urbansocial
29787470,Valenzuela Fernando
29787957,Cali Ryan | Motherhood + Postpartum
29787974,Diana Jenkins | lifestyle + toddler meals
29788114,Noemi | Balanced Healthy Life for Moms
29788194,Alejandra Toro
29788629,Yavanté  | Dallas Creator + Influencer 🫶🏽
29789306,Alyson Lands
29791433,mcnallyalexis
29800148,Really  Are You Serious?
29802118,kendallaellis
29803026,Caroline Royalty
29803913,kaylarandall
29804391,Dr. Aerial Ellis
29805183,Diamond Alexander V 🦋
29806078,larisalarina.nyc
29806331,Emily Rallo
29807125,allisongappa
29808878,Carmen Hall
29809900,Alexis Brown
29810991,jocelynaleenafoster
29811178,dahliamzavala
29812876,rafaelinaperalta
29819092,alignwithal
29820228,alicia
29820241,STARLA | DIGITAL CREATOR
29820604,chantellcrystal
29823720,LaChelle Walker
29825164,Alessandra
29825505,Alyssa Parra
29825533,naturallydayseye
29828821,Atlanta Calligrapher Engraver - Maria Harwell
29829931,SAL
29830028,social
29830618,alexandraezeigbebe
29831687,SAL
29833695,pallavi hon
29834485,rosalumen.revelio
29839577,jackdifalco
29842015,Paloma
29856099,xoxobrialee
29856524,kylamalkani
29856536,manisha_nawal
29856554,celestemgonzalez_
29856574,carlyhealthyeats
29856585,lindseyhalter
29856600,melissa.mcalister
29856609,daniiiiival
29857033,Ali Miller
29858738,HotTeez DigitalDesigns
29859902,koenighaus.alicia
29860487,sewwhatsalon
29861968,Kale
29863238,Andrea Stallworth
29863635,Kristine | Full-Time Travel & Real Life
29868766,Allison
29870324,jerandjealin
29870451,bicoastal.bebe.partnerships
29870678,Mahalia Jessup
29871238,nataliamurillo.architect
29871320,talkfullofplay
29871942,briannamorganmcdonald
29872173,Alexis Robinson
29872317,Natural Mami
29872515,crystalallen98
29873483,howarale000
29879877,Redes Sociales Marketing
29879934,Al Willis
29881501,chandscaglobal
29882287,Krystal Brown
29883219,dunn.alexis18
29883307,natalie
29884035,alijhasears0610
29885860,hillalexius93
29886858,jalesa.mone
29886896,shakelialane12
29887384,Kelly Mendenhall
29887544,jrodeneal
29887561,natalie.j.christensen
29887565,allisontucke
29887579,latashalangfordd
29887640,halibee
29887663,tiuanawalton
29888824,morganwalden0912
29900940,theshealyfam
29901040,aliceaffiliated
29901046,haleyyy.blair
29901059,samalu91creadoraugc
29901263,theofficialjayj
29901303,alittlefashionendeavor
29901497,xlunalo
29901575,jessicalorenahh
29901604,aliedreselkirk
29901674,haleykendallcoker5
29901693,thedigitalbossbrat
29902039,totalpolishedchaos
29902119,almaarubii
29902141,alliemacc
29929108,Ash Ali
29931241,a.zalesov
29931544,tiffcallabsugc
29931738,OFFICIALD.J.L.I.B
29937573,nikales31
29941205,Allie Wortmann
29944839,Ethan Baloy
29948029,alexeimang
29948794,kassandra.leal
29948853,Shonlanda Alston
29948864,niteebeal77
29948900,alfonzobrand
29949545,erikalaree93
29949712,mcdonaldcynthia
29950161,criistalsalinas
29951500,aliciasharnice
29952130,mnievesofficial
29953402,Callie Anne
29954375,TheBlondeMeatball
29954439,Healthy Hair And Extensions
29960951,Jamal White
29961341,James Canal
29964055,alejandrasoto00
29964071,beccawalshin
29964120,celestial_tales
29964148,allison.baek
29964435,Alyssa Banks
29964916,Alisha Banks
29968464,Alexis Bassuener
29969039,Guadalupe Hernandez
29969294,JENNIFER HALLETT
29970485,altogethercreatives
29971314,alima.blackwell
29971984,justnathalyj
29984291,Talia Razin
29986174,azaleah1211
29987110,Original A A Pud83dudc83ud83dudc51(Im Abeke)ud83dudc93
29987559,reaLLifeprincess.👑🤤
29990644,Allana De’Nai
29991114,tiana_aliyah
29991272,sashasales216
29993455,thefanihalley
29994289,blackburnalicia
29995015,kaleighprecious
29995868,allisonhreynolds
29996852,brendaalmeidaadao
29997869,valencia_edwards
29998464,therealebb22
30001175,alexis.renee02
30001949,totallyhannahlouise
30001958,malyurimart
30003017,haileymalinczak
30005768,kymbalii
30006503,Alana
30013391,chelfalanah
30014214,alexandrao7589
30016276,oliviapeal
30016473,trill.lala
30016680,allyanthonyy
30017992,theamaylakalluri
30018184,Alayna Law
30018516,allthingstrish.h
30025879,Dallas💋
30033782,theofficialhattie
30043478,haliemwest18
30047080,alexusstandfield
30051013,Buchis Al Aire
30054506,jaliyahlaperry
30055733,Kendrick McDonald
30058386,michelleayala91
30059950,cutecalcutta
30062609,jenneal97
30066346,Krystal Brown
30074903,johnkniffindigital
30079804,Jalyn Jackson 🇧🇿
30088297,jocele amaral
30089253,gallery.de.eve
30089837,priscilabrasilvidareal
30090041,therealmarrowz
30090099,brickwallshop
30097935,alenakilyukh
30098392,CIARA RAYSHALL
30098878,cevalentino1
30099729,Courtney. MB Realtor
30100042,Aliyah A
30100825,Valeria Gisel
30102124,STEPHANIE RIOS | PERSONAL + MOTHERHOOD
30106734,alexamckinniss
30107971,Ali Aguilar
30110141,👉 Official Jianetti Page 👈
30110698,alittlelessworldly
30111395,jennydale456
30113735,Nahally
30113795,Kayla Palmer
30114117,daniellealis412
30116372,Danielle Morales
30121825,Natalie Woodfin
30122363,Essential oils | cozy life | clean home
30122722,Sable Dalton
30129157,caldwellivory51
30130382,alexiswooden4
30130398,Krystal Davis
30130723,alltingzmel
30132599,alexisjaelopez
30132760,Ali Castillo
30132855,.nataaaliie02
30132863,nataaaalyy
30132947,promua.aleah
30133470,l_ray_al
30133482,malary.d
30133739,alanaxo87
30133749,caitlingraceallen
30133864,thealymatei
30134652,alycenoble
30134793,sierraleone219
30135099,meeknomillofficial
30138083,aliciaml95
30140450,britney.tallman
30140606,Quiana Cato  BSHS  Interior Designer|Real Estate Investment
30140912,natalie.wagstaff
30141284,jasmineallen.collab
30141526,mali.flo728
30144127,navjotkamal
30149441,hendersontiannal
30149847,Melissa  Hale
30150031,simplydanicsocial
30199732,meganwalker2016
30199789,Jessica Salas
30200163,galciakathia
30207918,alexenorton
30208039,allthings_aerial
30208132,Kendall Paige
30208226,jasmingalindo01
30208273,misspaolasal
30218870,ALESSA
30225028,Joe Valdez
30238320,Valerie
30238390,alaina.fox
30248842,garzaarriagallc
30280561,evillalobosss
30280746,extracellestial
30280754,sydalexis18
30285151,Andaleeb Danial
30287883,healthynourishinglifestyle
30296111,Jeramel Calderon
30296453,meetalipatelusa
30301560,ALBE RODRIGUEZ
30304551,tealmoondesign
30308808,jakavia marshall
30308814,jeralyn.guadalamar
30314754,kitaleonard6480
30314826,lanalineny
30317018,stephdallara
30317057,clarissaalexis
30317137,annaliagutz
30317155,maleah.matias
30317576,magical_minhdom
30317635,Brittani Alix
30319077,Michelle Allan
30344266,natalielujan92
30344723,karl.duval9
30344739,guadalupe.rivas1119
30345066,alexandramezzza
30382420,scalzullia
30389798,Alicia Mathews
30390396,𝙹𝚘𝚗𝚊𝚌𝚔 Abdullah Al Mahamud
30390765,thatgaljenna
30391092,Pallavi Agarwal - mom fun blogger
30391327,Alex
30392306,Crystal Marie ~ Plus Size Affordable Fashion | Lifestyle|
30425038,malaikiasavage
30425211,aliesegrish
30492844,octavialloyd_6
30494742,briannaleach3
30497774,lilly.kalyuz
30497847,gallygal
30497914,Alicia Hawes
30497984,Natalie Jennings
30498025,contact.jensdigitaldiary
30498030,loreal.ross
30498205,kalyntharris
30498265,valerieramirezmedia
30498657,Brandy Dallas
30498734,katpalocko
30498748,adrianelianaofficial
30498758,altia Fortune
30500120,jasminevalcinpr
30501268,ihartsocialstrategy
30501452,Aleigha Ward
30505605,alesay
30506366,allende2017
30506386,Aliyah Ware
30507312,Dr.Insiya Sherawalaud83dudc8b
30509320,karla.morales
30510934,officialefranklin
30511877,dasialifestyle
30512566,tianashalfdozen
30513145,alajasia
30513869,asialpritchard
30517531,Valentina Contreras
30522936,alanaallen360
30526921,wallberry9154
30547353,Sirma Altinok
30547689,ranishia.allen
30553187,rdfalc
30553444,foreverfacesocials
30553941,alexiatyler6
30554020,taimisalvador
30554071,Oralia Escutia
30554130,vivaladiva_mua
30554345,ashhaaaleee
30554357,alexisgrizell
30555429,dalutries
30555629,alyssafarnsworthcollabs
30555969,caitlyndalessandro
30555989,kyana.donaldson
30555991,selinamdallas
30558508,haleyychung
30558805,maliyahnacole
30572577,Aliyah Joseph
30572932,edmeefaal
30576374,allycatdesignsco
30585657,Kamryn Hall
30589203,Chloe Alexa Cummings
30595512,jalene Duressa
30595567,Allison Bearden
30595632,mustafaalismith
30596568,alexiskaluzny
30598340,kvaleriaevans
30599550,Alexis Tuggle
30599978,alexiismuacollabs
30601547,alexaeefting
30601699,angelicaleighw
30603276,allieeddy
30603284,Alexa Fair
30603318,therealerinjeanne
30604811,aiyanalashaicollabs
30608898,its.zezeofficial
30609134,Lala Shaw 🖤📚🌸
30624470,audreysocialcollabs
30628828,creatingdigitalprofits
30634019,Brinda Kamalia
30634640,Patricia Gonzalez
30634733,Amirah Allen
30635039,Krystal
30635095,mountainmamahealthandwellness
30636095,emilyalhome
30638618,theoriginalcassidyyy
30638815,balandawilson
30649553,lexuswalters2012
30670876,Analisa Carrillo | Conscious Parenting
30673341,ashlioutcalt
30674261,valerieclyde1
30674864,Dr. Brooke | DO | Internal & Obesity Medicine
30675284,Olivia Tanaë Alexandrá
30682154,mntnalina
30685014,alizae.ganaway
30687593,piecesofpayal
30687743,alexahadleyfitness
30687757,hirializocasio_
30688123,alli_cara
30693633,alcerroclaudia13
30699678,jessicalynnbuerg.partnerships
30699881,thesiterialastarr
30700590,aleegonzalezugc
30701003,valentinagarcescollab
30703364,Totally Tanisha
30709467,merewanjemal
30709858,aimeetaliaa
30710785,annalorenhome
30711823,allieamcginty
30720160,Jessica Hall Design
30721147,dominique.haldar
30727778,Callie Shimek
30730711,valenciacarillo1
30733433,alyssadyak
30736294,crystalcstoute
30737308,authenticallykeithaj
30737484,collabwithnathalia
30740395,thedecornatural
30750066,aleshia_smiley
30754271,lifeewithalexandraa
30754878,thejulialife
30755118,alexiearmour
30770772,alym.socials
30771483,crownalexus
30774205,Bill Carmical
30777754,Destiny Walsh
30779238,barsallo.carmelina
30780009,kristalautumn
30780062,kiannalizzette
30780296,13jennaleigh
30780401,its_sahara_ Alonzo
30781593,rafaelalcm1
30782753,mmalicrn
30785558,linadejesus.oficial
30795291,Alizah Johnson
30796348,glittergoalsandsoul
30799644,balmanteeunice
30824825,Alex
30824836,Allison Kemp
30825201,emmalo.ng
30825536,walkwithbri
30825794,annaleighcole
30825836,kayleepalmaa
30825841,walnutthefluffycorgi
30826644,andrealedezmadecor
30827307,Loraina Calderon
30836517,Khaliyma Johnson
30837238,sandra.callau
30852963,juliadali
30853119,alyssavangi
30853121,khaleesi2483
30853136,alliemaeonmain
30853149,mamalysi
30853150,alysssssajo
30853208,karishakala
30858140,gabriellalock0
30861744,shelbybbaldwin
30866267,tinapal2025
30867310,terialina
30873555,iryglowessentials
30875301,nashalynails
30883234,alwaysssstee
30886316,nataliephan.w
30886510,Haley Orrock
30887055,alexsnyder18
30889983,socal_boho
30890226,alyssafulton__
30890397,margie.california
30890470,alextaneyhill
30897709,alliswartz30
30897766,Geraldine  Feliciano Rodriguez
30903888,ingoodtastedallasinquiries
30905317,casallasgram
30905387,calimama13
30905395,loveritalynn
30905524,vivalabeckyy
30905553,itsgottabevalerie
30905606,Alyssa Dressler
30907330,haleyvanautreve
30926894,shinalarke
30927526,Jenna Palladino
30928304,kalishea1437
30931666,danicalles96
30938245,crystalstanley70
30939109,Janet Hall
30942072,alexxisfrank
30942090,alena.m.ugc
30942426,millennialmamagattoni
30942430,alexandranicolecardinal
30942437,alyssapfled
30942449,_annalorenn
30942730,Alana Fuscardo
30942801,breanimal1125
30943025,Callie
30944105,curvalish
30959113,karlacastropalmero95
30960738,alleyezonfindz
30968181,kaelyndovalina
30975837,Krystal Leverson
30985450,actualized.af
30985470,kierralikes
30985523,mariaaldape18
30990375,khumalo.denise
30993142,Bilal Nazari
30999637,ingrydpenalvert
30999862,mamalexugc
30999917,Jasmine Valdivia
31001269,valeriaguad03
31005410,Tech.nically Blessed
31025677,Crystal Lee
31026129,alyssasnyder593
31027018,paulacdigitalcreator
31036077,nathalia.brockman
31037659,minamccallum95
31050659,Mallory Wackerman
31050894,schoonoverallie
31051614,TalktoLiset
31089317,Nayeska Bernal
31207038,marynakoval05
31207191,Alicia Nelson
31207423,Allie Cortes
31209476,contact.yannalove
31209488,leticyaabdala
31217372,valenmanzanilla
31224298,createdbyallisondc
31226010,kalena.bentley
31229630,breezi.socials
31234967,lisalaric
31252489,alexisweishaupt
31254669,andersonavalaun
31255937,reem_alissa
31258970,salenasfinds
31259094,frugalfamily6
31259299,dyn_alva
31259381,krissyandkalli
31259410,alexissnoelle
31263795,isabellamorreale2
31269776,daniele goncalves
31274420,liz.alvaradougc
31274471,alo_gvm28
31274556,Nazvill jane  Malick
31274648,allyrohmann
31274728,kalahkay
31274877,tyshicalawler
31284357,galpracticalabby
31346891,donna.c.disalvo
31349189,crystal.espinoza.marie
31350714,asaleanneugc
31352663,jayaashalinni
31370980,mairelkisalfaro
31388465,ashleyhalvers0n
31388515,mamalis
31388647,alasia.luv
31388664,_alyssa.martinezz_
31394440,Dallas Dudra
31399298,Alyssa  Gabler
31414917,ivanac.valle
31414934,thekallumfam
31414952,carscali
31415002,ehatala01
31415158,champagnealy
31454812,allysonliger
31455057,raleighhairclub
31456096,odalysharris
31473246,halffarm7278
31475371,lianamsallemi
31475465,hall.tiarra
31476932,hymerhasalison
31478335,rub_sal_786
31496369,alexandracarrilloo
31496650,vivalasammii3
31496698,alykate97
31498955,allthingsmariaa
31500550,asmonikalh
31540150,alexkunik
31545040,Haley Demi
31546994,ali
31570234,allzellbusiness
31575422,patmarchal1
31575582,qualisharhymes
31602805,jeralynconklin
31605172,Alyssa Rodriguez
31607286,Walter Gonzalez
31625944,Ana Valencia
31628191,mdanaline
31630026,contact.emmalacey
31630550,Allie  Chilcote
31660377,Rosali Rodríguez
31668235,Alexia Torres
31668946,p.reality
31696363,realmomfinds.collab
31696365,alyonakabatayev
31696376,Alejandra Rivera
31697059,amacaluso29
31697240,paleshnyk
31702728,gabellealynn.ugc
31702929,noalis05
31703788,iamdanalaon
31727905,Alisa Molina
31732808,facelesshealing.info
31765556,joannarwally
31767052,valerie.creates.beauty
31787031,authentically.jo
31787109,nathalibzro
31787125,keilafsalcedo
31790669,mayra.alarcao
31823976,alexisruggiero1414
31824021,sociallycie
31824700,missali1981
31865332,lasaldemichelle
31865848,aliciawugc
31866352,alexisreeves08
31867870,cali_lala
31868740,biancalp07
31875349,malaissasimms53
31875667,Kali Barisano
31876322,kdwalls0323
31877857,alongwnes
31880987,alexacohen.eatin.good
31882153,johnsonalea8
31882838,officialcourtneyyy
31882872,emmalinemae
31882933,Aaliyah Rubiera
31905303,lovedbyalijoy
31907820,jingalore9
31908819,malinagabiola
31910181,luisanalaroche19
31912897,tiarra.lauderdale
31915275,pamelaayala1975
31919064,nanaly20
31919460,haleycheatham33
31925533,kimberlygalla.ig
31925809,alexanderr.ross
31932499,dalihcie
31932897,emily.walkaa
31932953,iwalymontelongo
31933663,ALICIA ALLEN
31949805,findswithalil
31950782,lalkmaybri
31950870,kalieaswalker
31955163,carissalymanpr
31957220,dylanandcaraline
31957667,Bimala  Gautam
31957717,itsjessicaalexus
31959581,alexisphillips7
31962096,Monalisa Melo
31962461,danaleegill1
31965545,shiffali22
31968133,diamond.aliyah000
31970816,nataliejkerwin
31970845,Sarah Allen
31970868,oceanalii
31971169,kellysocialcreation
31971325,lucyalmanzarrj
31971403,karinaalegre_
31971420,balancedfriends
31972062,Jessica Altman
31975602,erika  gonzalez
32007396,katefallsugc
32007844,crystal.blueskies
32012595,altackitt848
32032116,~ALMA HAKIM~
32034575,Alexandria Green
32035348,sallgrim83
32075890,Megan Decker Gnall
32077000,alexa☯
32081918,amynicolemoorerealty
32106735,kaliebyrd19
32108348,raldania_21
32108925,talexiajohnson836
32109417,aliciadelgado729
32110087,flaviarecarvalho
32111074,Krystal Underwood
32111540,carleygracehall
32155987,taatianalobato
32156126,kaleninangolo
32174766,ALIECIA VILLALONGO
32176157,allthingsbeautypergab
32244165,groundedingracesocial
32246529,aliciadiz
32248090,ashtongaler
32248256,mikaylakristineofficial
32249125,Oumou Diallo
32249150,dallshoppin
32307259,aminahrtall
32308000,wellnessbyalyssa
32308414,llgallthings
32349505,gerald.davis1906
32355722,albrechtcg
32404963,g.malatesta
32423837,Talisha Brooks
32424191,pr.lizkaraliova
32425686,Alicia Renee
32427283,shakyra.talley
32428614,Alva Horton
32468077,clarinvillalongo.contentcreator
32511361,thalovelyone
32511362,"Beach Girl Bargains, Codes, Deals, freebies"
32511389,idaliaortizz18
32512649,allcuteandcomfy
32512703,ohlivialovespink
32512897,ialfriend10
32515983,Stephanie Balint
32563843,rachaelchristinesocials
32595948,amyvalbuena7
32595949,natalyabatchman
32596311,chagala_alyssa
32601750,therealpslayzz
32605578,deshler.mckaley
32613244,casuallyymani
32613268,ishasallll
32614762,theminimaljess
32614890,berlynn_gonzalez
32625465,Sydney Batallas
32626712,kendallrileyhook
32706043,bgallegos925
32718446,adelinewalkerrr
32718471,nathaalyyp
32718692,allypratapas
32718727,gio.peralta21
32719324,ugcbywalker
32725649,simplyneutralblog
32727044,mericalmade
32771281,jamiewalkercollabs
32808839,megscoastallife
32809416,mrs.shawnalee
32810012,paulalanius
32810062,kimberlychalmers
32810204,thebungalowthatbuiltme
32811046,saroyaltyx3_
32823342,allyse22stephens
32846858,fostercalyssa
32848303,Walter K
32860872,officiallymelvina
32861103,sohealthyofme
32863694,michalbendayan23
32866992,haleighnbarton24
32867137,mallorygodwin2
32902581,altaylorrr
32902622,yaneisylaerralliv91
32902623,its_leahroyal
32904292,luxwin.bala
32904635,beckymissal
32906659,mrs.kalenawilliams
32929104,alexshaeexo
32929195,kendallxbrooke
32930721,riddhi.official99
32937819,myfindsjournal
32938395,laurencatala5
32941810,rosalisantiago97
32942035,pr.kalendoscope
32942037,Leonora Kovalchuk
32942111,California explorer
32942429,naatala31
32942465,chelseawalblay
32942566,alinaryha
32942788,balancedgrowthdigital
32943335,sunshinehall1234
32998450,Haley H
32999199,Natalee Starkes
33057524,Callie Torres
33060480,odalyscreates
33067396,tntalliances
33069181,Alysha Tucker
33076357,nikkialonn
33077297,taliahopkins4
33084527,alemoralesofficial
33085463,isabellalopez708
33086536,nataliadarimargonzalezmarquez
33098910,visuals_by_averie
33099369,Shayleen Palacios
33112212,alysiafr
33114354,haleycpleasant
33114884,bexaressentials
33114945,magicallyness
33115694,alyshakeyz
33115710,salteblonde
33169397,lynpalmaa21
33170416,kaylyn_marshalll
33174147,halfstreetshop
33176741,yanakovali1990
33177431,mattklotzofficial
33177774,Aleen
33179327,alecasaymaternidad
33228863,mamaallie_
33228877,alisonryu
33229041,motifsbyamal
33232710,allysonmmead
33265491,alliedriscoll_
33265541,Imperfect Idealist
33265590,skinomical
33265592,aline.cortines
33265669,Ric Salinas
33265705,ashalooo00
33265728,courtneysmall7070
33266503,candyarchilavalen
33266961,juleskalt
33273663,kourtyalo
33319470,Sandi Falin
33326315,_beasalazar
33330503,jennjsocial
33387639,alexx_aandra
33388083,yesenia.salinass
33388462,thatgirllisalisa
33388583,officialashleyg13
33388585,alicia.l23
33388894,kountrykrystal
33389121,akwriiallz2
33389122,hospitalitykim
33390217,officialhannahhillman
33390271,dreambiginasmallworld
33390281,whimsical.daydreamer
33390339,allisonnelson111
33399328,alyssasangleandmore
33400699,nbalive22
33400813,jenna.leal
33441881,kalyn.jones2
33442134,sarahkabalen
33444634,shaepunzal
33444865,izzyyalvarez
33448122,livingjoalizacosta
33448854,jalevine84
33451782,stevenwduval
33452223,Aleah
33452402,kaleagrant.collabs
33452711,Alexandria Smith
33453009,natalyleal32
33456133,kelliessentially
33457983,Katie Sandall
33458932,Jasmine Small
33505774,commonwealthchic
33506885,Heather Walker
33511730,camilawagnersocials
33557201,pame_elizalde
33559652,alishook295
33559973,celestespalette
33560100,_saafisalma
33565280,dalvalux804
33589982,alexisgodsey
33590167,nataliablue333
33590485,vivalavaaal
33590509,sabrinalkerr
33590948,thehealthyishdish
33591263,aliciashropshire
33599066,greyshalysahm
33599311,missyhalle
33708673,lopezalaura11
33710453,zalinyan2105
33712281,galyagn3
33713244,Mallory Powell
33752920,allenaguilbeaux
33753383,goodvibesval
33753551,samantha.talks
33753669,heyy.halee
33753709,alishamfranklin
33754353,emmaleighlutz
33754366,bshayeallday
33754660,harlie.allen
33754978,onlyveevalentine
33758854,elizabeth.love.healer
33759134,analih.gu
33759572,reallifebrattz
33759808,vipgirlsbycoralys
33763792,jessicalcraft
33839251,q.calvin21
33844328,mirandalmarquez
33870664,naidalynn
33871378,Alexis Potter
33871687,valeriaanais_
33871689,mahalynnxo
33871708,momomakeupofficial
33871886,emcalce
33872632,Alexis Ryan
33874618,valcorsinicollabss
33900238,galvestongirly
33901810,gisselle.alarcon.r
33904803,delialhinfinity
33906049,aleblessed99
33958258,chatemal
33962394,academicaliliana
33982069,Ruth Gonzalez
33983154,allthingsshellshab
34018249,_iam_allie
34018271,jennymgonzalez_
34019271,helenalilyh
34025735,withlovealla.ugc
34028235,luanasalempartnerships
34033544,Madelayne Galarza
34057578,olgalazarets775
34059952,Lala Hydara
34060167,mrs.chelsealagua
34064496,thatfaithtalk
34065141,lauren.socials
34108151,leondal804
34167997,healingparker1171
34171338,Alyssa Somplasky
34175134,malak.jurdi04
34198530,Fatma Onal
34213036,alliea575
34216715,jadaleecollabs
34218729,alibarkley.ugc
34220319,creatingannalise
34221734,wearwetalk
34222152,haley.white12
34256422,nataliegbouck
34265094,alvmdj
34265771,jessycagala93
34325532,erinhuttonofficial
34378778,Kristina Calamusa
34382414,Haley Hutton
34406154,Valerie York
34409006,aaliyajo26
34414745,keericamcdonald
34415025,allisonswanderlands
34415248,louisehutsalyuk
34415691,ugc.annalise.davis
34415838,Gabriella Hidalgo
34416568,itzelperalta21
34417022,chelsealquinn
34476911,alexislpogue
34482290,Kaliegh Rogers
34484558,wealthandbloom
34544697,cidneycalvillo
34606302,alyssamarciano
34607719,yalenavazquez3
34690536,galv.stephanie
34709638,amycooperhomeofficial
34803854,Natalie
34804644,vangtungcrystal
34828976,vivianasalazarpr
34836352,Alexandria Hodges
34854001,arlenegabuya.social
34855402,jillene.ally
34856681,daliaamparo16
34856813,malasiak19
34870424,alyssamaxwellhome
34874488,alexisscales.collabs
34885647,valen.cortez
11448535,Kathlyn Celeste 🇨🇻
24418692,Isabelle Heikens
24418707,Kyla Marie Charles • Wisconsin Mom
24418762,Emily Watson
24418772,Kyla |  Home Decor & Interiors
24418773,Oksana | FOXYOXIE.com
24418776,Suzannah  Create/Enjoy Blog: Home Reno & Design
24418781,Diana Fernandez
24418796,followthefind
24418819,joineryanddesignco
24418822,Erica & Angelica
24445741,Shelley Westerman
24445786,Cindy
24472083,Rachel R. Simon
24472091,Charlotte
24472109,taya7588
24472121,Marche Robinson
24472122,Sara Visser
24472132,Michelle Averitt | Petite Style
24472168,hannahtyler_home
24669489,𝘋𝘦𝘯𝘪𝘴𝘦 🌺
24669805,Mady Maio
24669820,Andrea Serrano - Fashion Stylist • Producer • Creative Director
24669825,Kaytie Mo
24669831,bowtifullife
24669837,Jess Rochow
24669864,Jill DiGioia
24669977,John Baptist
24669978,Adriana Cicero-Oringi
24669983,Ruby Keyvani
24691076,👑
24691093,Jen Woodhouse
24691109,𝐃𝐚𝐧𝐢𝐞𝐥𝐚 𝐋𝐞𝐞 ⚡️
24691142,The Property Lovers
24691204,Deanna Dunn
24691209,Sarah Lynn
24790321,Jessie Ruane
24790331,Adetola Adetunji
24790337,Deb McCoy and Danelle Harvey
24790338,nazjaa amour
24790341,Fiona Chen
24790351,Charlotte | Cha Loves Cafe
24790353,michelle menefee
24790354,Jill Higginson
24790387,life.on.chatham.lane
24812826,Tony Tran
24812884,Audree Kate López
24812906,T U F T  &  T R l M
24812908,Sumaya Ahmed
24812920,C&C Renovation
24812934,Cameron Isaiah
24812945,Jamie Lyn
24835690,ashlee 🏁🧡
24835700,Liz Rishel | DIY Home & Garden
24835710,Jodi Bond
24835718,Lauren Beavers
24835719,Antonio Sureshot ud83dudcf8ud83cudfce✈️
24835727,Lauren Clutter
24835729,Janan Assaf Kissler | Home Decor + Organization
24835740,thekrislife
24886336,Kristyn Cole Bullard
24886357,Marissa  Herr
24886407,Carrie
24886408,jess.giffin1221
24886518,Jessica
24886549,Raina Monét
24934975,Will Taylor
24934998,Kornelija Collins
24935021,Olivia Flowers
24935029,E A R T H   A N G E L
24935037,Haylee Monteiro | High Protein Desserts & Snacks
24935046,Taylor Golub
24995969,Carly Belle | Traveler / Swim Model
24995996,Melanie Phillips
24996022,Katya Gribanova | model & creator
24996121,Erin Nicole TV | Luxury Beauty & Fragrance
25006118,Luke Wesley Pearson
25006128,Berlin | Vegas food + travel
25006129,Isabelle Huynh
25008049,Caitlin Tetrault l SWFL Creator
25008053,Tiffany Timmons
25008071,MENA ADUBEA
25008075,Red Beard
25008085,Erica Miller
25008104,Natasha Groff
25008112,Heather Wheeler
25014403,Elnaz Hamai
25014406,ariel hendrix | oahu  hi
25057850,Venita Aspen
25057890,Jessica M Hartman
25057940,ChicagoFoodieSisters
25074292,Kristin Lenz
25074297,Lauren Erro || Skincare+ Beauty + wellness || Nashville
25087479,Caitlin Sauer
25087517,Rachael Bliefnick
25087524,Jennifer Bryant
25091089,Ingrid Brown
25091583,Ashley Burk
25091587,dwellaware
25134400,SAUMYA RAI • NEW YORK • TRAVEL BLOGGER
25134405,Jenny Simile
25134430,Krys Castellano | Miami Mom
25134434,Ashley Sims | The Aesthetic Girl
25134443,a l l i e
25134513,CHLOE | FASHION BLOGGER
25134624,Afty💜
25135093,Victoria Simmone C.
25135099,Moriah McAulay | Beauty + Lifestyle Creator
25135103,ud83cudf3fGisélla Ramirez
25135790,EVERYTHING  ERYN
25135844,Nneka Mosley | DIY & Design + Lifestyle | PA
25244380,Stacy Risenmay
25244402,Aileen Bayliss
25244403,Toni Marianna Mogensen
25244404,Cacey Tacquard
25254332,Oscar Bravo Home
25254355,Karina Lopez Rogers
25311884,Monica Mangin
25311953,Ruth Largaespada | DIY ✨
25312092,Aboli Mutha
25312097,sawdust2stitches
25312191,chelseacannellbriggs
25312591,Martha Knake | home decorator
25312762,RACH
25312802,Kimberly Sutherland
25312805,kate
25312816,↠ j e s s v a z q u e z ud83cudf38
25312825,Doris | Houston Motherhood • Lifestyle • Food
25312828,SYD 🤠 | lifestyle & vlogs
25312839,Jeannette Burchfield
25312862,yamayamason__
25312866,Deborah Trette
25312929,ANJLK
25359243,Madison Rogenski
25359275,Lisa S Jacobs
25359534,DenayTheDiva
25359836,Amanda Jewell
25359849,Jen Lauren
25359918,The Sue Style File
25359937,littlelauren86
25360435,Jenna Taylor
25360439,Liz & Sam | The DIY Sisters
25360443,Meredith
25360455,Katie | Wood + Grace
25360473,Lisa Richardson | 40+ Style & Beauty | Nashville
25369013,Katie Crenshaw Lawrence
25369016,Jackie | One Top Knot Mama
25369723,curatedbyconstance
25410309,Melissa Johnson
25410349,𝐒𝐘𝐌𝐏𝐇𝐎𝐍𝐘 𝐓𝐀𝐘𝐋𝐎𝐑
25410406,NatMcRichStyle
25410423,peasinapod1806
25410439,melissafrusco
25588172,Jessica Cardos
25588176,Chloe Marie
25588192,emili egan | me + 3
25588201,Jodie | Michigan Interior Design
25588230,Christina Miller
25588236,Claire | 60+ Lifestyle
25588248,ASHANTI | PRETTY P ✨
25588283,Jacqueline Vargas
25588294,Hannah Mechler Lee
25588450,Brittney Zillig
25588498,Melissa Baswell Williams
25588504,MCKENNA HERZOG
25608745,chrissstttiiine
25609140,ELIZABETH | PREPPY & CLASSIC FASHION & LIFESTYLE IN NY
25609567,Kambria | Lifestyle + Beauty Seattle Influencer
25609587,Sandra  Bryan-Grier
25609592,Imani | Beauty Influencer
25635585,Breyona
25635609,user3040786045865
25635618,rhiannon :)
25635629,Kev_Kardashian
25635644,Abbey and Louie
25635669,Johana Flores
25635696,ELLA MONROE
25635738,wanderlustingfashionista
25661775,Synclaire Lawson
25679458,Chassidy Bridges
25679759,Lauren Elder
25679778,nildaflowerss
25709023,Blake Swanner
25709054,Katt Moi
25709634,April’s Barnhome
25709718,Danielle - North Carolina Creator
25711369,Sarah Carlson
25711374,Naomi Amber
25711401,L I N D S
25711416,livia✨🐌
25711417,KAITLYN CAMARGO
25711427,amber logan
25711451,d_sabatin
25711465,Tamela Clarke | Beauty & Style Expert
25711537,shyla cino
25711545,Autumn H
25711592,Lacey Odum
25755437,Yaseen Jawad
25755446,Emma Jean
25755468,Wendy Polisi
25755474,Derek Campanile
25768518,Olivia White
25768523,taymmoon
25768524,mads
25768556,Andreea Dan
25768584,Sharonda Butler Stewart
25768725,Lydia Doak
25768735,Kaitlyn | Detroit Content Creator
25768750,Tiara | Boston Content Creator
25768754,simplymadisynn
25768756,Michelle Foster
25776733,Kristina & Kayla Goosby- Taste  Adventure  Lifestyle Creators
25776735,Erica Baty
25776753,Anny & Rambo
25776757,Toni Bish
25776790,Maryam
25817919,Phoebe 💖 NYC Lifestyle
25817989,MB Mannino
25817991,sincerelyangelia
25818031,sydney_yourgirl
25818050,L I G I A
25818155,Barbara Teerlink
25818163,Yasmeen Murrietta
25818175,ELLE CHOI SON 🇰🇷🇺🇸
25818185,Teaching Joys | Shannon
25818452,Noell Jett
25820831,Arianne Bellizaire Interiors
25820834,glo.ssary
25820940,syd
25820954,Sofia Karam
25820955,Marcela Tapp
25820960,Kirstie Chan
25820978,Casey | Kindergarten Teacher
25821017,corrinagama
25821094,Angela Coulopoulos
25821098,Anna
25838430,Ashley Cox
25838439,Jenni Nowlin
25838441,Richie
25838459,roshani
25838465,Tiiffancy
25838570,Gabriela  sanchez
25838577,Chicago influencer
25838595,𝐊𝐚𝐦𝐝𝐞𝐧𝐛𝐨𝐲 & 𝐊𝐲𝐫𝐚𝐛𝐨𝐨
25838725,Brittany B. City
25838732,Cait Montoya ✨🌳 Boise Foodie & Content Creator
25838739,Marilyn Martinez
25838837,Camilla Thurman
25838843,Laura Godfrey
25911157,Ivy Rivera
25911188,Tiffany Sanders 🇵🇭🇨🇴
25911215,onlymianicole
25911296,DeAnna Stagliano
25927600,Monica Friese
25927614,Sierra Greimel
25927647,Tricia  Fashion Blogger
25930375,Libby May
25930380,bridgetcampbell_
25979991,Brooke
25979993,Brigette Ramirez
25980006,Ms.Crisssy
25980016,Lonni Smith | Houston Lifestyle Blogger
25980029,Julia Winn
25980053,Chann Little
25980060,Tiana  Edwards
25980077,byjamiemichelle
25981965,Ashley Guy
25981967,OZGE TATLIOGLU ✨
25981974,Yenny Hebert
25981979,aishabeau
25990317,Hayley Darcangelis
25990339,Brittany Manning
25990345,Brandy Gueary - Color Expert & Stylist
26066676,Hoang Vi Fessenden
26066691,Cassandra Williams
26066692,toastfromthehost
26066694,Carolyn | Everyday Style
26068353,Karen Tefft | Curated | CA | Brands
26068378,Lindley | Fashion & Style Inspo
26068388,ᴋᴀʏʟᴇᴇ ᴄʜʀɪꜱᴛᴍᴀꜱ | ᴛʀᴀᴠᴇʟ ᴄᴏɴᴛᴇɴᴛ ᴄʀᴇᴀᴛᴏʀ
26068394,Kathrine Eldridge
26068397,Shark's Bites Of Life
26068405,Nancy Ramirez
26068415,Cierra Robin Blogs | Motherhood
26068418,Laken Fitch Hammon | Nashville
26068421,Katie Bengson ✨ Affordable Fashion | Everyday Outfits
26068433,Hannah Parker
26245403,Louis Matthews
26245407,Kylie Trisha Chenn
26245421,Joshua ( Creative Gent )
26245446,blake_sass_
26248874,Lindsay Satmary
26248881,Sheek
26248909,Bridget Cordray  PA-C
26248973,JILLIAN ROSADO
26248975,Tiffany Hilton
26248987,anamarie
26249002,Laura || Motherhood + Life
26249006,Rachel Schwab
26249021,Jazmyn🤍
26251884,bailey
26251887,Betul Thena Yildiz
26262974,Danielle Perry
26262992,Claudia Jette
26263009,theinspiredabode
26263065,Soft Life Routines & Cozy Hobbies
26263067,Dijana | hazeleyesmom.com
26263072,LISA BURNINGHAM | Home & Style
26263073,كيرين
26263132,Clara Jones
26263136,Zoya Ahmed
26263373,Em
26263382,sunshinestylekatie
26271866,brooke faherty
26271884,Amanda Guan
26271887,CHELSEA
26271904,Kaitlyn Cassity
26271914,autumn rose
26271932,Heidi Jo Wells
26271968,bun_undone
26271970,peyton johnson
26271977,Jackie- Midsize Fashion & Beauty
26271979,𝕛𝕒𝕔𝕝𝕪𝕟 𝕕𝕖 𝕝𝕖𝕠𝕟
26271996,Kira Sutherland
26272010,jenicajo
26272038,Kendra Atkins
26344145,Fashion Consultant & Stylist
26344150,sotabitha_mua
26344151,Anna Cain
26370565,Macayla Hearrell
26372011,caycee07
26418944,Tiffany Redus
26418960,Yanill Lora
26419003,Marika  /  Breukelen babe
26419004,Faith Knight
26419022,Seyi Famuyiwa
26419030,MOD MADRE ⚡️
26419047,anahi garcia 🐆
26419084,munana0301
26419092,Tricia | Miami Content Creator
26419095,BELEN Buenrrostro
26419117,Samantha D.
26419127,emilymatzke
26419133,Ashley Jebran
26419283,KELSEY BYRON BREISINGER
26419291,SHELBY VERT
26419308,Shaila Godwin
26419317,savvyblondee
26419322,Sarah Wade
26419332,Lauren Toppe Thomas
26419389,Kristin Goodlow
26419392,kelseydecirae
26419410,angiecorsonstyle
26419420,helloleahmoore
26419524,☆ Marissa ☆
26419543,Shonda Miller
26438603,🦋tippy🦋
26438616,chloe montoya
26438624,Brigetta Truitt
26438644,Kiley Conroy
26438695,Jazmin Scheitel
26438698,Rechelle | SAHM 🦩
26438740,Janet  Smith // Fitness // Yoga
26438747,devon
26438755,ABBY BILINSKI
26438759,CHLOE
26438764,Blondie Gamon
26481159,BECKY PETERSON
26481160,Erica Canant
26481164,riley holifield
26481189,Jacqui Portwood
26481228,Cortney Lynn - Theme park magic ✨
26490415,Kaitlyn Edejer
26497669,kailey jeffcoat
26497675,mia gaines !!
26497678,katelyn hendrickson
26497705,Amanda Li-Paige aka 🐼
26497738,Illiett⚡️Creative  Mindset  & Wellness Educator⚡️Speaker ⚡️Coach
26497741,lacey dilworth
26497768,MEG FARLEY ᨏ OUTDOORS + MOVEMENT
26497797,Dominique Bird ♡  AUSTIN TEXAS CONTENT CREATOR
26497799,thehappeningsofkendra
26497843,iamsydneymyers
26497934,carly danner
26500572,Danielle Lucker
26500621,Lisa 🌸 Boston Content Creator
26500626,melissa kravitz hoeffner 🌈
26500632,Sarah & Leah •Twin Besties •NYC
26500669,Josefine Holmberg
26500670,Courtney Kerr
26500976,Lynda Irene Anderson
26501026,𝑳𝒂𝒖𝒓𝒊𝒔 𝑳𝒐𝒑𝒆𝒛 | NYC Blogger🗽
26546886,christa
26554453,homewithmel_
26555524,parisashleyhome
26558901,onassisandclaire
26559468,elmiraradu
26559484,presleylholley
26560222,limsieben
26576363,ANITRA | Home Decor & Lifestyle
26576366,aileen 🧿
26576373,Erin Costa
26576388,mrtnzfashion
26576389,akhan0424
26576403,Jonny Carmack
26576954,Emily VandeRydt 💕✨
26576966,This Unfiltered Life
26576984,hairbyhannahfisher
26577021,cowgirl_yasmin
26577090,megthings_
26577795,SARA M MACHOLZ
26577830,marykatenix
26577856,jacklyn._anne
26585643,Layla  BSN RN
26585666,Hollie Woodward
26585678,Shauna Robertson
26585685,Laurie Durante
26585703,Ashley
26585724,Ashleigh Case
26586048,Madeline Brooke ✨ NYC
26586058,The Glenny Girl  Blogger
26586074,Katie Lynne Sonksen
26586379,Brimley McGrath
26586386,stephbacos
26586399,lilreynier
26586413,mmotherem
26586597,reginafoster.us
26595431,Presley Ross
26595441,JESSICA WILSON
26595443,m a d d i e   b u r c h
26595444,Nicole
26595461,Ash | Live #fashionablyfit
26595473,martina barrera-hernández
26595531,A M A N D Aツ
26595537,Joi Smith
26595542,MADISON PRITT HAFEN
26627717,Josh Elkin
26629691,ABI GRACE ✈ Travel & Lifestyle
26629711,notyouraveragefirstlady
26629728,McKenna Fairey
26629733,krysten ⋒ daily fashion inspo
26633966,ryantagcoffee
26633970,Divya | CoffeeVibes
26634091,gigi
26634387,Hannah Freeman
26634414,Rachel Beyerle
26635832,Grace :)
26635841,Champagne Manyoma
26638458,DR. WIZ THE GREAT
26638464,Sarah🦋
26641818,Ashley
26641820,Fayge Kasdan
26641838,Bliss Nilsen-Lundgren
26641848,biancaaandersonn
26647390,Rachel Rudy
26648945,Elizabeth Edelen
26648951,thewynhome
26648954,corcoran.designs
26648969,recipeswithsophia
26649673,Luis Capecchi
26649676,Camila
26649736,Pinks | Houston Lifestyle Content Creator
26650526,thesunnysideupblog
26650770,Mackenzie Newcomb
26650771,Monica San Luis
26650805,angelaypark
26650830,carlyvandyke_
26650838,chaddymang
26650844,Erika Schatz
26651862,Jade Kendle Godbolt | Beauty & Mom Influencer
26657555,Audrey Bussert
26657559,Kiran J Meghani
26659326,Holly Stocks
26659336,Elizabeth Tran
26659337,MOJO & JOJO | FRENCH BULLDOGS 🐽
26659388,♛B
26659404,kate lazarski
26659835,neeloo
26659841,Kyra Rose Riley
26659847,Katie Lavieri
26659851,Celina ⋆ Madeleine
26660315,Maria Donley | Lifestyle + Home Decor + Fashion
26661067,Clara Macciocchi
26661487,Beth Jones
26661555,Hannah هنا
26672924,biancacharisma
26672932,Imani Williams Creative
26672939,JayMarie
26672948,Jessie Tartarini
26672959,Keresse Burton Dorcely
26672973,kurlyki_slp
26673239,Kylie Jacks Scott
26673250,Chantel Perez
26677323,skywhy.2
26677337,Sierra Winston
26677344,Suzanne Smith
26677355,Glamohemian Girl
26682276,Dr. Mark Strom
26682301,Beautifoles
26682329,F A I T H   C A V A G E
26682406,Great Dane Sabrina
26682408,mell 🦋
26682413,Nicole Delahanty
26682445,Shiny
26682458,Heloisa Evangelista
26682579,Chatterboxx Threads
26684634,Melissa Tovar | Atlanta Lifestyle Creator
26685488,kaelyn pannier
26686676,amy_guzzi_
26686686,sweatysweetpotato
26686725,Brittany Dawn Nelson
26687292,tondreanna esquilín
26687294,ANASTASIA KOROL
26687313,Claudia • Lifestyle Blogger
26687325,amwstyled
26687445,Angela Cruz
26687450,Danny Phan
26692984,Jonathan Jones
26693270,ag
26693289,Oly
26693675,Jamison @ RogueEngineer.com ud83dudcd0ud83dudee0
26693699,aygrey
26693722,michellemoehle
26693726,Emelia Simoneau
26694350,Kelsey Adams
26694352,Rocy Roque
26694359,Ayanna Stephens
26694360,Evelyn B.
26694361,Jasmine Monroe  LLC
26694368,Britt Moses - Beauty & Branding Coach
26694374,𝑀𝒶𝑔𝑔𝓎 𝐹𝒶𝓃𝒸𝓎 𝐹𝓇𝒶𝓃ç𝑜𝒾𝓈 #OGK
26694402,Sofia
26694411,thiskansascitymama
26694433,Amanda Trolle
26694483,katietonges
26694491,Aiesha Myricks
26694606,byancasimon
26694620,qcatherinee
26694717,Taylor Elizabeth
26694800,jen.winebarger
26695597,mandyrena
26698993,ANDREA BLAKE
26703342,Ashley
26703345,The Baker’s Farmhouse
26705063,Gabi Loomis | MKE mom & Content Creator
26705159,sommer.n.august
26745644,Emily Ho | Plus size style + writer
26745657,David  The Speckled Dahlia
26745664,Asha Imani
26751265,Stacy | Knotty By Nature
26754155,Laura Perdomo Janis
26758699,Lindsay Hay
26760796,Elizaveta Tregubova
26760851,Stephanie Prosa
26760863,Dyamond Nicole
26769746,Anissa Rivera
26769754,BLAKE SMITH
26769761,melissa lynn smith
26769801,Jessica Hentges
26775884,zach
26780793,Raven|Mulan🇳🇬
26780860,Megan Muise
26781032,Emily Spadaford
26781068,B R I D G E T   K E N N E D Y
26787015,McKenna Kelley Doughty
26787061,𝗠𝗶𝗰𝗮𝘆𝗹𝗮𝗵 | content creator
26787064,Jordan Smith
26787076,Maria Lepe
26792178,Serena Stadler
26792186,Elle Leonard
26792193,Jessica Cromartie
26792224,Katie Santry
26794114,Taylor Nicole 🍒
26794118,court!!
26794210,breesolittle
26794266,Kash
26794340,Sasha Brooke
26794356,kaceyaucello
26794935,S A B R I N A  K H A N
26794946,Shea Goldstein
26794949,Ayami | Pet grooming & care 🐶🐱
26794961,Lindsey Carlene | San Diego + Fashion + Foodie
26794991,Demetria Hill
26795001,Emily Sermons
26795004,skylernorrod
26809737,Maddie Graves-Witherell
26809739,Fletcher Nelson
26810028,Morgan Taylor Dickerson
26810039,♉️🦋🧿Andrea🧿🦋♉️
26810345,Kayla
26810373,Whitney Johnson
26812125,SAMMY ROSE
26812128,Maggie Massey
26812429,the_taylorhare
26812582,itzelhoward05
26812628,Takara Oneá | Fashion • Motherhood • Beauty • Business
26813267,Karisma Hernandez ✨
26822021,julia
26824170,joleandsoulfashion
26824445,this.dear.casa
26824514,EMILY 〰️
26829046,Ｓａｒａｈ Ｇｉｌｂｅｒｔ
26835523,Amber
26835535,livia✨🐌
26835709,TAYLOR WHITE
26835722,olivia.wadden
26835725,The Stush Life
26837628,bigbabyrach
26837994,sarah melito•the belmont ranch
26837998,Mrs. Shinese Dunlap
26838010,heycaitlyntorres
26838275,Camille Griffith
26839751,DOMONIQUE ROBINSON
26839777,DANIELLE
26839790,raegan.corbin
26868968,goproxo_
26869556,madison.ashleyy
26870226,Kinley Burke Ludwig
26870251,lydiamagician
26870376,Nicole T
26870433,Liz Raman
26870454,tianaeyoung
26870480,Brookelyn  Meyer ☕️✨🌸
26870487,aanggiegaspaar
26870493,idonotcaroline
26879837,Yanina Oyarzo
26879844,앤지
26895610,Molly Delmore
26895639,my last name isn’t roo
26901114,Taryn || Orlando Mom Lifestyle
26903848,Jen Pinkston
26908026,Anita Matey🇬🇭|📍NYC
26908073,Gabby
26918990,Jessie At Home
26919002,mom+lifestyle blogger | sylvia
26919151,danielle davis
26919166,harttley Jennings
26920327,Ruthy Miranda
26920358,micaelasacchett
26920810,Bethany Mota
26920833,Irony of Ashi
26920856,Cristie Anne | The Traveling Red | Disney Golden Oak Mom
26920864,carcabaroad davis
26921272,shannon marie
26921299,sawyer the labradoodle puppy 🐶
26922419,QueenB
26922708,B R I 🩷✨
26922742,𝐣𝐢𝐥𝐥 𝐫𝐚𝐟𝐟𝐞𝐫𝐭𝐲 🖤
26922752,Mads
26923243,Maddy Kies
26923341,mo
26923583,Danielle Brown
26924104,lauren mun
26941360,MERCEDES OKRAY
26941564,BROOKE HYLAND
26941680,LittleTeacher94
26941714,Ceara Kirkpatrick
26942754,Pretty Bangles & Bracelets ✨
26942791,Kate Wilson
26942831,Tine
26942848,danny boy
26942896,Jenna Kuzawski
26944211,ash
26944225,Sydney Lanahan
26944696,briana flores
26944710,Sanairia
26947325,Nike young
26947326,Juli
26947345,h a n n a h   s p a r k s
26947467,Michael Tran
26947485,Heidi Larsen | Recipes & Blog
26947675,T A M I A
26947798,Jane Leckemby
26947801,Courtney Fullmer
26950091,Amanda 🦋
26950100,Stephanie Baek
26950254,FitQueenIrene
26951507,Candi • Our Family Nest
26951521,DonnaChaffins
26951542,Shadi HasanzadeNemati
26951550,Katie
26951615,The Budget Savvy Bride
26954728,Gabriella Vigorito
26954745,Sarah Mae | Master Esthetician - Skincare  Beauty  & Lifestyle
26954787,Sarah Fischer
26954950,hello.vivie
26955114,Roki Ouachtouki
26955116,Samantha Jones
26956835,meg ♥︎
26956908,Stef Anderson
26956937,gabaverill
26956945,Jillian Marie Trotter | Fashion | Shoes | Everyday Outfits
26956959,Emily
26956998,Emma Pollak
26957007,Mads | Content Creator
26979708,Jackie Giardina ✨ Living After Midnite
26981078,Kailee
26981097,Zen Jen
26981107,Sarah Martin
26981120,Lyss Ryann
26981172,Rosa 💫 Travel & Lifestyle
26981192,Shelby Blackburn
26981239,thatgirljuless
26981246,heysandylin
26981769,sarah warner | that mom style + everyday inspo
26982743,lauragedeon
26982757,Samantha Chadwick
27003176,Rasheeda Gray
27007101,Kate Bordelon
27007108,Vivian Willford
27007135,gilly bean🦕
27007151,Shanna
27007200,Liz Fourez | Love Grows Wild
27007227,Donyell Iwuh
27007229,Wannah - Home Decor & Style Inspo
27007239,A D D I E    O V E R L A
27007252,Izabel Stewart
27007276,Hime
27007287,katharineketon
27007350,lexi
27007373,Drea Helton-León 🦁
27007426,ELLIE RAMIREZ ❁
27007447,YOUTUBE: DestinyCyprianLife✨
27007598,Ava Jett
27007603,livvrao
27007612,Emely Rosado
27008407,thepursuitofpretty
27008423,Bailey Livingston
27008848,Sydney Rhodes
27021740,Dayna Ferraro
27022739,Christine Paytas Pfeifer
27022746,Victoria • Mommy's Playbook
27023830,ian osh
27024323,Justice J. 🫧
27024327,Jacqueline Meneses
27024336,Sara Ferguson
27024354,Keren Mora 🇨🇷
27030132,Olivia Morgan
27030134,𝕝𝕒𝕟𝕒 𝕥𝕒𝕞𝕓𝕠𝕣𝕖𝕝𝕝𝕒
27030426,Designs and Inspirations
27030451,Maylin Rodríguez
27030457,MaHogany Jackson
27030459,Skye Hitchcock
27030472,Connie Wi 위다희
27030487,K E N 🎀
27030793,katherine
27030797,ud83cudf3a Good Vibes Only
27031186,Riley Quinn
27031187,Jassie🎨
27031196,Ja'Mia Brooks
27031211,Raya Michelle
27031223,Hope Spinner
27031246,mari
27031412,Josie Williams
27042358,Breee🍃🙃
27042365,Devon Rogers
27042370,Jordan Gordon
27043928,Giselle Sanford
27044618,Shay Diaz
27044644,Sani E-
27044647,laura | CLE Content Creator
27045244,Cailey
27045302,Rohini
27045306,LIAT
27045311,Amanda // A Good Hue
27045328,Lisa Meade \ GracefullySo
27049569,Jenny | DIY home | UGC
27049637,Jennifer Newhouse | Content Creator
27049648,Samantha Eager
27049793,TheBastFamily
27049797,Brittany Pigeon
27049801,Whitney Eden
27056737,Megan - Fifth Grade Teacher
27056756,Dani Coco
27056767,Maddy | North Carolina + Beyond
27056770,audra goforth
27056781,Bobbbaaaay
27056911,user916432246024
27056940,🌴 Loretta 🌴 The OG Boca Mom
27057172,Sarah
27057179,Jeffrey Williamson
27057203,bri | pregnancy  motherhood & postpartum |
27057252,katelyn dewitt ♡
27057260,Shirley Eliza | NYC Latina Content Creator
27057292,Nisha - Content Creator
27057295,dazee mae
27057321,Loopymua
27057333,Hayden Hopper
27057416,Sharifa Murdock
27057522,Hannah Williams
27057533,The Sooth Family
27057778,Autumn Carter
27057975,JQ Williams
27058214,Madelyn Taylor | IFBB Bikini Pro
27058297,June Quan  Esq.
27058761,Jacqueline Murphy | Double the Spoonfuls
27058802,Sandra C
27058821,huntingtonhowe
27058879,Jo Anastasia
27058884,kitkeenan
27058909,Olivia Marie🏹
27058928,AMBY
27058943,Marley  Skoy
27059000,Nicole Cogan
27067017,kyn
27067024,Maddie
27067029,Hannah Buck
27067030,౨ৎ⋆˚｡⋆ DeeDee B. Do . ۫ ꣑ৎ   .
27067065,cindyxylex
27067081,Gabrielle Aihara
27067083,noelanikc
27067801,mykascloset | plus size bestie
27069850,veronica hope
27069853,TORRIE
27069880,AndreaMrllo
27069882,Nailea Farias
27069887,Sanya Richards-Ross
27069924,HANNAH MILANOVICH PEREZ
27069928,dyanneiandoli
27070482,SWEENEE STYLE | Adrienne
27070502,MARINA ANN
27070519,STINA | model | lifestyle | adhd
27070552,MONTANA COLES
27070563,mariiahjasmiine
27070570,ems.goodeats
27070601,followmrs.friend
27070608,marykateswanson
27070663,cambwoods
27070666,janicreates
27070689,Sapphire
27070702,Ramil Esther Duran
27070758,Kara Kozuma
27070764,Lexi Peterson
27070772,Madison Belk Nagle
27070791,yare túa
27070792,Ashley Marie Dickerson
27070849,Selma Lidrazzah
27079283,Sxylaaaaa
27079320,Michelle Rose
27079359,grace mary willliams
27079367,Janay Lee
27079390,sophiaskincare
27079572,Tasha🌘
27079598,faith🦋
27079619,cherishsabrina
27079653,Margaret Nichols
27079675,misskmilli
27080624,Darielys Molina
27080640,Kiengdom
27081749,Marissa Papapietro
27081788,Samiyah 🌹 [Suh-MEE-yuh]
27082372,Hope Cee
27082433,Hayley Stell
27084738,itsemilyy.c
27089838,user4142466197347
27100843,Kira Givens🌹| ✨Influencer
27100848,🐇
27107325,lifebyvickie
27107389,Lauren Parry
27107390,Cara Clark- Integrative Nutritionist  CN  IHP  MBCE
27107400,Amanda Hernandez- Dietitian + Food Content Creator- UGC
27107421,Y u s s y
27107446,Christina Kwarteng
27107463,🌈Melissa - Teacher
27107466,Margo Abayeva
27107514,Karen Wade
27108762,nicoleee271
27108767,Desteny Castaneda
27108795,Elizabeth Henderson
27108804,Katie Moseng
27108806,beckydiaries
27108812,Ori | Maquilladora
27108821,❁ A V A  D A V I S ❁
27108828,𝐂𝐚𝐬𝐬𝐢𝐞 𝐃𝐢𝐥𝐥𝐚𝐫𝐝
27108869,Makayla Wood Williams
27109000,Delara.Ashley
27109010,kass
27109027,Jamie Carmen Brown
27109105,Cassi Manner
27109987,Marisa Maestas 💗
27110259,sabrina✨
27110271,Chantise Whitley
27110290,Nate Tago
27110292,Tams
27110757,jay
27110765,Camille Weiss ♛🐫
27110781,Skyy🎶
27110791,𝐒𝐎𝐍𝐈𝐀 𝐂𝐀𝐌𝐀𝐂𝐇𝐎 🇲🇽
27110803,Hoeshadmekilme
27110852,Carmen Urtecho
27110872,K A R I   M A D I S O N
27110940,Claire Sporck
27111246,MAYA ☆ FRANCES
27111250,Ashley Savage
27114897,Happily Thriving After
27114911,-Andriana Olivares
27114935,Justina Chan
27115444,Ashleigh Stone
27115465,Meghan McSharry
27122918,Melissa Rivera
27122922,Miranda 👑Margaret
27122952,沈峻廷
27122984,mona 𓆝 𓆟 𓆞
27123013,Diego
27124317,Madelynn Ferraro
27124320,Phoebe Sherman -  Founder  Podcast Host  and Biz Education
27125076,Arianna Marie
27125089,Shay Blue  PA-C
27125094,Lilly Page
27128020,Corazon Ediza Ferris
27128034,itskylarmartin
27128042,Rebecca Lopez
27128076,Dani Guarin
27128383,She’s Cheryl Nicole
27128393,Brittany 🌷
27128399,𝖇𝖊𝖑𝖔𝖛𝖊𝖉 𝖑𝖚𝖝𝖊
27128414,kayana ☆ mingo
27128416,Destinee Timeus
27128741,Selma Okwuonu Rivera
27128761,karina elizabeth 🧚🏼‍♂️
27128928,Chelsey Hauston
27129220,mariahmariefinkey
27139720,From A To Z | Miami Blogger
27139730,Simmy J. Hassan
27139733,Tiffany Yau
27139746,Dr. India Ashé  DMSc  MPAS  PA-C
27139769,andreamariebesson
27140120,Karah Rainwater
27140136,Abby Bruff
27140143,FitMom Quyen
27140144,Lauren Adams
27140161,CARLA MARIE hosts The Morning Show Podcast
27140174,Maria Cooley
27140203,Bree ud83dudc1d
27140207,Amy Boatwright    #motherhood #travel
27141171,Nicole Emily • Long Island  NY
27141602,Eugina | nyc food + life
27141833,Caylin Jimenez
27142029,Jay & Sharon
27142138,Terry Lashley | Lifestyle • SingleDadLife • Mindset
27142255,Lifestyle & Travel Blogger
27142375,Aïsha Farida
27142383,annierosette93
27142390,mc.archive
27142396,unicornblondie11
27142452,court.and.kai
27142500,chanelle🧸
27142518,sibellamarie9
27142544,clare clawson ✨
27142639,Carly Breann
27142654,VICKY JUSTIZ
27142676,Brelyn Bowman
27142702,Morgan
27142906,KAILEY
27152434,Bonnie Cox
27152444,𝙆𝙖𝙩𝙞 𝙃𝙚𝙞𝙛𝙣𝙚𝙧
27152446,Aundrea Love
27152447,Kei🦋
27152453,Heather West | Beauty + Biz for Women 40+
27152465,Becca Stott | Content Creator | Author
27157862,kelly priebe
27158129,Tianna Hauser
27158404,Ashley Vasicek
27158432,John Philp Thompson
27158457,🧿 HELEN BERKUN 🧿
27158481,Ayesha Anwar
27158492,rachel.baumann
27163980,Emily Jackson
27164442,𝕆𝕣 𝕄𝕠𝕣𝕕𝕖𝕜𝕙𝕒𝕚
27164932,Andrea Mesia
27165626,glamnellie
27165628,Jessica Remmers ✹ ☾ ★
27165647,Amber Battishill
27165687,Laurel Donahoo / THE HIVE ✨
27165779,Toya J
27165792,Jezra Williams | Model & Creator 🇻🇨
27165801,Rohma Siddiqui
27165811,Emily Jacoutot
27165839,jaylee clarke🐚
27165908,Maggie Jo
27166023,Megan Bowen
27166029,Chelsea J Christensen
27166030,Marie Goldstein Levitsky
27166037,maggiexgood
27166285,💗Hannah💗
27195627,Jenna Bruni
27195658,aspen_cierra
27197888,k
27197906,magic
27197931,sophiacorin
27198263,🧘🏼‍♀️sof🧘🏼‍♀️
27198395,Kathryn Stanley
27198418,NICOLE | Miami Lifestyle Creator
27198444,Asia Zuk
27198445,Maeher Bawa
27198453,Miami blogger
27198457,𝑅𝑜𝓈𝓈𝓎
27198982,Dylan
27198985,tiffany
27199896,Vee Heard
27199902,hillsxoxo_
27199905,anna maxine
27199917,Peyton Monet
27200233,Jenni Riccetti-Gomez
27200237,Maddy Silotti
27200245,Lindsey Mitlyng
27200543,bri_wim15
27200716,janasworld
27200791,Briana Garcia @shoptikigirl
27200863,Jennifer Buckingham
27200890,Chelsey | Motherhood + Travel Creator
27200992,Rebecca Pyle
27201013,michellecardenasgomez
27224321,Chi
27224342,𝓛𝓲𝓿 𝓬𝓸𝓼𝓽𝓮𝓵𝓵𝓸
27224362,_meganhearts
27224398,mel.lin
27224420,thekarlatravels
27228639,Faith Lasha 📍Little Rock AR
27228651,Baylie Willborg
27228654,Zainab
27228663,Sarah Jude
27228675,jessbturner
27231364,Mrs. Camryn DelRio Linton
27231387,Jessica Skriba Youtuber 🎬
27231400,Doing Mom Things
27231678,Eyleenortiz
27231690,Kiera Cheyenne
27232183,Aida Kadyradzhieva Serrano
27232253,naomixlee
27232255,Sophia Nichole
27232279,Sarah Kretschmer
27232285,Jasmine  Bubbles
27232295,Nicole Michelle ♡
27232296,Natasha Ibrahim
27232301,Danielle Zamanillo
27232594,iamtcapri
27232609,BREYA BACHMAN
27232610,pey
27265883,Brittney ✿ Florida + Family Travel
27267246,Lauren Ann
27267966,Jasmin Adams Queen
27267968,Zibby Owens
27267991,Keeley & Mark Toro | Tampa Investors
27267995,Courtney 👩🏻 Rams 🐶 & Fifi 🐱| Pet Creators
27268021,liv
27268024,bridgycolleen
27268065,Kayla Smith
27268069,Aubrey Matthesius
27269219,S o p h i a  P i c k e r i n g
27269230,Suzie Cool
27269232,Mads ⋒
27269240,hope_chaney
27269259,Hannah Hill
27276835,Helena Marie Hahn
27276902,kamaryn_atwater
27276972,Tia Wilson 🌻
27277589,Rachel MacWilliam
27277593,Michigan Wedding and Boudoir Photographer
27277660,everydaygracedesigns
27277685,Toyosi Oyelola
27277686,Chloé Arnold
27278503,Josh's Frio River Outfitters
27279954,Karissa Ring
27280745,Christina Rodriguez
27280760,Elizha Colquitt
27282533,Carly Cowart ☺︎
27282537,Jordan Lynch
27282542,Janessa Solem
27282546,morgan pietz
27319194,Brandi Harrell
27319204,Samantha Pignatelli
27319243,Grace Choi
27319246,Simply Serina
27319257,gracieeehansen
27335019,Stephanie Moratto
27335032,jj
27337593,Tiana Young
27337594,Krista Luedtke
27338213,Whitleigh Cook
27338244,Karina Andron | UGC Creator 🧿
27338264,Krimbella .T Loe✨
27338288,Eiryn Hernandez 🌻
27338296,kendrakuhlman
27338632,Katie James Watkinson
27345319,☆︎Lo☆︎
27345324,Aqua the Corgi
27345325,hotaskell
27345336,_megmarie
27345593,Brae Barr
27346035,shellsandchampagne
27347424,ASHLEY THOMPSON
27347444,sofia
27347471,ana victoria | 👛 modern elegance
27347490,Gisselle Rodriguez
27347505,Kristen McDow
27347743,Katherine Medlin
27347893,marissa rose — makeup + fashion
27347900,emina
27347909,sheeensworld
27347915,𝑩𝒓𝒂𝒏𝒅𝒚  𝑫𝒂𝒓𝒍𝒆𝒏𝒆 ❥
27353936,Maria Dix
27355524,Kayla
27366762,Kiranpreet Kaur
27370387,Khristy Sherrell
27394639,shelbyreddingg
27394845,Reign Storm Samuel
27395071,Vivian Nguyen
27395081,Lauren | Non-Toxic Beauty for Moms + Amazon Finds + Clean Makeup
27397503,Brittany Bertuzzi
27397519,bkakes37
27397523,cydnyenichole_
27398175,Emily Dawn
27398391,♕ خديجة‎
27398423,Aryn Koepke• Hey Mrs.K
27398614,Jean Choi 🇰🇷🇺🇸
27398628,mgm_styles
27398629,Nikki Blackshear
27398652,ari.jnkz
27398655,Ashley Stubbe
27398694,M A K E U P  A R T I S T
27398702,Dennica Ricciardi Power
27398873,Casey Lee Jennings
27398880,KATE BOZEMAN
27398938,simpleolivehaus
27398944,Paige Brown
27425986,𝐵𝓇𝒾𝒶𝓃𝓃𝒶 ♥
27425989,glamgirlny
27426005,cubancurlzz
27429505,Katy Lockman
27429541,saviixnature
27429543,Juliette Hunsicker
27429546,kaylinraerolfe
27429595,Abbey | STL SAHM
27429603,Gabrielle Huffman
27438976,NicoleTerese
27439039,Kenice - Motherhood & Lifestyle
27439786,sarah
27440310,pans_and_obsessions
27440328,Angell Mortensen
27440392,Christina Jang-Lee
27440461,dailydri_
27440752,chan.meadows
27461859,Maddy
27461864,Candi🍯
27461885,maddy.griep
27461909,janesosik
27461913,imjessicagabriela
27461941,Emily Lane
27461960,Moriah Michelle’ ||
27461972,skylerhiltebeitel
27461979,Peyton O'Hara | San Francisco
27461986,Maggie | Beauty & Lifestyle Creator
27463987,Mijah Robinson
27464999,D E S S ✨
27469235,Shaquana
27471209,drayton
27471408,B
27507347,Summer Rae🌸
27523744,Robyn
27523751,Taryn Thompson
27523754,♕ρяιи¢єѕѕ յҽղҽҽ
27562963,jasvlogz
27566123,Camila Bravo
27569204,Karlie
27570238,abbysvlogz7
27570255,serenafigliuzzi
27570277,izabellacronin_
27570296,itsmyanguyen
27571386,paizleelynn12
27571394,_reagankorte_
27571401,madisonhubner
27572619,hollyvangorden
27573070,𝑳𝑨𝑵𝑰 𝑳𝑶𝑹
27584064,mrs.caitlin_fought
27584079,Brittany Muller 🖤
27595119,Tatayanna M
27595124,ajanicole0
27595943,Soha Saiyed
27596126,Geri Torres | Photographer/ Content Creator
27596189,Megan
27597521,thesidesofteaching
27643493,_chianny_
27655425,Kaitlyn Killebrew
27662872,Yaniris Delgado | Family Travel & Lifestyle
27662880,ansari_hira
27662889,Christina Oshinuga
27682955,Izzy
27682960,N I A | Makeup Artist & Influencer
27682973,𝑫𝒂𝒏𝒊𝒂 𝑲𝒂𝒓𝒆𝒏 𝑽𝒊𝒍𝒍𝒂𝒓𝒓𝒆𝒂𝒍
27682974,lady_sfraga
27686012,A.L.Bailey
27688374,Courtney Jones
27688398,Elaine Ficarra
27688468,AMarie B
27688811,Martina Shuntay
27688813,lovelytory
27688849,A L Y S H A_K A Y
27752212,THE GLOSS BOSS 🇭🇹
27752217,samyyahyasmeen
27766014,Mackenzie Henry
27766019,JonetWMakeup
27766281,Hyunee Kim
27767064,[ Jenn + Juan ] • The Colon Family • Full Time RV Family Travel
27770809,Brighton Peachey | outdoor family adventures:
27771354,MyLifeasSugar
27771356,Teresa Hurtado | Women Fitness & Lifestyle
27771368,Kail Armani
27771384,Riozelle
27771387,Justyn’s Journey
27772132,Abby Williams Bowman
27772160,Jennifer Pollard
27772600,Kiara Wilson Reed
27772604,Blaisey Arnold
27774216,Katie✝️🦋🌞
27774219,Estee
27774224,kthabarbz
27774228,Jasmine Rose
27847969,Aiyana A. Lewis
27856643,Coco
27856680,Mikeya Summerville
27856896,CoolMomStyle
27856928,mislaychristians
27857460,elmadzanic
27857581,Jae Lomain
27857582,𝑴𝑰𝑲𝑨𝑹𝑰𝑨
27857587,Samantha Willis Xo
27857594,kaitratchenski
27858028,Bella Boo🥴
27858031,❈ ♡ Kaitlin Mackenzie ♡ ❈
27858036,taylorkratzer
27858544,Dazja' Jordan
27858577,tootybaandz
27859512,lorincarlo
27859941,Heaven Riley💋
27860603,✨Lola✨ 📍Chicago
27860633,N I A  A S H L E Y
27860652,Nicolle Saba
27860657,Deanna Darcel
27860664,Kianna Naomi
27860699,Helena Faustin
27860736,Carlie Mary Butler
27860738,Jessica Conrad
27860751,Angie J. Makeup Studio - Traveling Makeup Artist
27894199,SANDRA  MADJDI  📍MIAMI
27894205,Kyle Langan
27894206,ladariuscampbell
27894331,Dominique Wiggins
27894761,Paige Mobley
27894768,brigeeski
27894806,Creationz
27894809,🤍
27895008,andres🧛🏻
27902767,keely sykes😜
27902768,miapozzi3
27902777,ibesteffie14
27903318,The Murrays
27903349,_thehaywardway_
27903485,Brandy✨Family  Disney World  & Star Wars Cosplay
27908292,Noreen's Kitchen
27908370,Keesha Anderson
27908371,Stephanie Guerra
27908862,Chloe♕
27908864,skylar
27908891,shanaimoniece
27908892,mads 💌🤸‍♀️🍭
27908915,haydin.davis
27908920,dumbblonde221
27908942,emmakwillman
27908951,abigaildaven1
27908992,han.pollock
27909021,cayleevickers
27909023,notelladoc
27909030,cburkee
27909034,violetkleefisch
27921292,Beauty by Sweet Angel
27921580,andreafontanabeauty
27921584,prettyasapeachhh
27921586,Mama and Minis Adventures | Susan
27921591,dasiaa 🕊
27921600,Catherine Brown
27921605,aundreaa_lynn
27921611,Lisa
27921613,sydney.turley
27921614,Taylor Dustin | Adventure  Michigan  Travel
27921619,Wisconsin Adventure Family/Dineo Dowd
27921628,izzythrills
27921640,madisonmorini
27921645,Emily Hite
27921657,jaypdingle
27921662,david.james.elliott
27921664,baileymarieforet
27921684,cookiemonroe_
27921688,jayyymeeee
27921689,imnotmessyimbusy
27921699,Breanna • birth doula
27921707,gabbyymasonn
27921711,Thea Vaporis Clean Beauty Mom
27921823,Mike Schulte - Explore NYC & The World w/ Me
27921835,Jenny Hutt
27921839,Britt Waters
27921841,Monica Woodhams
27921861,DawnSpinnerD
27921916,marah.czyk
27921945,marjorie mata
27921964,amandacurseaden
27921994,Kelly Dobroski | Travel Creator + UGC
27921999,hills_makeupgirls_
27922066,madelinermartin
27926665,Jasmine Usher
27927118,Sage Gardner
27928110,heynuraaa
27928166,Kelly Mae
27928169,𝕻𝖊𝖗𝖑𝖆 🌩
27933341,Julie  Maddie & Kinslee
27934215,ANNIE SABO
27934232,megbed
27934394,ohhhhhhhhhoney
27936489,NaeNaeTwins
27936502,Nikki
27939464,Sophia Lazuli 🇬🇾 | NYC
27941812,Brenden G.
27941814,Andiehargis
27941815,Melissa Charria | Miami Content Creator
27941823,princesslawren
27941824,jazzielyric
27946161,Holly Reisem Hanna
27946166,Hope and Manny
27946578,That one Army chick
27946626,Mikail Jenkins
27946637,anastasiiamasiutka
27946638,Paige McCarthy
27963506,Paige Higgins
27963511,Mᴀʀʟᴇɴᴀ Sᴛᴇʟʟ
27963518,Andrea Howe - Certified Nutrition Coach
27963521,Kristina Elise ud83dudd78
27963526,Jordyn Cole 🏳️‍⚧️ LGBTQ Travel Creator
27963528,pebbleztherebel
27963548,MollyKate Cline
27963614,Rowda • The Style Initiative
27963622,Chie Tamada
27963664,Tamra Nicole - Fashion Stylist
27991681,Christy Keane
27992104,pris
27992421,ya fav darkie🖤
27992422,Nicki Nicki Nicki
27998005,The Renaissance Woman
27998136,christinachavis
27998139,André D. Woods
27998143,theguillorys
28003509,Phoenix Stanford
28003512,ella :)
28003517,Kimberly Rose
28003519,addilyn wilson⚡️
28003897,waxingbyroxy
28003913,peyton
28003957,deena_rojek
28003962,a.mariem
28004040,Dani - Content Creator | Model
28004104,instastylebylisa
28004155,Kendra🤍
28028747,laurenn
28032264,maddox mckee :)
28032271,Madisonk00
28032302,caitlinwiig
28032351,joliepavia
28032362,miahowerton
28032370,clothesreimagined
28032378,jillian_diep
28032412,taylorbthatsme
28032427,226eelanna
28033915,kennedy brown
28033917,Hannahh
28033932,Lavender Lai
28033945,kaitlynholop
28033969,imani.nichole
28033976,amandagretzz
28033977,victoriarmathews
28035711,spam
28035712,savvvv
28035849,Sara Stewart
28036378,Hannah
28036379,lystyn
28036421,Victoria Koury
28036424,Emily Brown
28036844,trangskitchentable
28037010,Brandi
28037013,Linda Zhané Kitt
28037028,ud83dudd95ud83cudffeWell Dressed Hoodlumud83dudd95ud83cudffe
28037043,jamieelleturner
28037156,Amanda Bellantoni
28037175,zoellleeee
28037182,THE HUNGRY FORK
28037183,anniejorgensen
28037197,This Went In My Belly
28037215,nursebrooketheinjector
28037223,cbgbx
28037229,Deja 🩷
28037230,Deana Elwood
28037264,gracierayburnclarkk
28037273,macyhorman
28037282,Laura Benson
28037295,Chantel
28037300,Vickie
28037305,camiliarazavi
28037309,raequeel
28037312,gabriela.dimare
28037316,shelbigranados
28037317,🌻DAUGHTER OF OSHUN🌻
28037329,Taush.O
28037386,berg_ilicious
28051735,Ty & Ash
28051743,Kandace Panter 🖤
28051863,𝕂𝕖𝕟𝕫𝕚𝕖 ℂ𝕠𝕤𝕡𝕝𝕒𝕪𝕤
28051868,iz :)))
28051878,𝓙𝓮𝓼𝓼
28051947,shyanne☀️
28051990,kosmickait
28052090,AuDHD Mom + Self Care Enthusiast
28052133,JR Timothy
28052143,Mari Martinez
28052246,lei nico
28052257,xoxoenchante
28052261,maren hemeon
28052279,Kat
28052295,charlynarredondo
28052341,🥀 ℭ𝔯𝔶𝔭𝔱 𝔔𝔲𝔢𝔢𝔫 🥀
28052343,Meryl
28052392,Chrstina™️
28052425,Elisha Wilson Beach
28052437,andtoashes
28052455,Carolyn Elisabeth
28052498,Meghan McFerran
28052512,lynneasmitherzz
28052580,Jordan Sexton
28052601,Hanna Goforth
28052603,Taryn
28053273,ellefordandco
28053950,Stephanie Rudd
28054516,Linda Panda®️
28054521,betsyrocha_
28061616,Yesi_ibania
28061624,mackenzie🦕
28061658,J A I L E E N E. S A N T A N A
28061666,𝒞𝒽𝑒𝓁𝓈𝑒𝒶 𝐸𝓁𝓁𝒾𝓃𝑔𝓉𝑜𝓃 | Family Vlogger
28061672,Arica Damaya.💋
28061676,★ caitlin rutherford ★
28061683,KeShaun West ✨
28061699,Chasity McKinney
28061711,JOSEY
28061725,JoJos Mommy.
28061727,K. Smith
28061750,Court - Travel | Lifestyle | Adventures
28061765,paydunc
28061780,aubree
28061797,cc
28061807,Veronyka
28061810,Miranda Jayde
28061812,Noah Osborne
28061813,Sky ♛
28061817,El
28061833,grace
28061838,Payton Reed
28061887,Jocelyn
28061896,kiki
28061900,G E O V A N N Y  F L O R E S
28061904,Raina Mark
28061921,Zamantha Zamudio
28061930,ud83dudd37ud83dudc51ud83dudd37
28061934,michellelella2525
28061942,✨ S.E. ud83cudde9ud83cuddf4
28061956,sxlent.jaii
28061961,irisdelany
28061964,Paige Renae Pickett
28061968,tryan560
28061992,Barbie Chanel
28061995,Joelle Phillips
28062008,Gray Wick
28062026,saraa🤩
28062032,Seven
28062039,maddy
28062041,Yakira Finkelstein💕
28062051,Zena La' Guerriere
28062058,Jasmine Prophete
28062078,Breshay trotter
28062154,Amanda Drake
28062155,🇯🇲🇨🇳
28062160,Libryia Jones
28062168,andrea_kobayashi
28062220,KylaJ
28062221,Nikki Patterson
28062229,Angela - Unicorn Witch
28062233,Vianey Renteria
28062248,hailey j ౨ৎ ⊹
28062252,Madi🦋💕
28062260,Jennifer Juanira Garcia 🇭🇳
28062264,makenzie paige
28062265,Sameer Mahan⚡️
28062287,Gabriella Kazandjis
28062290,Andrea Vasquez
28062318,DESTINY 💋🥵
28062324,mama.aarika
28062326,𝙺 𝚈 𝙼
28062330,You Are BeYOUtiful. ❤💋🌹
28062331,Annabelle⚡️
28062333,A U D R E Y
28062348,Asmara Montgomery  Esq.
28062382,Bundles | Beauty | Podcast
28062405,sylvanacatlin
28062413,Chan Chan
28062422,Diana
28062435,Veronica Rodriguez
28062450,Asia
28062460,Hannah Nichols
28062476,Beyanna
28062497,thicpunky🥰
28062517,Kelsey Grace
28062532,Marissa Paige | beauty + lifestyle creator
28062536,Selena Nicole ♡
28062556,Jessica Lundy 🎤 Keynote Speaker
28062563,BLUE 김바다
28062568,Brittainy Newman
28062580,Nina Avroneva
28062589,mellagiaa
28062915,Jing
28062919,UCHECHI
28062933,Maria Simonelli
28062944,xo_classicmedusa | Makeup  Fashion & Fragrance Lover
28062966,tatyana ud83cuddefud83cuddf2
28062991,Lavoni K. 🕊️
28063003,FANGXIAO (REMANDA) Xiang
28063017,15
28063038,Constance
28063057,ddglam__
28063060,Listiani Hartono
28063064,akkaandchelli
28063071,Giavanna Graziano
28063082,Donita Marie | NYC Influencer
28063142,LaTrease
28063161,GIGI
28063163,taylor 💕
28063191,Jocelyn Brown | Influencer + Food  Lifestyle & Travel Blogger
28063243,Yully Hernandez
28063534,Kristan Kremer
28063544,Shari
28063553,Jennifer Bigler
28063602,MJ💕
28063615,Megyn Bell
28063616,Urvi 💜
28063623,Anita Vivas
28063640,Celebrate Woman Today
28063641,Carly Henderson
28063649,Petia Mitchell
28063662,Grits in the City
28063670,mommymixup
28063676,Brittany | Non-toxic Living
28063699,Laura | Laurita Travels | leisure travel lifestyle
28063704,Tony Bowles
28063711,Olga Urbanovich
28063717,Tiffany Reneé  |  Haus Deco Chic 🌹
28063981,Kyla Sieges
28063982,Syrenna Ramahi
28063999,Tasha Castro
28064045,Persia's Glo
28064047,E''s World
28064049,ROSIE GRANITO
28064109,Ella Solomon
28064143,LIFE + STYLE x Karen
28064166,Mikita Watson-Burton
28064168,arianaatwater
28064208,OLUWATOYIN - JESUS & FASHION
28065307,Graysin Peglow
28065312,Yaya Eso
28065319,TyKara Ann
28065329,Lea Marie
28065332,Rena Schrimsher ✨
28065337,Adriana Quaranto
28065343,ELLA BARRIOS
28065344,Tiffany Johnson
28065386,madzzy__
28065400,itsjbtoyou
28065416,Jailene J. 🌸  turn on PN🛎
28065436,conyaya
28065463,cayahefner
28070975,Michaela Reinertsen
28070997,Adyel Vlogs
28070998,Brandon Ligons
28071003,BB Jean
28071017,seanchris
28071018,heyyyitsmimi
28071052,Haylee💋
28071054,Megan
28071069,Kaitlynn Summerlin
28071082,AP • Aphrodite
28071096,Sydney D Culver
28071097,Audrey Mack
28071109,ᎠᎬNᏆᏚᎬ ᏴᎪᏞᎢᎪᏃᎪᎡ | CONᎢᎬNᎢ CᎡᎬATOᎡ
28071167,Samantha Linton
28071177,Nejla Renee
28071188,Melissa Padilla
28071207,ablazingheartslife
28071224,Aubrea
28071239,Britnee Kellogg
28071404,Dayna Smith
28071412,Emy Nasko
28071414,Dyan Tucker
28071521,Kendyll Travers | Your Over 40 ADHD Bestie
28071524,Josie Mai
28071658,Deb Dutta
28071665,Cambria Francesca - Disabled Model + Actress + Content Creator
28071671,Mykola Hruts
28071688,Joe Buckner | Tech & Franchise Founder
28071696,Lori's Boston Found
28071899,Miave
28071916,Ananda Saba Patel
28071936,Sadè💋
28071938,Ariana Marie Thompson
28071964,Shanell Henry
28071975,Danielle Noel ✨
28071997,DIL
28072009,Cₗₐᵣₖₑ
28072012,TECK SOKIC
28072017,Lindsay
28072054,tyranicolet_
28072055,Mojave 모하비
28072056,molizabaeth
28072109,Joanna
28072113,Courtney McKay
28072118,Bonnie Leathers
28072119,Lyss
28072156,cameronkira
28072158,Neha Rao
28072160,KIIMMY
28072195,Madison Kizer
28072209,thatsangelslife
28072212,jordanobermeier_
28072219,paracolet_
28072221,grace.housewright
28072676,Keilah 🦋
28072678,Zacatecas Baby
28072690,Honey Kahoohanohano
28072705,Ashley Jacobs
28072723,Dominique Sensabaugh
28073076,Kai | NYC Content Creator
28073079,BeautywithMika
28073112,🔥Kristine | GLP-1 Advocate | Gen X Strong
28073113,Anxhela Dano Maranda
28073128,Lᴜᴅᴇᴍɪʟᴀ Sɪʟᴠᴀ ♡︎ 🇧🇷🇺🇸
28073145,Jennifer Hines Bridgers
28073168,undeniableannie
28073179,jwthelyricist
28074219,Abby | Utah Hiking and Outdoor Mom
28074547,Brooke Simonds
28074551,Bre🎀
28078150,toriaerskine
28078190,Whitley Adkins Hamlin
28078231,SOPHIE ☁️
28088493,LANIESHA
28088506,Emily Ellison
28088561,gelseygaspar
28088574,Made in Mauve
28088580,“It’s KA¥-O  like KNOCKOUT”
28088607,Regina Daniella | Disney Travel Agent
28088619,Cassidee
28088835,Josh Dixon
28088836,Carissa Barzee | IVF + Loss Mom
28088867,megz 🦋
28088911,hi im Amarachi 🇳🇬
28088917,Angela C. Stevens
28088944,TIFFANY LUMPKIN ™
28088964,SKY
28088982,Bri Robinson
28089072,denngggjuli
28089085,Wuraola
28089187,Hector Mena
28089197,Samantha Proffer
28089201,T. Marie Designs
28089259,Klaudia Carmona
28089277,KEV | Boston Creator Exploring the World Through Food & Travel
28089286,licymlemus
28089315,Zohra M. Khorashi  Esq. | Content Creator
28089476,Amber Mejia
28089519,Jocelyn Ramirez
28089522,Coach Truck
28089526,Mara Weinstein Velez  MD  FAAD
28089535,Hillary Hansen Koellner
28089570,Mattie Duppler
28089572,Lindsay Roselle
28089612,amyedithpriddy
28089632,kelly
28089639,Deja
28089686,Victoria Bernice
28089706,lay_heegaard
28089707,ready.slay.vacay
28089754,xeyesadjust
28089877,Sunshine Jackson
28089893,한별Christine
28089894,Bri Duncan
28089895,Tasha 👽
28089896,emmaake0gh
28089902,Kelsie
28089914,madison
28089922,JORDAN ✰ FASHION + LIFESTYLE
28089923,Goddess Shana Belle✨💝🎀🪞
28089967,Rhiana Raymundo Rangel
28089977,Tykeia Nicole
28090095,CHARLIE🤍
28090139,Lisa Hiser
28090144,seblë
28090150,jess
28090194,Kai Mincey
28090404,Tee Pot
28090879,Jesi Le Rae
28091701,gabriela langone
28091745,Zee Gustafson
28091772,Rennie 🍒🇨🇦 林
28091782,sonia
28091805,Morgan Chinn | artist & adventurer
28091809,Toni Marie
28091936,Hunter & Libby
28091981,Dee B
28092007,Nicole Thomas
28092011,mslesinski19
28092145,Petite.Jhen
28092160,tre
28092171,Deesibrian
28092403,Jessica Schank Snow
28092438,briisland
28093140,Kevin Breeze
28093143,Shainna Tucker
28093157,Kash
28093165,Andreina Isabel Briceño
28093173,Sloane Davis  #WEIGHTLOSSCOACH
28093180,Courtney Guillory | JRNY TRAVEL
28093181,Karla Paulino
28093189,Anthony Mincey
28093204,Mary Thommana | Miami Content Creator
28093216,Maya Pete
28093218,Idorenyin
28093230,Jordan Leigh
28093233,moments.with.liv.and.isla
28093240,the_jjadventures
28093254,Spencer 🍒| IFBB Figure Pro
28093255,Justina Patton
28093256,Ana Arrieta✌️MTB 🚲+ Outdoor Life 🌲
28093266,annefrederiquecris
28094803,Brunhi
28095104,Jenne Claiborne
28095120,Sheila J
28095122,Windi Washington
28095156,syd🌟
28095188,Kamili Bell Hill | Plants + Decor • Author
28095192,Elisa Jones
28095408,poopybuttface
28095410,Jessica Marie Edmunds
28095426,Tori Evans
28095913,Terena - garden consultant
28095941,Drea and Angie
28095949,kaylaself1998
28095958,CJ
28095968,Kaylan Marie
28096025,Natasha Perez
28096072,Erin Rose Klein
28096075,Chelsea Fenwick | Watch my STORIES!
28096492,Psych & Education | Psychology PhD Student
28096496,Ingrid Christian
28096501,Cails🍒
28096533,Summer Leigh Ann Choate 👑
28096548,Bounce🌻
28096575,juliaotest
28096582,Melissa
28096588,Mac Castro
28097055,Masha Arielle
28097058,Tanay
28097082,tierechristyan
28097088,Multifaceted creative⭐️
28097101,abbz 🕊
28097106,HANNAH ZEPEDA
28097115,Mia Monroe
28097141,Oldens Lafortune
28097151,Micky
28098083,Maya
28098134,𝖒𝖔𝖒𝖔🇵🇷🇩🇴
28098154,Ebonee Weathers
28098577,julia 🧚‍♀️
28098597,Brylie StClair
28098626,babyelle 👼🏻
28098627,Opsis Studios
28098628,Jessica Edwards
28098702,Courtney Lamont
28098703,Kimberly | Makeup Artist
28098718,MICKIE
28098943,Whitney Wells
28099021,Ashley Adams Art & Design
28099024,Daniella
28099083,krissyleanne_modeling
28099087,emma ♕ ortiz
28099090,kayrican
28099094,Zaina Sesay
28099104,giawoo76
28099491,♡Ailha Atok♡
28099573,DVNNI
28099588,Arnold Ruelas / Austin Based Latino Content Creator
28099592,celine  bay area foodie
28099601,Michaela Rabinov
28099632,jamiemarinelli
28104855,Lauren “Lo” Worrell - Mom Life + Skincare
28104857,thepapermama
28104861,Gatlin Green
28104885,Bella Sofia
28104888,BP🌻💛☀️
28104889,lydia grace simas🌻
28104903,Liv N’ Life
28104920,Justine Aguilera
28104940,Jasmine Ann Shea
28105043,yourlifenutrition
28105507,Mindy Wender-Querio
28105516,Cortney Bohr
28105522,Julianne Wilson
28105543,𝐋𝐄𝐗 𝐆𝐈𝐍𝐆𝐄𝐑
28105749,Suzanne Cohen
28105821,Evelyn Avery
28105835,Brianna Brown
28105853,Hannah Turley
28105888,Parrish Ritchie
28105934,lenamoriarty
28106192,Daniela C
28106214,Shweta Pathak | Home Design & DIY
28106215,Cozy Home Queen
28106240,yanilcastro
28106950,Doctor Fashion
28106977,Lex.
28106987,cathie
28107036,✰ Jack ✰
28107056,Bridget Payano 🧚🏽
28107059,Tejane (Tay-Ja-Nae) Antoinette
28107069,Mary Ellen Houston
28107216,Sofiya Gulchuk
28107323,The Sassy Heifer Boutique
28107332,anica
28107418,Anna Coppola
28107448,Skyler Lee
28107449,jaylnmcdonner_
28107453,tyiblack
28107468,ELL
28107571,itsabigaelle
28107572,Sof
28107633,𝖒𝖔𝖔𝖘𝖙𝖆𝖓𝖌𝖇𝖆𝖊 🦄
28107650,Braceeface Kay
28107828,azanadanielle
28107859,NitraB
28107878,Beyoncé Brown
28107880,(aka) faithsreadingthings☀️
28107886,Mission Keto
28107911,tiana.rolfe
28107944,Lex💫
28108010,Jada
28108025,✶°⚡️LANE⚡️°✶(っ◔◡◔)っ
28108035,Leena ꈍꈊꈍ Pham
28108041,Gabriella Portillo
28108204,Shelby 👑
28108213,Kaybanga
28108244,Rebecca Kelsey Sampson
28108270,heyknottygirl
28108271,B R E ☆
28108275,Brendi Saito
28108296,✨ ʙ ʀ ɪ ᴛ ᴀ ɴ ʏ ɢ ᴇ ɪ ᴅ ʟ ✨
28108309,Nika
28108375,Kimberly Townsend
28108449,Celeste Noland
28108454,brenley herrera
28108521,Lay&Lo
28108523,Tasha 👽
28108598,DAYSHIRA🦋
28108646,Zeinab (zay-nub)
28108827,#lashesbymaggie
28108927,KATIE | MOTHERHOOD + POSTPARTUM FITNESS
28108977,Dara *Motherhood Creator
28109435,keepingupwithkari
28113465,fitfoodieliving
28113691,Lauryn Moss
28113715,Kathryn Vera
28113730,Mariah Spears
28113752,Latesha Byrd
28113774,amcmahan3880
28113780,Lauren Franco
28113818,Meg McRee
28113852,Tasha Bethea
28113856,Molly Wanders The World✈️
28113865,Semarah Lafi
28113871,jennietoutoulis
28118670,elleparsons
28118706,Sirrelis J.
28118722,mariana muñoz
28118759,GO SUBSCRIBE TO OUR CHANNEL
28118776,Yessenia✨
28118787,Samy A. Ruiz
28118814,Lizzy Capri
28118830,Temie Kolajo
28118849,Nicholas George Metos
28118850,Kayla Rivera
28118883,Tipfineass🔵
28118938,Neish 🌻
28118984,💗Hannah💗
28118997,Nellé Mignon💄
28118999,hannah elizabeth 🧸
28119004,N I N A D A N I E L S
28119078,tierrawilliams1
28119088,Raif Lnoir
28119228,n i c o l e
28119256,Jamess Joint✨✨
28119270,toniabajian
28119275,JOVIAN
28119292,maddycatlin
28119338,Ayman Syed
28119339,💗
28119352,Lina
28119366,Kelsee Briana Jai
28119376,Nancy Meliza
28119395,Christine Kiyomi Jennings
28119412,Rachel Guimond
28119421,Hey! 👋🏼 I’m Kristin
28119446,Connie | Minneapolis Beauty & Skincare
28119489,Katie Marie
28119509,Hana Ostapchuk
28119511,Nicole🤠
28119513,Bella
28119533,Ajayla 🦋
28119540,Everything random
28119547,bhawana
28119590,GRACEY ANN
28119614,Liv Chiarella
28119690,TameekaEats | #NYCFoodie | #Travel
28119709,pretty miss ladyy ♡︎
28119711,MADDIE FEST
28119718,Gianella
28119726,Abigail Trevino
28119734,nhea 👼🏽👼🏽
28119752,Megan | Gluten-Free OC/LA/Bay Area Foodie
28119769,giovannanicole
28119780,eujin park
28119853,Husky Jackson
28119901,Bre ud83dude18ud83dude18
28119913,Simone
28119916,D s† ñ  y 🖤
28119917,Melissa Epps
28119921,fezstyles
28119938,TiGerLiLy aka TiGerLiLy BaBy
28119949,chatwithlu
28119955,isabella diakomanolis
28119967,fatherrlex
28119975,gold.oleka
28120646,2husketeers
28121115,Lauren
28121122,☁| (• ◡•)| (❍ᴥ❍ʋ)☁
28121124,JAZMINEJACKON
28121178,Jessi Fearon
28121218,Enitza
28121225,Jenni Barber
28121253,Kira Davis
28121276,belightwithshina
28121314,⠀⠀⠀⠀⠀⠀   yainara diaz
28121414,Good Sis Lia
28121438,Creed Smith
28121468,badandboujeefoodie
28121598,Makynna Harrington | Arizona
28121608,gianna paige
28121658,Brooke Mangiardi
28121659,Dakota Michael
28121684,Sherli Garcia
28121727,Lidia Venegas
28121731,Jessica Bosworth
28121758,Lexi Stewart
28121778,🌟Neyah🌟
28121781,Amira Kantarevic
28121786,morgan 💙🌴🌈🌊🍉✨🍒
28121922,annamariefit
28122044,💖Monica Hein💖
28122101,that.urbanmom
28122139,Jaishirelle.life
28122171,Aisha A.
28122175,NYC Food Photographer
28122190,A Raad Story • Joceline Raad
28122243,m
28122309,mersyhogan
28122322,glowdevotion
28122350,Yvann Karamoko
28122368,Kidd Ford
28122391,outandaboutwithjada
28122425,TipStitched | Sewing × Fashion × DIY
28122437,KATIE RING
28126783,ave💜💜
28126788,Olivia Moon
28126836,Eric Feldman
28126860,Autavia B.♐ud83dudc51❤️
28127635,Leah Sapp
28127636,Bushra Khan
28127648,brittanylhurt
28127806,Tarynlotus
28127810,Simon Holland
28127829,the.glow
28127831,marykhenley
28127833,mariateresabrito
28127848,Claire Brooklyn Dawe 💋
28127868,Taylor Harrish
28127869,myriahnoble7
28127878,charlotte.doodles
28127879,ananarvaezn
28127890,thatcoolmommatay
28127892,romanticizee
28127901,nirxana
28127909,Estimé
28127928,itsme.jessicaaa
28127929,jadajameson
28127951,Ana Espin
28127972,kelly.a.hogan
28127976,just_jess_t
28128845,Rachel Platt
28128927,Adree | Homeschool Mom of 4
28128937,Lori Miggins
28128939,Madison Jade & Family | Fashion  Family & Lifestyle Creator
28128944,Sarah Coggins
28128964,🌴J A Z Z Y 🌴
28128981,Jenna Livingston
28128992,Ima | Lifestyle Creator
28129005,Priscilla Rodriguez
28129564,dutch
28129863,Kim Andrews
28129891,Lindsay Liles
28129907,queencitysweat
28129921,Diedre ❤ Are Those Your Kids
28129974,shesawreck_
28129976,partyofsevenblog
28130365,Nikita Harris
28130367,Reyna Fonseca
28130376,Reena Gurung
28130386,Katie Mylove Nazir
28131179,Imani Love
28131223,Mayra Berenice ❤️
28131226,deeleeseeah
28132567,Sydney Austin
28132579,Luz Nunez - Houston Content Creator
28133355,Jeniya
28133366,Ashley S
28134201,Kayla✨| AZ Content Creator+Influencer
28134220,mavi🧚🏼
28134230,Nana Akosua Benhene
28134752,Tiffany Napper  Business Coach & Speaker
28135691,Max
28135696,❀Jasmin❀
28135703,Tito Orlando Dudley
28135750,Stephanie Rahme
28136014,Tiktoshh
28136036,laurenッ
28136087,Kiana Champion
28136091,_joelledyanne
28136092,thet1dmama
28136121,_jt_hair_
28136123,kay_themedstudent
28136172,Cassidy
28136179,Barbie Delle | Curly Hair Inspo
28136341,Kate :))
28136498,Chantel Mason
28138456,RYAN VITA
28138457,ka$h
28138466,Robbie | UGC & Lifestyle Content Creator
28138470,Therese Cranick - Aging My Way
28145469,theechloegrace
28145480,Sydney B
28145482,Zaria Does Makeup💕
28145502,kathousebeauty
28145510,Haku
28145521,Markphong Tram
28145541,👶🏼Jojo
28145543,iris ♡ makeup + skincare
28145547,Jennifer Velez
28145557,edgar
28145558,Marisa
28145559,Bethany Gilmour
28145574,asiajade1111
28145605,ErikaBud83dudc8e AmericasTroublemaker
28145624,nila kheri
28145626,Diana Arrieta | Fashion Stylist and Content Creator
28145713,Roha Riaz
28145804,Nikki Khanna
28146020,Paul Sklar
28146035,Geoff Blum | Speaker & Coach
28146140,Ariel Lathon
28146141,Sharinda Williams
28146165,Yuliffer Castellanos
28146194,Roz-ah-lynn 🌹
28146196,BrandonLaNard
28146209,Gabrielle Kirven
28146214,That's Sew Monica
28146258,🍒 K a t 🍒
28146267,mixedwithbarbie
28146295,ayethatsj
28146313,Equeenin
28146335,caroline dare
28146336,Leaf
28146367,maeganmarvels
28146380,LAUREN
28146435,Gershom Ejoni
28146467,Lyah Luttrell
28146486,Jordyn Power
28146533,Stanzza Y. Patterson  Esq.
28146540,morganhartttt
28146624,Kay Elle | Nashville Content Creator & Media Host
28146626,N’dea (in•dea)
28146642,Toni Livers
28146643,Heather Paige Cohn
28146664,Beauty & Wellness Expert
28146806,Meshia
28146856,SHOP REDO
28147033,Veta Adrion
28147262,Stacie Zollars|Sugarfacebakes.com
28147264,Jax Jeffkin cpt
28147472,Sadé Amari
28147480,Nikkchikk
28147627,Barbie 🎀
28147706,Kimberly Brown
28147715,Fashion |Business | Lifestyle
28147748,chunkii ✨
28147794,Oliver TwiXt
28147867,keleanwilliams
28147895,Danielle Kelly
28147896,D'anna Stewart
28147913,Sergio Nanu
28148006,BIG SENSEI
28148017,Shakira Marie- Curve Model
28148037,The Band McMillan
28148088,Summer Jackson
28148139,Cabi
28148147,tatchybrown_denis
28148150,Barbie From The Block👑✨
28148187,Devin Brye💫
28148192,Jasmine Diaz | Pro Makeup Artist
28148248,Rajani Yonjan
28148257,Lex :: Daily Parenting Family
28148272,Heidi Fahrenbach🦄
28148290,Mark & Fey
28148307,MAC
28148383,Penny Giakos
28148384,Liv !
28148445,a_haywoodphoto
28148455,Brie  Esq. | your new fav 💅🏾
28148456,Coya | Travel  Lifestyle & Luxury Content Creator  🌎✨
28148527,Sara K. Runnels @omgskr
28148543,Karla Toledo
28148606,paigeellismusic
28148666,Briona “Bri” Jenkins
28148699,Martin Schofield
28148718,Kenny Gamble
28148738,Nesha Torres | Travel & Brand Photographer
28148756,m a d i s o n   k o l d a
28148812,Lexiud83cudf3a
28148829,Janeé Bolden
28148954,Toni Estes
28148975,CHINA THE DESIGNER✏️👗💻
28148976,Aziza Kibibi
28148983,mielafetaw
28149013,incommonphotography
28149026,Jess Jacobs ⭐
28149045,Brianna
28149056,senorita_esther
28149068,ashuncharted
28149209,Madeleine
28149212,carlyxoliver
28149217,Leah.bria
28149963,ıllıllı 𝐸𝓇𝒾𝒸𝒶 𝒱𝒾𝓃𝓎𝓁 ıllıllı
28150008,Kelly Washington 🦖
28150011,Ashley the Licensed Veterinary Technician
28150230,Cosette Didericksen
28150361,Ren
28150365,Amber Roze
28151464,Renee Bhagwandeen Fashion Model
28151465,theversastyle
28151479,Jahdai Pickett
28151482,Vanessa Sanquiz
28151532,R E N A T A ♏️
28151537,Yuri Loudenslager / OKC - Colombian
28151539,M A Y A
28151552,Lidia Magnolia 🌻
28151833,Bonnie Rodríguez Krzywicki
28151900,ＤＥＢＢＹ ＨO
28152115,Koraihma Guzman 🦋
28152196,Dr. Breanna Danielle • Intuitive Foodie
28152279,T A C H E L I N E
28152339,N A T A L I A S A L T O ✨
28152353,jaaenoir
28152410,Olivia Douglass || MD Blogger
28152473,Maria 🦋
28153234,Joe & Rachel Stauffer
28153258,ellynwithay
28153259,Megha Patel
28153280,Kyla “Nani” Beland
28153285,jourdaneats
28153396,XayLi Barclay - Visibility Strategist & Camera Confidence Expert
28153459,NICOLE WONG
28154390,curlypanda
28154394,Tatiana Raquel
28154438,Amanda
28155144,Dr. Ashley Brissette
28155182,yvette_pons
28155633,Nelly
28170347,Freek Da Gemini
28170464,Shweta Rao | The Sixyard Saga
28170473,DELI LÈVON | THEE GLOW KING✨
28170482,Sofia Ramirez
28170492,erikam0520
28170520,Vegas Food
28170576,luvdanilee
28170588,Brooklyn Brown ❤︎
28170603,Nicola Foti
28170635,Rainis Hwin
28170637,Stevi  Werner
28170657,Selena Jasmine
28170658,monica: wardrobe strategist & coach
28170665,julieeculieeud83cudf80
28170675,sabrina.lcr
28170703,Ibrahim Diakite
28170717,𝑫𝒆𝒆𝒏𝒂 𝑫𝒂𝒏𝒊𝒆𝒍𝒍𝒆
28170719,aggie | nyc life & motherhood
28170776,Mariia Solomonova | Blogger | FL 🌴
28170881,KeySlaysss
28171004,My Pawfect Family
28171008,TB’s World 🌎
28171064,lostartofstyle
28171090,Kendra | Faith  Family & Lifestyle | HTX
28171095,JEREL SMITH
28171120,Wendy ♡
28171165,jιna dυѕara
28171170,Luis Del Mar
28171256,Tomisha Jessup
28171293,Aunaya W
28171298,Danny B.
28171303,Top-shelf Curly Cut Color Indy
28171311,Lauren Sebastian
28171328,braidsbykeshia
28171339,MyFrecklesAndCurls
28171360,Starr Briight
28171365,sarahmadwell
28171376,ᴋᴇʟʟʏ ғᴀʀʀᴇʟʟ
28171396,✨Jaylan Merriweather✨
28171399,Shon B.
28171487,Chantel
28171494,ivan wang 🇹🇼
28171655,Danger Aurora𓂀𓆃
28171731,⠀⠀      So Angełes    ✞
28171732,Anita | Fashion + Fitness
28171759,Kayla Kaiser
28171769,Jubilee Dawn
28171791,hawtdamn
28171954,Imani Hakim
28171965,ॐ
28172259,ASHLy Nelson
28172330,teni 🐱
28172488,Joanna Dimes
28172494,Lexi Smith
28172501,Abby Richards
28172546,김은애
28172583,Amanda Katz | Strength + Run Coach
28172640,𝓐𝓷
28172643,tiarraperriman
28172645,iiightash
28172689,des
28172691,Liv
28172769,Mariah ૐud83cudf19⚜
28172793,Cadijha Wilson
28172833,MIHOLANY
28172909,america_riley
28172930,Storm Hulsebus
28172977,Jasmine Ellis Cooper
28173152,cheykphoto
28173218,Laura Yvette
28173238,byLOMUNS
28173255,Morgan Paige
28173296,liv battista
28173367,sam.the.therapistt
28173428,kimoni.eatss
28173430,gabs
28173443,Neetu Poudel
28173454,Jani🫶🏼
28173482,Irenna Strickland
28173498,Autumn H
28173502,Shova
28173557,Ave
28173558,Crochet pillow pattern designer  fiber artist  and crafter
28173566,Deborah Jolie
28173575,lindzmichelle40
28173577,CZARINA
28173591,ISABELLE
28173645,🌸 Ashley Bellevue
28173666,Soslay 👸🏾
28173697,thisiselizabethrose
28173811,Johnette Cruz
28173845,Luanna Perez-Garreaud
28173849,Kamla-Kay | Posing Coach + Model Mentor
28173856,psshandabookings
28173857,B R I T T 💕
28173859,La Couponistas | Marysol
28173879,Andrea Cor
28173977,Letty B
28174018,Cleopatra King 👑
28174051,Kiley Morgan Fit
28174059,Nikki Zaffino Coglianese
28174085,Sandra González
28174089,Marlene Davila
28174097,Shareen Medina
28174115,Davante Wilson
28174161,kasey genthe
28174168,Maya Rabshinsky•مايا رابشنسكي
28174184,Daisy Starling
28174185,Kimberly Noel
28174259,Darby
28182713,Jade Elysan
28182719,NYC Food Photographer
28182752,Savanna|Pre-PA Coach|Derm PA-C
28182805,Theresa Nichole | Makeup & Skincare Creator
28184449,1_bella_rose
28184455,theplantriot
28184467,Abril Laureano | UGC Content Creator
28184472,Arlety González Chile
28185843,Joe Bonavita Jr
28185844,365 +1 photography account
28185845,Ya Fav Homegirl
28185851,Sofi | CoCCo
28185871,Tra- Sacramento Photographer
28185888,Mary Jane Livingston
28185896,Joey Bronston
28187973,Marina Delgadillo
28188077,Julie McFadden  RN BSN
28188087,Robin Packard
28192154,Matt Merrill | Weight Loss & Fitness Coach
28192170,Brandon Davis
28192214,thejasongreene
28192277,Daniel Cases
28192779,shriverboysmom
28192866,nylabrelsford
28193996,Erika Bell-Barnes | Lifestyle Over 50
28194007,Adri Rachelle
28194064,Autumn Beukema
28194073,Chané Ashea ✨
28194093,ud83dudc51SpoiledForever.com
28194097,Rachel E Nicks
28194119,Jamnice💋🦋
28194144,minieeminaj
28194157,Markia Brownlee
28194345,♕
28194388,Bun Maternity
28194419,Ariyanna Monique
28194430,HANNAH SUBER
28194451,DM FOR PROMOS🤩
28194467,amandagoold
28194480,Not Another Fitmom
28195061,OREO 🐼🦄💜
28195066,Megan Renee
28195071,Samantha
28195114,Amanda Champagne Meadows
28195119,danniigurl
28195143,umispeaks
28195226,Latasha Stevens | Confidence Coach
28195812,amanderz7
28195900,Kelsey Lamb
28195901,Keiara🦋🪐
28195917,Chanè
28195951,Lexi | Working Mom
28195961,Jazlyn
28195966,Bernetta Knighten
28195998,theurbanindigo
28196466,Azi Mommy 💙
28196514,Kiara
28196517,Dee Cardriche
28196611,Johcelynn Fawcett Lopez
28196620,Liz
28196626,Erin Turk
28196881,Kandace Kichler  MD
28196895,Robina
28196912,KAYLA REYNOLDS
28197275,Lucineia Bridge
28197277,Dr Jacqueline Pierre
28197297,Lexi Jurado
28197310,Darrell Rivera
28197411,I Am Syin TV. 💕🔥🌎🆘
28197696,Mely
28197798,Amber Middlebrooks
28197808,Justine Mfulama | Relatable FTM
28197844,Angel B. Designs
28197847,Angel Simone
28198209,Tereá boss Carter (Nails By T)
28198210,Ku'uipo Fuller
28198311,HEIDI : Motherhood Outdoors | Faith + Family Adventures
28198330,amandacarrollonair
28198340,Kedric Barrett
28198347,Lacey Aslett
28198357,iznapierr
28283632,Glambygladyss
28283637,Zsavonne
28283664,Gianni Taylor🍀 Watch My Story
28283893,Taylor Garrison
28283908,Bethany Lynn
28283913,Adriana Naomi ♡
28283914,Courtney F
28284320,S C A R L E T T ud83cudf3bJ O
28284346,Kathy Myers
28284440,brianarunsdisney
28284469,kiimichelle_
28284574,uyo okebie-eichelberger ud83dudcaf
28284631,emmaheinbaugh
28284772,Nila Grier
28284785,Melissa
28284790,Michelle
28284812,Morgan Hightower
28284813,Coppelia
28284833,vanessa_oblinsky
28285123,Nyayan Koung
28285130,𝐿𝐸𝒪𝒩𝐼𝐸 𝑅𝒪𝒟𝑅𝐼𝒢𝒰𝐸𝒵
28285230,Everly (Katelyn Epperly)
28285456,Jordan
28285500,Amy Fosner
28285513,Krystyn
28285527,siyanjanae
28285545,Jessica Tillery
28285557,Smokey & Maia
28285566,Maci DeShane McKinney
28285617,Cendy Leway
28285853,Chelsea Morning ✨
28285900,mymindfultable
28286833,Cassidy Dixon
28286846,Soy
28286884,Mother of Harleen Quinzel
28286901,Lucia Bonfanti | Glute Growth & Body Recomp Coach
28286906,thedailymizz
28286910,Sami Smith
28287141,Skincare+Supplements| mama
28287142,Sarah De La O     Godud83dude4fud83cudffb
28287151,Pilar Gomes Ferraz
28287172,ChicMarie
28287194,Natasha⭐GrishkoFutureStar2019⭐
28287208,c a m ★
28287553,Kaelly Aguilar
28287571,Sarah Berry
28287603,Britney Cruz
28287620,May Laurentino | Vida nos EUA 🇺🇸
28287621,Steph Pi • DPT | running coach
28287622,brittneybeadle
28287629,Karl City
28287710,aya_aziz
28288308,hayley harrington
28288356,Theresa Huaroto
28288358,Britt Nicole
28289117,Ren “Roxy” Bray
28289124,lily
28289194,Richard J. Foster
28289227,Paula Trejo
28289239,maddiepelayo
28289737,LUIS JAVIER CRUZ🇵🇷
28289747,emily
28289755,Fit Author Bae
28289773,☆ Addie ☆
28289780,B R I S E I R A
28289809,Gloria Ramirez
28289833,K
28289873,Caren | Solo Travel  Lifestyle  UGC
28289887,jordan way 💙
28290582,mckenzie.pennington
28290662,moniquemagitt
28290778,_heyitscarol__
28290836,Basimah Frazier
28290846,Molly Robinson
28290915,Katie Hague
28291202,Cortney
28291250,Anna Banana
28291386,Heather | Multi-Passionate Founder | Delaware Lifestyle Blogger
28291395,Delicia Hargrove
28313630,ashwehby
28313633,sassymixplate
28313780,Ayesha Sehra
28313794,Jaime Griffiths
28313806,LOLO 🕊️
28313809,meg_humphrey
28313830,anizzy679
28313833,kennyjromer
28313981,Sierra Brave
28314001,Camilli Brito | lifestyle  beleza e viagens
28314002,Angelica | Live Well
28314004,mackenzie.nadeau
28314030,Brittney Priore
28314036,p.leesh
28314054,Kelly Ann Shuman
28314056,celine
28314061,Ruby Cabrera
28314063,kenziesimone_
28314065,coach_ladyj
28314419,Jaffry K. Ward
28314593,Ashley Daniels
28314597,Robzinette
28314622,Una Familia en Texas
28314661,Kim Adams  CSCS  NLC
28314705,hb
28314775,Sydney & Simone
28314810,Lynnette Joselly
28314822,Hadeez
28314835,Katrina 💕 Florida Based Content Creator
28314910,Rebecca | The Magnetic Abundance Mentor🧲
28314917,Luciana Orindas
28314960,Lana
28314977,TiffaniiTok
28315017,Reinessa Gaming
28315053,Jae Bae 👸🏾🇧🇸
28315077,Brittany LeeAnn
28315144,Samanta
28315176,Jada Cooks
28315178,Jorda
28315248,Linda Nuno
28315252,TIFFANY JORGE😋💦💦
28315269,Susie Lujano
28315273,Carla Thomas
28315285,Candice Long
28315290,yes2next
28315361,Sarah Pringle
28315375,Shandelle Clifford
28315395,Simone Shepherd
28315505,Casey Sherrod
28315573,HeavyD 🧡
28315664,duckytheyorkie
28315693,Farrah Abraham
28315822,Emily McCormick
28316123,Mary Gomes
28316154,vanesssagordon
28316206,Sarah Mijan Holloway | Online Coach | Women’s Waist Sculptor
28316225,by Tatiana Pujol ud83dudc9c
28316236,De’ja Mulan 💋
28316380,Casey Ferrand McGee
28316486,ichoosejoynow
28316512,Emily Stimpson Chapman
28316520,Autumn sims
28316562,Ronie Luke
28316785,steph_m_oleary
28316968,b ryan
28316999,Parker Pannell
28317001,💄Whitney
28317050,Kelsey Santos
28317088,fitness23_vanessa
28317114,Tyree Williams
28317124,ojeni
28317177,Kim Kong
28317190,CHELSEA 🌊
28317214,🥑 𝕤𝕒𝕣𝕒𝕙 𝕙𝕒𝕣𝕥𝕝𝕖𝕪 🧜🏼‍♀️
28317319,Erica
28317344,China Renee
28317402,Brenton Webb
28317423,Taylor / Fitness + Mom Life
28317668,William Tyler
28317694,Sashea Lawson
28317721,Kayla Simone | Dance
28317768,Christie Jay
28317773,aisha b.
28317782,n.athacha
28317912,Yesenia Mendoza
28317922,Dee “lilD” Porter
28317932,Paul McGill
28317939,Boston  Bowie & Koa (Tully ud83cudf08)
28318006,Plus Size Lifestyle & Outfits
28318020,thesajidageiersbach
28342038,Kristy Still - Mommy Hates Cooking®
28342215,Gehrig Dieter
28342250,bombaysisland
28342316,itsbreanamarie
28342322,Joe Miragliotta ✈️
28342328,Chompers the Corgi
28342358,Lifestyle Blogger
28342427,janellecarmelaphotography
28342457,kennedy.a.cain
28342473,amarqisabree
28342481,Mika Majors
28342484,hellonancychung
28342526,Kae
28342554,beecourageous
28342650,iamjasmineee_
28342651,sandrawarrenstyle
28342666,krissylamour
28342837,Madi_McFadden
28342882,Nicole Pettit
28342891,Mari
28343005,bristolrawls
28343132,Abuela's Kitchen
28343137,Nichelle
28343155,parsnipsandpastries
28343245,ianajhester
28343270,"Sharing  ""San Diego Family Fun"" 🌴☀️"
28343342,James
28343347,l a r i s s a. ( L C )
28343349,Izzy Rose
28343428,kyky🌴
28343477,mirandageist_
28343483,thefiercemama
28344669,Yahya Bashir
28344671,Nomakwezi Williams
28344714,jaymers69
28344764,pinder_home
28344774,Bobbie Novak
28344823,Prince Trunkz 🌙
28344850,Sarah D Bond | Online Fitness Coach
28344953,Ramen Reunion🍜✨
28344959,MeganTheDDMvp
28344981,Javidan GM
28344992,.
28345042,jamhile
28345153,402 & Beyond
28345273,uhhmerika
28345285,Astrid Dyson
28345325,Paige Dupont
28345334,TiaTeanna
28345371,Kate Eschbach
28345394,Rachel H.
28345413,Dr. Aisha Sindhu
28345474,Aria 👑
28345483,JENNA COOKE
28345501,petiteandpreppy
28345574,M a y a✨
28345594,Angela Rose 🥀
28345706,Coach Mirah  BS
28347670,kneeenur
28347672,Krystle Wilson
28347683,Mani.
28347717,simplybraeb
28347762,itsclarawang
28347775,Jenn Sinrich
28348061,Rebecca
28348095,Angelica 🇨🇴
28348103,Monika ud83cuddf5ud83cuddf1
28348117,carolyncatherinee
28348176,Kaitlyn Amanda
28348185,Tabatha Marie
28348195,Maddie Welborn
28348212,bianca_jenkins
28348263,Vernisha Lynnette
28348279,Kary Wurth
28348289,MADDIE DOBBS
28348310,Skyelar Christina
28348416,Farah Gasimzade | Sun Kissed Blush
28348426,Riley Moriarity
28348464,bookthistrip
28348474,moving4wardin4th
28348480,christy.ix
28348497,mckenna.morrell
28348506,jaxkubo
28348518,hellosjc
28348522,katy  your favorite stylist
28348651,siececampbell
28352184,Networthy
28352191,kait
28352222,sydney nicole
28352227,bri🌻
28352274,Jael Hadas
28352280,katienicolegross
28352285,justin patterson.
28352303,IT’S ASHA
28352306,_kayyyjay
28352317,Genny 🌞
28352332,Simon Ho
28352414,katie♡
28352421,sam dykstra | photographer
28352460,kelse.e
28352466,Dez
28352483,maddie
28352503,Vinn4x
28352668,Nick Meyer
28352796,≏KAMRYN T. HERNANDEZ≏
28352894,K.O.
28352959,Howard Johnson
28352961,treasurenohemi
28352973,gingerrlu
28352997,𝗡𝗼𝗿𝗲𝗲𝗻𝗮 𝗕𝗲𝗻𝗶𝘁𝗲𝘇
28353022,Victoria Jackson
28353050,joely ⚡️girl going the distance
28353070,Ron Dadon
28353114,Kelly ðŸ’—
28353233,Ashley | Fashion • Fitness • Funnies
28353293,Kiran Hamza 📍Houston  TX 🇺🇸 Influencer ⭐️
28353326,Deborah Levy Designs
28353364,sustainablyaimee
28353385,Rodiesha Siddiqi
28353390,Marie🇭🇹
28353496,CAROLINE FOSTER
28353526,Claire Kimsey
28353533,EVA GHANY
28353605,E
28353608,Justanothermaha
28353773,Noah Williams
28353837,Karen McCloud
28353841,claudia lamas | outfit inspo
28353861,J A C K I E
28353941,godfrey ☆
28353966,Nikita
28353968,Junior Vasquez
28354074,C A R M E N Ramirez
28354175,Daniela Ricchio
28354195,Hofit Kim Cohen Meyers 💫
28354237,Dani Krshka
28354275,Brittney 🌹
28355287,sprinkleplaysclips
28356197,Yasmine Matcha
28356404,Jessica Grace Booker
28356475,gabbrieelleeee
28356476,aishaxakilah
28358782,Janae
28358784,Erica
28358799,thejoyinstyle
28358801,Erica Danielle🥀
28368053,qtepiee88
28368551,Mari Takahashi
28368578,Eric Hinman
28368597,Far Above Rubies
28368598,Megan Pura Porteous
28368606,theglowwellness
28368642,𝐂𝐄𝐋𝐈𝐀 𝐓𝐄𝐖𝐄𝐘
28368677,theuncensoredself
28368733,jadee🦎
28368773,Amy Dao
28368974,Vivian
28369058,Natasha B. NYC Sneaker Lover l VSG Babe l Mom
28369393,Ryne Gammon
28369454,Kathy Khang
28369823,craftymsmendoza
28370579,carlyaquilino
28371937,Broderick Smylie | Food & Travel
28371938,Kellie Hemmerly
28372338,Prettytayk
28372350,Mónica Rivera • Actor  Model  & Creator
28372357,Elise Colleen Yates
28372358,Mia Moreno
28372373,Nikole Cunningham
28372384,Connie Chang
28372409,Kaitlyn | NOLA Photographer
28372437,Jenn Marasco
28372443,YA WiFEY’S FAV0RiTE NAiL TECH.
28372463,Brittanie Lynn
28372869,aѕнley
28372880,𝒩𝒶𝓉 𝒦𝒶𝓁𝑒𝒾
28372909,asmita 🌸
28372926,Rita Yamphu
28372981,Sara Rice - Model | Actress | Influencer | Travel Advisor
28372989,Glynisha Langston
28373005,Bath-Sheba Arlana McMahon
28374145,Brittany Danielle
28374247,moco
28374268,Kat Rodriguez
28375070,Taylor Girard
28375074,Pollin Pauline ✈️🌸 Blogger
28375075,blakewisz
28378125,From A To Z | Miami Blogger
28378127,MacKenzy Jayy
28378484,Arkeedah McCormick
28378495,M O O S A R 🇰🇪
28381429,Aja Pressley
28381496,One Sharp Bunch
28388498,ky boy
28388501,Datura Jonez
28388508,Josie Landgraf
28388509,Lenay
28388535,mirandahopejewelry
28388593,sharon jane
28388602,Cortez Shaw
28388731,Leesa Worden
28388732,Hailey🕊
28388734,Joseph garza
28388751,Debbie
28388753,BunnieClaire
28388761,Rossill Elshafei |Makeup• Beauty•Fashion•Lifestyle
28388797,Nita Gill
28388868,Charleston
28389068,Jake Myers
28389122,mskeehn
28389148,Stephanie Lee
28389164,Dezmon Gilmore
28391260,𝑬𝑿𝑸 𝑭𝒂𝒎𝒊𝒍y 🤎✨
28391348,liv
28391364,ʜᴀɴᴀ ʀᴏxᴀɴɴᴇ | Orlando Content Creator
28391376,Azam Tai
28391716,Chantyy
28391722,Destiny Williams
28391747,Laura (Lou)
28391749,Belinda
28391800,♉️🦋🧿Andrea🧿🦋♉️
28391807,briannairv
28391884,Bailey
28391939,Habit Extensions & Color
28391968,Dajah Massey
28391976,wellmaaann
28392084,maddie
28392086,jesse russo
28392125,Megan Lilly
28392141,sanzeria
28392179,Sheyna ♥︎ CREATOR + UGC SLAYER
28392209,L I N G L I N G  🐉
28392230,Tatianna M. 🤍
28392248,Elin Elite
28392259,ғʀᴇᴇ ʀᴀɴɢᴇ ʜᴜᴍᴀɴ
28392261,Megan McKinzie
28392276,Daniel Jiawei Li 嘉伟
28392293,Anu Reed
28392338,Liv Vasquez
28392374,Nate Wickstrom
28392394,Paul Zahn
28392408,Paul Fuentebella
28392433,anacarinamurphy
28392439,Cecily Jamelia
28392490,kennedy stanek
28392492,ana_rosee_
28392497,HAYLEE J CUNNINGHAM
28392498,sharon ٩꒰๑• ̫•๑꒱۶♡
28392516,Marid44
28392527,Purely Golden✨
28392537,Jackie Diaz
28392539,T
28392551,Breylan Poulsen
28392584,ud83dudc51Bee
28392586,✰ KT ✰
28392594,Chloé Elder
28392605,MADELINE MOORE
28392608,itskkarlaa
28392648,Julie
28392659,LAKEN HECKARD
28392668,mikaylaellise
28392687,Kolbi Kollette
28392757,Hempy Mama
28392759,AydenSchrader
28392764,Cynthia Cakes Knox
28392816,Jadyn Brooke
28392851,HJackson
28392865,Michelle Chacon
28392877,AKABROOKLYNN
28392890,Kasara Cromwell
28392928,Faith Cooke
28392990,Nahbi Draiby
28392995,Mars
28393004,Maria Jamaica
28393017,Aubria Lanae
28393030,ANDY DOOLEY | FAITH & ATHLETE MENTOR | HOST
28393043,Kelly Murphy
28393056,ashtonbush
28393092,Annie Kundis
28393128,Amber Turner-Farrar
28393139,Genesis Payne
28393162,yuenabei
28393164,Paula Kordi
28393165,𝓓𝓪𝓲𝓼𝔂 𝓜𝓸𝓷𝓻𝓸𝔂 🌸
28393171,Bekah Mackawgy
28393213,Julie Ann
28393266,AnnabellaB
28393326,Yanni
28393367,JerricaOJ
28393393,Norelle
28393406,Jhonimar Cardenas
28393424,Ariee ®️
28393429,Melissa Loren • Kansas City Photographer
28393600,Vee
28393681,Kristin Pierce
28393694,costcosisters
28394368,GOOD FOOD EASY RECIPES
28394373,Kita Shah
28394387,Sophia
28394409,lindsay etemadipour
28394411,Andrea O. ♥
28394866,jknoxthefox
28394902,Mason E. Garcia
28394903,bre
28394915,Damnnearperfecttt
28394919,Shawn Stinson
28394937,Abby Lou
28394952,shesmaryann
28394954,themomofthr33_house
28394959,Petia | Motherhood  Fitness & Lifestyle
28394967,Anna Marie Langley
28394999,A S H L E Y - S T R O N G | Arbonne
28395267,Kaelyn Marie
28395280,🐐
28395309,Stephen Sharer
28395317,Ashlea Sherman-Wyzard
28395336,🇦🇬🇦🇬
28395408,himabarot
28395414,Taylor Harvey
28395681,Lindsay Brown
28395712,Mads
28395716,Lizette Perez-Martinez 🌻
28395720,Nancy V
28395823,Maryant | Mom & UGC Creator
28395849,Arayof Sunshine
28395858,Hannah Marley 🤍
28396132,Haylee💋
28396158,Maya
28396194,Lesly | Influencer/Foodie
28396223,Yamen
28396257,La’keira
28396270,Khash Monhae | Tampa Influencer | Entrepreneur | Content Creator
28396361,👑Chyna Maria Sophia👑
28396619,Mehkhi Hardy He/Him/His
28396681,sequoiarhian
28396710,restoredpromises
28396736,anniielian
28396803,Amy Witt
28396854,Randy C Bonds
28396890,Bigfinethang
28396906,Taylor Bender
28396936,Donna
28396944,L I S A   A D D O
28396946,Megan Millecam
28396965,Frances Carpenter
28396967,Niesha | Western Lifestyle
28396978,Maria Garzon
28397020,It’s So Good
28397022,Summer Kayy 🧘🏾‍♀️ Fitness Content Creator
28397041,🖤The Girl With a LOOK🖤
28397043,Jay✨
28397078,Sharon Fredrickson
28397101,Naomi Graye
28397128,Pour Minds
28397131,Harell McKinley
28397188,amiyanushen
28397227,Emily L. Foley
28397240,sharee.
28397270,Winnifer Guerrero
28397402,Sade Goodman
28397413,phillipsolivia
28397701,Des💋
28397719,audiesue
28397728,Bryanlicious2
28397734,Ashleigh.Cunningham
28397757,Nate Saunders
28397766,Kellie Bochart
28397773,lauren badillo milici
28397794,Maddenny Perez
28397817,thecarseatseries
28397819,iamsherriyvette
28397823,DiDi Delgado
28397853,Laurawiththecurls
28397871,Claudy Pelingon
28397897,Sarah Kelley
28397903,Maria Gleason
28397939,Nickyy
28397957,Maddie Gardner
28397962,HARRIS
28397973,Elvira Reyes
28398028,Serena Fields
28398088,Daniela
28398094,Betsabe
28398104,shayacoleman
28398123,Will Jardell
28398168,reagan tylene ;)
28398172,Macy Ray Dearing
28398173,Emma White
28398177,Leandra Mya ☺︎︎
28406550,yafav_dd | Travel Advisor
28406562,Taylor Marie
28407137,Ced
28407139,GrowWithTheHoe
28407149,JAZZNOTIS
28407204,Mehgan Sapphire
28407215,Sisco Fox
28407295,Shivonne Odom   LCPC   LPC  PMH-C
28407316,★♛Cassie Layne♛★
28407347,Diana Drew
28407380,Janel Love
28407385,Payton Chadwick
28407546,CJ OperAmericano 🌤
28407676,Taylor Thoits
28407721,Shamika Chantae
28407728,Chloe lynn:)
28407748,Coco Washington
28407757,Jess Rodgers
28407789,Tamera Bates
28407851,Jonathan Urra 🧿🪐
28407864,owensdev13
28407866,Professor Kez
28407875,Dr. Irene Okeke
28407980,Breonna Queen Beauty
28408011,Izzy
28408020,taramobasseri
28408079,Tiffany
28408339,CATT SADLER
28408345,Milan Zoe | Wellness & Business
28408364,RAQ| Beauty • Business • Lifestyle
28408374,madele˚˖𓍢ִ໋❀
28408383,Mia (pronounced my-yah) 😉
28408403,Millena ®️🌻🇧🇷
28408414,Tihana Bulut
28408426,Victoria Mesa
28408450,suvees
28408510,sasha
28408519,Kara McGrath
28408528,_kimberlysimone
28410730,Cake Queen Tanya
28410751,Lilly_baby
28410756,Linda Owens
28410779,Suzette James
28411166,Anisa Abanuur
28411177,Dania Mattis
28411186,dayzha 🎀🐆🪩💗
28411218,Bryan Bautista
28411368,Aida Danielle
28411374,Be the Village | Whitney
28411386,Ki🦋
28411416,Jaime McKee
28411516,Joyce
28411523,Simply Sims
28411572,Taylor Franklin
28411585,Zoey Zanai
28411777,Bangles & Accessories🤍
28411849,chekeeraj
28412004,Tc Cooper 🇳🇬 📍Atl
28412017,Jordan Sanders
28412021,Victoria Tamia James
28412036,Grant House
28412039,CJ Shepard
28412079,K E L L S
28412116,Steph Rojas
28412120,Tori
28412137,Empress 🇯🇲🤎
28412140,gabby.casper
28412181,Emily Mclaughlin
28412211,Chelseaexplains
28412256,kellyzugay
28412355,sarah baker
28412360,✨Ariel Hazzard✨
28412377,🌹Whenda “Wanda” Tima
28412398,Broderick Armbrister
28412405,IRV | House of Zeus l Nike Trainer
28412415,ℰ𝓁ℯ𝓃𝒶 🥀
28412416,K E N N E D Y
28412424,Irina Dorn - EasilyDressed.com
28412513,Dev
28412527,Perks Of Beauty
28412537,Kia Na’Shae
28412573,giannafae
28412625,Janelle | Content Creator
28412696,Angel
28412697,Tiffany Sotak
28412704,Tatiana Winton
28412749,Tiffany Marie Davis
28412795,Katiana McClean <Kat>💙
28412836,debora.dutra
28413132,Badmadz
28413159,ken 🤍
28413198,Brooklynn Lily🩷
28413205,pam
28413206,Ohana Lima
28413213,K ✰ B
28413218,stacc🦋
28413251,elaine
28413263,Tiffany W.
28413268,miranda.nickoles
28413346,aka_pheebs
28413347,jenna0314
28413351,bellamaz15
28413358,ashtinengle
28413378,e_pezzy
28413379,beingdeezy
28413381,heids.h
28413388,rachelllllllfessler
28413399,kamrynnnrose
28413553,Camila Hansen
28413568,The Lira Fam
28413606,Jaylene Mendoza
28413647,Mandy | Family  Lifestyle  Workouts & Fashion
28413731,Queen Chioma 💕👑
28413764,heyqueenkae
28413840,princesskae_
28413969,MADDIE 🦋 SMITH
28414065,msdailee.j
28414085,Brooke Brice
28414102,MDNIFTYTV
28414112,Jannelle So-Perkins
28414114,ajahlexi
28414133,Kenyerli Pérez | content creator
28414138,rhyantru
28414140,saunij1111
28414144,Gia | MODEL| UGC | CONTENT CREATOR
28414145,Jasmine Ornelas
28414150,Carlie Evans
28414254,M i n d y  L a w h o r n e
28414283,AOHousewife
28414286,Our Piece of Earth
28414346,↞ Tara Visconti ↠
28414347,Tiffani Hawes  Esq.
28414395,kianabraun_
28414397,Olivia Mcclellan
28414411,jasmineofodu
28414421,jacquelyn.a.g
28414429,haileysfitnessblog
28414440,kristine santana
28414443,marcelleblanchet
28414446,Andrea Cuadras
28414450,sarahkrugel1
28414452,journeyy.lewis
28414454,makenna.leighaa
28414465,larenplz
28414476,briviotto
28414477,mcm_1384
28414478,ᴀʟᴇxᴀɴᴅʀᴀ ᴍᴀᴄᴋᴇɴᴢɪᴇud83dudc51
28414486,kate.martins
28414488,rrileymay1
28414490,diamond.spann
28414656,Anita Burke
28414687,Denver Foodie • Bre
28414721,Coco+Kenzie
28414996,once_upon_a_katana
28414998,tiahosler
28415000,Mckinsey | Tulsa | Finding Magic In The Mundane
28415164,Brandi Davis
28415209,its.taylord
28415378,Elayna Fernandez - The Positive MOM
28415444,Sarah Stone
28415669,Mary
28415693,𝐇𝐚𝐢𝐬𝐚 𝐀
28415790,MamaFox
28415828,G i G i
28415905,eatuphoboken
28415955,Ki | Self-Rewiring Guide
28415962,barbara_bwbarb
28416047,cookiemonster_thefrenchie
28416147,Lisa G Artistryud83dudc8b
28416168,MsJessLoren
28416227,Natasha Patel
28416237,Ivonne Romero
28420415,Rosabel ~ ONLY PAGE ❗️
28420461,Dwanna Rashan - Transformation Coach
28420579,Lanna 🌱
28420636,kimsantillann
28420647,Tiffanie Ware
28420648,Dayyyy😍♊️
28421157,Keto Recipes With Flavor!
28421168,MamaRaychol
28421171,BugsBryant
28421195,Susan R. Yockey
28421285,GramaCarolyn
28421367,aribeautyy_
28421369,Yita
28421381,Miss Ruby (Mrs)
28421449,Evelyn🤍
28421458,J
28421464,✨Clari ✨
28421723,amomstake
28421750,✨Keiana Martin✨
28421875,Shushy Shine-Turin
28421938,Melissa Northway M.S.Nutrition
28421944,🌸 theelashgirl
28421945,Mommy's Fabulous Finds
28421971,✨Motherhood&Manifesting✨
28422028,Lauren Cummings Johnson
28422062,Wedding • Adventures
28422072,Audrey Kuchen
28422081,Carly Hill - Debt Free Mom
28422088,kourtney_lei_
28422100,iamlillianseda
28422369,Bridget McGahen // Coach
28422390,homejobsbymom
28422396,thekaylabreanna
28422523,nolookingbvck__
28422631,Corinna Marie
28422669,Sabrina Luke 👨‍👩‍👦‍👦 ✝️ 🇬🇾 🇺🇸
28422795,MeYouAndTheBlendedCrew
28422822,Nicole Indra Espinosa
28422827,Charlestown Photographer
28422978,Brenda Rovero
28423076,pghmommyshops
28423125,fuelwithnader
28423237,LeNae Goolsby | Serenity & Self-Leadership
28423278,Hayley Minogue
28423332,Rina
28423449,Sarah Yve
28423451,brianna.x.nicole
28423464,haneshadelva
28423503,ArtryssaGlamTresses
28423658,AYLA BROWN BELLAMY
28423788,Mars
28423815,C H A N E L   M O N E T
28423817,Annabel Perez
28423829,DJ Bowie Jane
28423850,Kelli Cornett
28423851,christine williamson
28423856,S T A C Y D A N I E L L A
28423858,Nicole May
28423878,LifeBeingDest
28423888,Jenny
28423920,👑E M P R E S S 👑
28423931,lifeanista
28423939,curly_cheetah
28423942,Ana Coltrane | content creator
28434743,Dee Sanders
28435071,ssomfla
28435118,ceiraanicole
28435452,tanisha9
28435455,Tre’Tyrica Lawrence
28435915,crissyreycollection
28436391,generatedbyann
28436424,kelsey_graham1
28436489,NANDY ZORZAN
28436493,Shazia Khan
28436516,Kayla Fitz
28436552,Goldie
28436560,AnnaMarti
28436561,Networker- In- Chief
28436563,Aney Centeno Henn
28436583,Megan Leigh
28436633,An Done
28436698,ISABELLA SOSA
28436733,Adriana Content Creator in NY/ NJ 🇺🇸
28436744,Oriann McDermott
28436802,David
28436828,Adelia Chaiyakul
28436846,Katie McCluskey
28436875,Samantha Fong
28436890,⌜𝐌𝐘𝐊𝐀𝐋𝐀𝐇ミ☆⌟
28437006,José Rolón
28437011,Krista Frechette
28437183,ITz  S H O W T I M E 🎬
28437228,JENNY ANDERSON
28437231,Maia Mills ❁
28437233,Wellness Creative Director | Ed.D. Student | Vault Keeper
28437236,daphne nguyen | beauty  lifestyle  fashion
28437237,Elsa Estefania🇩🇴✨
28437239,Bri  Michigan Photographer
28437243,jaceej Photography
28437244,Teresa Marra
28437262,Brie Beckman
28437271,Jennun | Latin Recording Artist
28437729,Mariam | مريم
28437765,Shot by Lexie ♡ Content Creator
28437770,Priya Ramachandran
28437783,Frisky || Gypsy
28437905,A N I T A
28437916,Jessica Arquilla
28437932,Willow Shields
28438018,hanna brictson
28438028,Georgina Sasha Krauss
28438043,jessevansfit
28438066,Taylyn
28438190,caroline
28438214,Megan 🥑
28438239,zlatathoughts
28438245,Nazee Bonner
28438310,SharronRenee'
28438346,Syretta L Bell
28438351,Karina Pimentel
28438501,Louanna Factora
28438502,Tips de belleza
28438506,Bri’Ana  Marie
28438518,BIANCA ARLENE MENDEZ
28438522,Ashley Polacek 🇨🇦
28438530,✨B I A✨
28438534,TELAN
28438538,Abby Jahaira
28438553,treeewillis
28438561,Glenda Liz MakeUp
28438567,_thelegitmisfit
28438573,OLLYJAI
28438621,Chase Bandolik
28438624,Rochelle Porter Design 🇬🇾
28438638,Dina Kozlovska
28438651,Amber Wells
28438664,moorelifewithcourtney
28438667,trenninbcs
28438761,Miranda Ferrante
28438909,jazzylupitaa
28439075,Stylebyejay
28439217,priscillawesson.ugc
28439451,hannah
28439509,bridget.hesselink
28439900,scruplevisions
28440056,mariacamilamccourt
28440148,vrreynolds88
28440218,Annika Anderson
28440254,Lindsay Fleming
28440259,Jackie Deary
28440263,Navy McKee
28440321,Melissa Cabey
28440331,RonDaDon
28440355,Heather Turville
28440405,lil
28440415,Mikayla D’Atri
28440434,s.kim
28440465,Frankiegenevieve
28440484,Kayla Mosegi
28440549,darling.daylight
28440615,llbond84
28440631,abs
28440645,Tamara Lyons
28440697,☆ 𝐁 𝐎 𝐁  𝐌 𝐀 𝐑 𝐋 𝐄 𝐘 ☆
28440700,Naelski
28440756,marisa
28440785,SAN DIEGO ✸ BRANDING PHOTOGRAPHY + CREATIVE AGENCY
28440790,Tobi Smith
28440803,Heidi
28440826,Franchesca ❣️
28440827,Seen in Business Insider  Her Campus  Corereader +
28440863,ASHLEY NICOLE
28440920,Nick Buckley
28440925,Carmen Morgan
28440979,Kira Layne
28441001,Ariel Ann
28441009,Vanessa🦋
28441036,Silky Curls  LLC
28441090,nyc📍
28441098,𝐃𝐎𝐌𝐈𝐍𝐄𝐐𝐔𝐄 𝐂𝐀𝐏𝐑𝐈 ﾒ𝟶ᥫ᭡.
28441102,San 💋
28441180,Jah'Reon Robinson
28441194,jasmine kaspian
28441216,L I L L Y
28441220,The Doll 👸🏾
28441246,Wakkirea Levatte
28441256,𝐉𝐔𝐃𝐀𝐄𝐀🦋
28441275,Jan Figueroa 🇵🇷
28441279,eeli 🕯
28441290,E M I L E Y  H A Y H U R S T 🦄
28441304,K3
28441317,Elle (L)
28441321,Lindsay Bushman
28441329,Candace
28441351,Tianna Lynn 🌻
28441355,Simone Mariposa
28441684,ajlangdo
28441885,minehlib
28441915,LaSoula Consulting by Kimberly DeTomasis
28441966,gregglestv
28442004,hannahellison101
28442035,Carmen Lynnette
28442066,Sara Ahmed
28442098,Mik’aela Lacy
28442209,Mariah Ann Martin
28442287,vintagelyric1
28442293,Hangry Girl – RI | Food & Lifestyle
28442322,By Kaitlin Lea
28442355,Brianné Spence
28442366,Leslie Ynoa✨
28442412,Strawberry🍓
28442425,rougethegoth
28442427,thelashelleb
28442513,Katie 🌺
28442605,GlammedBeauty
28442610,morningswithmaranda
28442705,sixsixpapi
28442742,natashanicole8807
28442835,tpricehomes
28442893,thehousehexen
28442895,csackey145
28442934,livin.life.lytton
28443027,sierraandzachary
28443052,Sabina chepel
28443071,k_ketchup
28443249,whisperbush
28443445,Olivia Moyer
28443668,Nia Simone Epps  MBA📍Chicago Influencer & Content Creator
28443705,jevergreenugc
28443747,Celinette Castro
28443838,Melissa Lorena
28443888,Tony Carter
28443945,Kyara Ofuani Esq
28443975,collabwithdiamond1
28444182,wisdom.and.wipes
28444845,Jane Joseph
28444910,smerlynvg
28445162,lifewithlaura.phl
28445209,Thomas DC
28445225,Hannah Landry
28445247,Paul Butler
28445265,Kristi Lyn
28445269,SYDNEY PAIGE JENKINS | NYC ACTOR & MODEL
28445270,janessa:))))
28445282,Mikebefunny
28445284,Joey Bardonaro
28445292,Raisin Saini
28445294,betancisco
28445312,mainesaraha
28445324,rocki_dimplez
28445345,Matthew Melinger
28445379,Deshawn Harris
28445404,28k >3
28445413,Ashley
28445437,by.meghanrose
28445534,work
28446759,shanicejonescollabs
28446963,Efua Mensah
28447266,Teria Redding
28447273,mi biscardi
28449523,celestelaurynn
28450666,meryannferrer
28455151,frenchlooch
28455968,merlitatena
28456008,Brianna Kellz
28460359,naomimscinfo
28460397,Sabrina Mooney
28460405,Oakley
28460410,Travel & Food ✈️ Lauren Monitz Durie
28460613,theemonicab
28460623,Jennifer Johnson
28460810,chrissyjane6
28461080,debbiecreatorugc
28461113,jostottsinc
28461117,Stephanie Weber
28461891,swenzel751
28462005,Dakota Richardson | kota
28462018,Simone Lymanud83dudc8e
28462039,hipstersochill
28462061,fromminniej
28462516,JailaSymone
28462545,By Andrea Pérez
28462577,Jazmine Michelle
28462601,dreaming_of_decor
28462607,Shweta | LIFESTYLE + HOME DECOR + FOOD n DRINK + UGC
28462663,sherry_vu
28462668,Naya
28462682,elenabuenrostro
28463546,Karly Rice
28463555,Shelly Ray Handmade Creations
28463560,amber.griff
28463562,ᴍᴀʏʀᴀ ᴅᴇʀɪɴɢᴇʀ
28463614,thejbavia
28464119,Empress Monica
28464127,ud83dude3d
28464912,Seth Jay King
28464972,Marcus Romain
28465038,Matt Barnett
28465355,Asia Blue  💙
28465363,Mia Monae
28465366,brenda 🌻💛
28465386,Renelyn Thomas Atlanta Beauty Blogger and Makeup Artist
28465421,Zoe Weiner Zelin
28465464,Devin McGhee Kirkland
28465471,E T H A N
28465479,The Biggest
28465480,trevondyson
28465485,BB 🌻
28465491,vintage.cee
28465494,thatbeautydestiny
28465506,livelyghosts
28465513,syn.erra
28465569,RoseMarie Velez
28465604,Brittany
28465612,Justyna
28465613,nizvetriveraactress
28465630,sherleymiranda52
28465633,Mrs. Pope
28465643,Karma👑✨
28465688,hstraub27
28465869,jamore.love
28465873,myahshaye
28465951,Jean Paul Dia
28465986,_harrisjanae_
28466017,Karrot Baby
28466068,leahe.taylor
28466094,Priscilla
28466098,samantha barba
28466106,bexventure
28466112,Sarah | #BeautyAddictsUnite
28466118,Cryss
28466126,Yuki
28466155,Chance
28466161,leondinamartinezzz
28466315,Mommy Of four | Lifestyle
28466398,Tee Leeper
28466443,ds_review
28466478,C R I S T I N A  C R U C E T A
28466584,Jess🌼
28466603,Kristie 🖤
28466611,ud83dudce9gwendolynlaumatia@gmail.com
28466642,Deja | Content Creator
28466644,aubrey anna | michigan creator 🔮
28466647,Anjelica MacGregor
28466655,Chris Pineda
28466677,Michelle Meade
28466698,Mitochondria ud83dudc51
28466705,JAZLYN SIERRA
28466793,Sameen Khan
28466823,HER.
28466833,MiiMiiS ⚡️
28466850,domenic
28466870,Cynthia Dumé
28466890,K I N G C H R I S S Y ❤️‍🔥
28467160,Bre Khounphinith
28467193,July Escobar Ruano
28467203,𝙋𝙧𝙚𝙩𝙩𝙮 𝘽𝙚𝙖𝙩 🌹
28467252,Dani Rose 🌹
28467257,kayahbellamy
28467271,carlos
28467276,s.dunlap.business
28467280,ᔕTEᑭᕼᗩᑎIE 🧸❤️
28467282,🐙
28467283,Cassie Kahla
28467290,Charice
28467293,angie
28467296,TheBrownLotus
28467318,Jill Gilbert
28467332,Paris Senpai
28467396,📍West Indianapolis  IN
28467403,Dima
28467436,Stephen Moleski
28467443,情indya怀
28467448,Ashley Eicher
28467464,www.MintPear.com
28467470,Janet Velasco
28467472,Riecee Siren
28467479,markie_j
28467507,𝐓𝐚𝐟𝐟𝐲 𝐌𝐚𝐫𝐢𝐞 ❀ ✞
28467520,J 💕
28467532,FiftyPlusBeauty
28467551,jaiiluxbeauty
28467607,kiyaholic_
28470606,ariel.l.applewhite
28471745,josharod
28471787,Runjhun  Misra
28472009,myeshia.cloud
28472024,Lavida W. Jenkins 🇰🇳
28472074,joyjxu
28472168,Kristi
28472285,hopefou6
28472309,smithchelline
28472410,kelleyb30
28472591,elainehkarr
28472600,Mia Lopez
28472603,c_tatmon
28472632,lindsey.obermeyer
28472660,Bryant Tyson
28472673,carlaguillarte310
28472777,ILA JOHARI
28472843,hi
28473030,joor
28473037,The E family
28473039,raven
28473105,marisol.carrillo234452
28473110,mecca godinez
28473113,brickleymabel
28474960,brookea.dunbar
28475176,paoramosbeauty
28475336,Keri
28475408,LaTaveya Vault
28475414,Justin
28475487,Jacqui Moranti -Content Creator
28475527,prattshana
28475558,revampedbyriot
28475663,Emma Loney
28475685,EXPENSIVE TA$TE | BEAUTY INFLUENCER | CONTENT CREATOR | UGC
28475689,Zariah
28475771,Sascha Ovard
28475775,blake ✨
28475831,💋Jessica💋
28475845,🍴Bailey • Eats • Vegas • Food🍴
28475854,𝙍𝙖𝙟𝙚𝙚𝙮𝙖𝙝 𝘼𝙖𝙡𝙞𝙮𝙖𝙝 💕
28475856,Haircare Advocate/Colorist
28475875,Yasmin 👁‍🗨
28475880,ravennykel
28475883,𝐂𝐨𝐫𝐭𝐧𝐞𝐲 𝐑𝐞𝐚𝐫𝐝𝐚𝐧𝐳
28475884,madion_artistry
28475900,bryanna
28475909,miss.emmacasey
28475956,Robin_the_chef
28475975,Makeup by Merud83dudc8b
28475979,Autumn Brooke
28475994,Belinda Chang 🥂💛✨
28476005,Suzette Esquivel
28476026,Stephanie Ressler
28476074,mariluzcook
28476079,JAZMINE RENEE WARREN ✩
28476312,🅙🅐🅧🅧 | Content Creator
28476314,Kiara
28476631,Jon Dawson
28476711,Carlee Shimshack Sparkman
28476717,Cordy White
28476746,ud835udd8fud835udd94ud835udd93ud835udd86ud835udd99ud835udd8dud835udd86ud835udd93 ud835udd86ud835udd9eud835udd8aud835udd91ud835udd8a
28476747,wcadebethea
28476752,davidkilgore
28476785,billyrogers952
28476907,Kelsey Dieudonne
28476908,𝐓𝐢𝐟𝐟𝐚𝐧𝐲 𝐓𝐲𝐧𝐞𝐬-𝐆𝐨𝐧𝐳𝐚𝐥𝐞𝐬 💋
28476909,Isabel
28476933,Drea
28476946,Delicia Powell
28476948,whitneymomma_
28477010,southersamy
28477049,Victoria Rose
28477067,Mariel Reyes
28477070,Louis Wilson Jr and Matt
28477076,Fashion Blogger Mya- Karren
28477083,Kiara Adrianna
28477101,KKay Makeup Artist
28477106,Jenoir Lynne’
28477147,Jacqueline Carver
28477185,Blazinblake
28477215,ᡣ𐭩𝐿𝓊𝓃𝒶
28477222,Jessica Young Art
28477233,Karina Lara
28477254,Tom Chou
28477263,P L A N N E R D C O
28477449,Makeda
28477453,KeAnne Wright
28477463,𝓚𝓪𝓽𝓲𝓮 𝓢𝓾𝓭𝓭𝓾𝓽𝓱
28477492,New Orleans
28477622,𝒩𝒾𝓀𝒾 𝐵𝓇𝒶𝓏𝒾𝑒𝓇
28477625,Adriana Kyser | Holistic Interior Design & Wellness Expert
28477669,Lizz Solorzano
28477708,shatoyamariee
28478059,create
28478076,ELLENE
28478097,Katie King
28478128,Victoria Ranae
28478200,heather
28478235,BeautyByPriscila
28478239,KayCee Stroh
28478270,Tijanae L. 🤍
28478329,Katie Carstens
28478333,KayLoves ud83dudc51ud83dudc8b
28478377,Sierra Cornog
28478397,udukhadijah
28478402,Mary Gruver ~ DIY | Design | Build
28478413,tracy
28478480,FLOBANKZ💸
28478485,ellie stanek 🖇
28478486,Jannyll C
28478515,Vanessa Popkins
28478542,KOURTNEY.
28478552,Kahlil🤴🏾
28478568,D A J A N A (dye-jahn-nah)
28478574,Ashley ➰
28478598,AbbyRed
28478605,Penny Corgipoo
28478609,mar santana 🌟
28478614,Darryl Williams | MENS WELLNESS
28478632,𝗞𝗲𝗹𝗹𝗶𝗲 𝗛𝗲𝗿𝗻𝗮𝗻𝗱𝗲𝘇
28478641,🌴🦕Nathan Treviño🌴🦖
28478746,Thomas
28478776,April
28478867,Jada
28478878,Golden The Kitchen
28479123,ADRIA
28479175,fitnessonthemovellc
28479235,Kayla B  MSc  CPT  RYT
28479282,Brick Cegelski
28479334,darbs ツ
28479366,emily rose
28479444,Heather Smith
28479447,Danielle ud83dude48
28479570,autumnugccreator
28479648,Sammie Jo ud83cudf19
28479677,Emily || Middle School ELA
28479684,makenzie_costley
28479770,Meg O’Neill
28479832,vshores4
28479879,yorlaydaza
28479922,Maria Cedeno | Recetas fáciles  sin azúcar  sin harinas
28479928,Shunwolisa Dockery
28480244,mfuentes.ugc
28480554,metrow4392
28480617,Pozzie Mazerati🦄
28480620,Julie/a Holland
28480636,Romekia Brown
28480656,Glenna MichEll
28480715,ELİF DOGAN
28480725,Terence James
28480811,Jordyn Ashley
28480937,Ashtin Tucker Morgan
28481031,JANETTE MIRELES
28481055,Mildred Montoya
28481064,gypsysoulvibe
28481075,𝒜𝓇𝓁𝑒𝓉 𝒩𝒶𝓇𝑒𝓏
28481083,𝓲𝓷𝓼𝓹𝓲𝓻𝓮𝓭 𝓫𝔂 𝓴𝓲𝓮. | UGC Creator
28481097,Dmitry Frizman
28481098,🦄𝓓𝓶 𝓕𝓸𝓻 𝓒𝓱𝓮𝓪𝓹 𝓟𝓻𝓸𝓶𝓸🦄
28481106,Tiara Denee’ Wilkins
28481140,_casswright
28481147,kekejsmoochez
28481159,maddy rez
28481168,Marisol ud83dudc78ud83cudffd
28481170,indira2213
28481181,Fatima Ndoye
28481204,monika.redmon
28481286,teachwithouttears
28481354,Mommy & Me I Jessica
28481355,SHELLEY LOVING | Cooking Shouldn’t Suck
28481401,omikunle ekundayo  m.s.
28481420,GRACE
28481437,a s a p j a c l y n
28481460,Kristen Elizabeth 💋
28481490,juliabaylosis
28481494,Jessica Tran
28481497,lexiasworld
28481548,Bianca
28481572,Ashlee
28481574,Candy Santana
28481577,compton shawty
28481623,Annie Lee Cosplay
28481625,Starbella Yzekian.
28481654,Jasmine Cree
28481705,Elise Tokars
28481723,ᗡBold
28481728,Victoria Jackson
28481729,justus steele
28481900,doctordoiturself
28482200,Gracie Smith
28482205,eva.createcolor
28482207,jan_ise
28482208,Home Decor DIYs And More with Tangie Webb
28482212,ziajenae
28482213,autumnspumpkin
28482220,deeeeeeeznuts17
28482225,adritrez
28482226,zachpburl
28482228,trendsbyella
28482232,madison_snyderr
28482233,mirandajaye13
28482235,theeverydayadventurers
28482237,labulledaudrey
28482440,darlyn tavarez
28482445,ailarpoonian
28482446,briaannedance
28482451,Lomoso LLC
28482555,adorecarina
28482556,Melissa | Outfit Inspo
28482560,queenjennnnnn
28482561,Lisette Pedraza
28482573,amrenfro
28482581,kayla.lind
28482585,brianna_cantuuu
28482591,𝐁𝐑𝐈𝐀𝐍𝐍𝐀 | Luxe Western
28482714,sadie
28484418,lylively
28484460,imanicarothers
28484826,Bianca Tashana
28484966,Nisha - Beauty  Fashion and Lifestyle Over 40
28485262,natashacotrupi
28485463,ugc.karenllusa
28485685,United States MARTA
28485749,chloe_haney
28485774,ugc.yasminfaesy
28485776,claudiagueds04
28485785,Tamires Ramos
28485788,patriciasueholly
28485920,Gabrielle Silva
28485935,shawakaneewillis
28485938,dordyenne175
28485980,Eliana Mundarain
28485983,jennie13.sd
28485985,lahhparanhos
28486020,Nadin Adam
28486036,Teresa McClendon
28486043,Ebony Martin
28486066,hibrihere
28486128,kimberlyrenaypr
28486167,Foodbitch
28486171,Sam Bella
28486194,serena
28486556,Suman Mangat
28514142,nichellesfun
28514259,Kapris Castillo | DIY•LIFE•TRAVEL | Latina🇩🇴+Mom+Wife+Thrifter
28514329,kari whitmore
28514443,Three Pairs of Ears - Lauren
28514515,Christian Cannon
28514583,Dominique | Well Traveled Child
28514591,Sam- Mom+Nurse+Reseller+Store Owner
28514698,Jasmin Leigh
28514715,B. Mi'Chelle
28514778,Stevie.
28514781,Bibiana Fuentes
28514800,the_platinum_home
28514813,"Nesha ""Nati"
28514903,Wey
28514945,Kassi
28515049,Nicole May
28515081,BarbieGirl1630
28515132,Jasmine Osman
28515169,Prince Durocher
28515246,Jew•lee•ahud83dudc8b
28515274,Courtney Sadler Ajinça ✝️🦋-Celebrity Events & Interiors|Minister
28515276,Najanae
28515300,Photographer *Dustin Mitchell
28515332,Katherine
28515338,dubhemay
28515351,rachelloebs
28515460,sabine_turner
28515559,L I N D S E Y   B R O W N
28515900,contact
28516247,affiliatewithjleigh
28516341,syd smith ❤️‍🔥
28516351,Chrissy
28516390,Bianca Estrada
28516449,Anna
28516496,Mckenna
28516519,Mandi Kay
28516528,Barrie David Smith Jr.
28516593,McKenna Rose Brown
28516633,britt chenae💋
28516649,Grisel Ramirez
28516675,Chante Burkett
28516683,Kim West | Fashion Blogger
28516698,thecheesymon
28516702,enchanted_noir
28516711,Emma Papoutsakis
28516714,literaryjustine
28516715,itsjasminerose_
28516716,_karilynn
28516719,kaseywithakayy
28516725,rosaaaa022
28516728,og_vintage
28516729,rachelleheasley
28516730,zoenford
28516731,diinasoliiman
28516732,houseonabighill
28516735,jenschmidtt
28516737,kazandras_
28516739,bbbbiancccaaaa
28516741,vida_convivi
28516745,morayolis
28516749,Sandra Sotomska
28516753,mattisoncurtlynn
28516755,grace.mcmillennn
28516756,stylewithmanu_
28516766,lenzieann
28516767,amandawifey
28516769,mercedes_sustar
28516771,lindsiekay
28516786,angelinerichard
28516788,mischiefmoniccat
28516792,carolinastyles_it
28516793,kellib0belli
28516795,gourmandgirltee
28516802,emilygburdette
28516809,pravadevi
28516813,astoldbypatience
28516814,pahseeta
28516815,bee_meg7
28516820,lifewithjacquelinee
28516862,Jessie Marie
28516945,Pinkie🌸
28516973,Raven Renee Finegan🦆🎀
28516997,Jewel Diamond
28517198,ugcthelma
28517389,Lindsay H
28517408,schraderkatrin
28521388,Teresa Moon
28523821,meshabeloved
28525870,OhYesItsV
28525995,Shanae Bernice Brown
28526005,Jay x Nina
28527276,kianacting
28527304,Amanda Hunt
28527389,divasaurusrex
28527401,anna maria kostakis
28527426,Nina Blanco
28527456,RJ
28527466,♥︎ ιиfιиιту иαναяяσ ♥︎
28527501,JNEL /juh•nel/
28527502,Jordun Love
28527512,Telvin Lewis
28527527,Jenny Rieu
28527573,ruff.
28527574,Don 🇭🇹
28527581,TINA DANG
28527591,$uperstarkya ☆
28527592,Erica M. | Makeup Artist
28527609,Ty. 💚💕
28527611,farrarkid
28527622,aahlammy
28527636,eman 🇸🇩
28527663,Tristin Savage
28527670,Ashley Varner
28527675,brandy rae
28527696,Vivi N.
28527743,latyusscott
28527750,👑K I E R R A
28527761,kamdynkelley
28527877,Emily
28527879,cierra boyd
28527884,Mika Doman (dominaysperman)
28527911,Amber Resells
28527920,Mermaid Torie
28527932,THERAPI VINTAGE
28528109,anastasia kasanovich
28528133,meg_indy
28528261,Shearelle
28528265,trishbadd
28528270,Topshelf Society
28528317,tuccck
28528330,Trevis Brown
28529102,bensonaiello
28531126,Martika B. Jones
28531172,Keto Mad Man
28532841,tipinkheart412
28533210,phymanjordan
28533439,This Life of mine x
28533453,azimaugc
28533544,•• Marissa ••
28533575,Rachel Sedory
28533633,workwithaubrie
28534039,nolahatplug
28535196,gayle.devonport
28535711,misscourtnie95
28535841,bayleawest01
28536300,Nikki Grant
28536379,miniaussie.bodhi
28536398,contactelsarosario
28536488,vlada.ugc.creator
28536501,daysha
28536582,hannahkimmejia
28536663,itsanlexa
28536672,Sauntymia Robinson
28536751,hello
28536812,debb.collabs
28536823,Kayla Zhane
28536840,stephanieoffner88
28536849,chaad.mnst
28536858,jasminejones64
28536993,saphiraelyseem
28537041,jackieking2304
28537100,giaforts21
28537125,itsjustmejoie
28537180,Arman Barrett
28537189,mamens.collabs
28537208,varyugc
28537237,Jennifer Martinez | New York | fashion
28537267,raeneshahuntercollabs
28537344,caitlin
28537434,ashley-bethea1
28537479,1elizabethbock
28537502,tineishaestribling
28537528,bymiamaya
28537548,everytingsimsimma
28537576,ugcsitora
28537616,mama nous {ma*ma*noo}
28537617,yanau.ugc1
28537658,camilarosa.ugc
28537680,bellaamurr
28537698,zagirovaturkan
28537710,melissariker99
28537814,Julia Ifrim
28537829,tracyappiah96
28537831,raemcollab
28537850,tiffanylorray
28537868,lighttravelsfasternyc
28537901,merrye.mw
28538020,lea.mccastle
28538089,dulce.bodeguita.2023
28538175,Reggie Green
28538206,saraescoto
28538319,Erania M
28538373,engray4518
28538394,Anisa Tinka
28538403,jptheugcking
28538406,julija.fedurko
28538512,itsnickieg.collabs
28538606,fabianedos80
28538665,𝐊𝐄𝐋𝐋𝐈 𝐇𝐀𝐑𝐕𝐄𝐘 | 𝐋𝐢𝐟𝐞𝐬𝐭𝐲𝐥𝐞 𝐎𝐯𝐞𝐫 𝟒𝟎 | 𝐇𝐞𝐚𝐥𝐭𝐡 + 𝐖𝐞𝐥𝐥𝐧𝐞𝐬𝐬 | 𝐌𝐨𝐦𝐥𝐢𝐟𝐞
28538707,Brian Rivera
28538795,ellisellis00
28538888,chantynaomi
28539179,rhencontactpr09
28539313,Adrielly Paes
28539323,averywentzelbusiness
28539404,ebony.rivers13
28539493,Linda Wolfe
28539553,cherizejc
28539580,collabswitk
28540048,richprobiz
28540089,jorleighparsons
28545298,affiliatetng
28554291,Kristopher l Houston Food and Travel
28554296,Cass Parker
28554302,Del Harrison
28554336,portraits_by_nc
28554342,K E Y R A   F O R D
28554348,J A S 🩷🦄
28556020,Giavanni
28556033,ASG ud83cudf42
28556089,jenah danielle.
28556112,kriyung
28556463,Aditi | San Jose  Bay Area Photographer
28556483,Aimee Giese
28556492,𝐆𝐢𝐧𝐚𝐌𝐚𝐫𝐢𝐞 🌱
28556508,Dee B
28556527,tia.mariexo
28556531,delaney goodwin
28556713,Chase Kardash
28556773,Peggy Tan 🇺🇸🇲🇾
28556784,Christine Templeton
28556796,supercb_tv
28557542,la'shaunae
28557650,Nicki Sun
28557652,Ashley Paige
28557655,Jennifer O’Brien
28557921,Ruwaida Said
28557929,mano
28557962,RiRi’s Tea ☕️
28557977,Wyndi Abuan-Avestruz
28557978,Cris Ochoa | Beauty Content Creator
28557987,Isa 🧿 Fashion Blogger
28558239,julian
28558255,Laura Neuzeth
28558270,B E N J A M Y N
28558297,Cole Keister | San Francisco Photographer
28558304,1buttah
28558327,Dana Mulcahy
28558337,Christine Padrid
28560189,ᔕᕼᗩᑎᗪᗴᒪᒪ ᑕᖇᑌTᑕᕼᖴIᗴᒪᗪ
28560197,Benji
28560218,Angelina
28560251,N I K I A
28560290,mia
28560294,Kayla Mittman
28560301,m.iichelllee
28560331,Heather Hopkins
28562604,Danniell
28563606,amber
28563844,Michelle Osorio
28563856,Jadin Turner
28563886,jessdelgadotv
28566511,maytefigueroa0312
28567386,mishelsbeauty
28567391,MITZY JASTRAM
28567394,Iris Estrella
28567425,Deyanie Staine
28570551,everlingms
28570798,Elle Drea
28570812,Elias Reyes
28570818,Jestee Lising | Las Vegas Food & Travel | UGC
28570826,Tova Sklar
28571525,Laura | online fitness coach
28571526,aj_hernandez
28571537,minamejer
28571542,Jennifer Pickering -Sustainable Fashion
28571548,Hanna 🖤 teachFLUENCer
28571549,devin.cooke
28571550,maceyemyers
28571555,ellierhinehart8
28571562,livbrenner
28571575,taymoskowitz
28571587,thatsimplyash
28571588,michelle_feo
28571591,lifeofmeki
28571593,bailor.burris
28571595,mmdh.studio
28571599,taylorwneilson
28571606,erincrawfordstyles
28571609,elanandnelson
28571614,hakunabhav
28571616,_ainsleymae
28571618,lucybreedlove
28571621,L A U R E N
28571625,wintt_a
28571633,poetryannette
28571635,Juyoung Song
28571636,thefoundstyle_
28571642,leah_magss
28571647,Jannah Hershberger
28571655,everydaykira
28571886,Paige
28571900,Jadeybade
28571925,Quania Jones
28571952,emjaejaz
28571959,abrahamthinkin
28571978,gidelvia
28571984,lillysoble
28571985,kellann__
28572006,ruby.ar.13
28572011,wherepauwent
28572019,Karen Karlsen
28572026,nantucket_island
28572027,by____cath
28572032,katie neeb
28572034,Kasie Rose
28572037,erynnstauder
28572038,Tiffany Elizabeth
28572040,ms.martine.e
28572046,quinnjordann
28572050,morg_rich
28572051,steph.hua
28572055,Caitlin  Riviere
28572061,momentscookbook
28572065,Teresa Pham
28572075,abiplat
28572084,Tiffany Doherty
28572094,hollyhammondsedwards
28572095,izabellabuzogany
28572098,graceelisachann
28572106,ms.miarka
28572109,Winston Parker Ley
28572111,itsruthperez
28572132,danielllelee
28572135,jasminedarya
28572138,wannabemds
28572140,Maddie Broughton Elder
28572148,jillkaufmann
28572149,angela.liannn
28572152,truthfully1031
28572159,crabrangoonie
28572163,i.slowpez
28572164,moni___oh
28572165,jennaclaire22
28572167,nascencio
28572172,Graceann King
28572173,emmagrzy72
28572175,hiddenstyle3
28572177,erica.camuso
28572178,emily_winokur
28572207,madamehawks
28572212,thisficklehome
28572213,sydneyrecasner
28572221,antheajunk7
28572247,Delicia ✧ Plantbased Recipes
28572257,Ismari Nolasco
28572266,mandi
28572272,rachelsignorifit
28572273,The Bone Family || Fulltime RV Travel
28572280,Liza | Weight Loss & Lifestyle
28572282,zlatiaculado
28572293,jennmorgesesama
28572296,bellerouge216
28572297,Morgan Kaprice
28572302,macynaune
28572304,hannahchasinghappy
28572306,anna.norine
28572307,jasmineesquivell
28572315,vanessa_rae13
28572318,vivi.reviews7
28572320,theanaramirez
28572325,Kristin | Cocktails + Mocktails
28572331,coachorem
28572333,morg_lucas
28572335,coffeedisneyrepeat
28572337,jessicaroseslp
28572343,katysville
28572344,_victoria_lynn_1
28572351,missladyslc
28572356,neurodivergentmom360
28572359,chantlycaree
28572360,mari_ana5572
28572366,themrsgriff
28572367,lyssacooks1
28572369,John Jung
28572373,sarahashleyt
28572374,redheadmomma08
28572376,ashley.hamrick
28572378,jessicakayc
28572384,jocyy.santos
28572389,craftymamaerin
28572406,richselects
28572407,jess.poteat
28572412,Carolina🖤
28572435,Drewncyn
28572448,nadia.offendel
28573931,BLOGGER / NHU NGUYEN
28573961,Wedding Photographer
28573976,bassdropprincess
28574303,Shannon McKenzie
28574706,aubreylobban
28575893,Mary Lowery😚😍
28575900,DOUDOUNE BLACK HAITIAN
28575935,Zard Apuya
28576134,Ashley
28576277,celissa peña.
28576318,A M Y✰ ✰
28576672,Rituja | Food & Travel
28576673,azizahkahera
28576692,ANGELINA JONES 🇵🇭
28576732,Mary Johnson | Running & Strength Coach
28576740,Jessa Jordan.
28576744,Takara Breanna
28576765,jerrzworld
28576768,Tia Samuda
28576781,J E S S
28576800,Melina🌻 The Gentle Braider
28576804,ladidai (Diana Umana) ♍️🇳🇬
28576808,Ericka | Lifestyle
28576826,Lizzii Le  MD
28576837,egcham1
28576838,Laura (McCloskey) Green
28576841,_jesseniaveras
28581952,lauradevera14
28584610,jenniefeliu
28585067,chanel_shaw98
28585344,Yuliia Bolkun
28585836,Emelia Cellura
28585837,Jessie Diaz-Herrera
28585865,MACKENZIE
28587104,iamveronicac
28587115,Jennyfitnessss
28587117,Sisnation
28587139,YUME | Skincare  Style  and Yapping
28587142,Lisy Ben
28587177,Manon Crespi
28587206,Erin Marche’ Black
28587215,kylieventures
28587228,misskaylaannebeauty
28587379,jillianstella
28587602,Daniele Manning
28587611,Micky
28587613,Jazzmin 💍💜
28587625,Nick Cogs
28587626,norbertferrell_styles
28587642,Megan Sliger
28587644,Taren Briggs Spence
28587646,jhane’ 🤩
28587648,Maryy
28587668,Եɾíղíեվ | Comedian | Emcee| Vibe Curator
28587673,Estefania Iglesias
28587726,jaidennnjones
28587733,Lorenzo | Content + UGC Creator
28588733,Jenny
28588740,⠀⠀⠀⠀⠀⠀⠀⠀⠀Joeprezzy
28588751,Lolo
28588792,Weirdgrl  Ijeoma Jennifer
28588817,Bella Unfiltered
28588820,vash_collected
28589137,K
28589142,BARBIE.
28589144,ashley
28589173,Tyneka Pack  CPT | Fitness Coach
28589581,Ranessa Durham
28589601,"Casie ""Tynee"" Goshow"
28589623,Evelina Chiang
28589643,Victoria Sanders
28589654,beanieboamah
28589733,jaqueline.monasterio
28589942,Pohelette Perez
28589943,Maya Dabraat
28589946,Senpai Lavatron
28589960,B.
28589990,Isaiah Revels
28590053,Miji😘
28590063,Cameo Davis  M.A.
28590763,Ellie
28591414,esandotech
28591418,yinie_r
28591425,Doris Adéclat
28591430,The LushDiva
28591449,Linda Downs
28591458,Chase Kennedy
28591472,Justin Tucker
28591522,Stephanie Faith
28591539,LuxOfBri💋
28591546,Taylor Childress
28591555,design
28591849,Uzumaki Cepeda
28591862,Jenna Lemoncelli
28591865,Becky the Baddie Coach
28591894,CHRISTINA
28591898,London Elixir
28591956,supermodelnae
28591964,byrdiewilsonmusic
28591965,Jai-Leta Colvard
28591967,goyahoney
28592190,celerabarnes
28592191,Eliana🌸
28592260,Vegetarian Tourist
28592277,Ariel Mei(May) Fashion Stylist
28592450,Sarah🦋
28592481,LLMavericks
28592501,angiehuber_
28593510,Kristina Hatcher (Ktown Kris)
28593698,ptphotography29
28593998,ℝodney Burns-Taylor ✨ Music Magic and Lifestyle ✨
28594001,Safa Ahmad
28594014,Olivia Betty Rain
28594028,Lilith Fury
28594193,Andrew Nucatola
28594204,AUTUMN COLLETTE | WV CREATOR
28594441,Stephanie Goldstein
28594448,Charles Hunter III
28594455,Kathleen  Lifestyle
28594462,Cam Catron
28594544,King_Frankie85
28594554,Emmanuel
28594590,myohmykay
28594593,⠀⠀⠀⠀⠀⠀⠀⠀⠀3Sixty Athletics
28594643,Heather Suminski
28594660,Bri Reyes | Androgynous Fashion & Lifestyle
28594679,mu.abdurashid
28594681,A Geek Production
28594778,kozlovtanya92
28594833,abigailmarieeisner
28594944,Leonard Lee
28594979,Peyton Pierce
28595072,eryn
28595259,Julia Davis
28595260,peyton
28595270,𝒮𝑜𝓃𝒾𝒶 𝒦𝒾𝓁𝑜
28595291,Courtney Werth
28595457,Myesha
28595474,Lil Scrimz ◡̈
28595484,farmhousechicblog
28595488,Courtney Chmielowiec
28595500,jelizabeth_ll
28595501,Tara Hill
28595507,lindseypamatmat
28595509,lidi.aaaa
28595529,Ashley | Disney Lifestyle
28595531,sophiabaeley
28595536,atourtable_
28595540,quenarechaud
28595547,cam_mcgr
28595550,melanieangelese
28595552,chelseabeckmann
28595562,harleygirl2
28595575,wendiplus12
28595599,137169172878286848
28595606,cynnmama
28595611,melissarzabo
28595612,prissy1102
28595616,missduana
28595617,beautifulmeshwreaths
28595621,whiney_whiney
28595629,kayspottercorner
28595632,elliieevc
28595653,sophiaelgerabli1
28595726,Rutvi Patel
28595743,corey gray
28595757,Tara
28595772,jessleighathome
28595799,matraca.rehkemper
28596006,jai marie. 🌸
28596047,Keri Powers  Counselor Keri ®️
28596082,Pilar
28596097,Kassandra Parra
28596177,jazmin.mojicaa
28596187,janaesilviaa
28596258,bykeke
28597086,corinaceren
28597451,That’s So Chanel
28597553,youtwoTV
28597633,rvhatfield
28597635,asha maharajan
28597637,boylesusan16
28597802,mckenna
28597815,taradbrewer33
28597879,mayasharpe333
28597890,warmlyanne
28597982,anagabyygarza
28598146,workwith.katianajean
28598164,brisco.k
28598175,nicolemorolla
28598259,mimiburger71
28598263,meddings2020
28598298,Amber Williams
28598470,catjoypr
28598472,theshofs
28598495,disblckgirlrocks79
28598497,iamkristensimone
28598510,Lynda Carouthers
28598546,titanicapartmentnyc
28598578,ilianat0890
28598584,kadencegd05
28598608,Maryna Posobilova
28598622,Carissa Phillips
28598685,Destiny Jones
28598770,enejean3
28599116,tasteandseetv1
28599134,zoobay
28600234,organizing2020
28600458,eclazz87
28600667,jens_beautycorner
28600672,bubbacollinss
28600681,ms.kimlim
28600683,mackenzieeeep
28600696,maryleighhorn
28600697,ms.tabbytabs
28600702,teddycoopzionjasmom
28600703,cherizuhn
28600705,deannagrono
28600714,shannamaste
28600719,cookingwithshaubs
28600729,ikarly251
28600730,supptammy
28600731,ktmariee
28600740,cuzbabynaw
28600744,jessmmichel
28600748,keniaaaselene
28600753,lunchboxforbella
28600757,ggaspar_
28600762,glamorous.stylez
28600765,thetatfam
28600767,cyanna.rae
28600769,lisa.woods___
28600774,lifeoflilia
28600777,abby.souki
28600782,mrs_babcock
28600787,sophiesappp
28600795,danielle_g44
28600803,girlsourage
28600804,heyitskitkat
28600806,ameliagangler
28600813,thelegerlife
28600825,xoxoangiieee
28600826,ginajeantyy
28600828,rayinthelife
28600829,ceo_jg3
28600835,Felecia Monique
28600838,issa_bza
28601612,E. Will
28601641,Breanna Nichelle 📸
28601682,𝖊𝖚𝖓í𝖊𝖈𝖊 𝖇𝖆𝖓𝖐𝖘 . 💰🍒
28601714,K8
28601715,kristina
28601742,Bands
28601800,LittleBunsEYC
28601823,.
28601845,julianna
28601877,Portia Smith | Travel Creator | Seattle
28601896,- Dime
28601900,Gracie Girl
28602050,hellohomeandco
28602087,Jeanette Ortega
28602097,Rebecca Hoot Vick
28602366,ጋዐዘክ ርረቿጠጠዐክነ
28602414,Graph Atik
28602455,yoliouiya
28602520,AH.
28602877,Kitt Crusaders
28602885,Norman Woods
28602929,Charles Moody
28603059,LaKeisha Chestnut
28603109,JahVelle
28603119,glxxmike
28603285,Deon Green
28603288,Grace Bennett
28603311,novelleandmommy
28603966,kgloveschrist
28603971,christiedimeo
28604314,keepupwithkori
28604324,denisselopezny
28604528,𝓂✨
28604537,shanny_macc
28604607,PopLuxe
28604608,RENNY + BENNY 🌏 Desert Living
28604646,Assembled Style
28604659,rareafrican
28604692,gabrielconover
28604699,ShaM’Oyà 🇯🇲
28604706,Josh Dyer
28604714,Erin Baynham
28604720,Reem Haddad
28604721,Fabiola Moreno
28604735,Kim Huynh
28604763,Vanessa Castillo 🌞 Your Soulful Biz Bestie & Content Creator
28604765,LipstickJunkie
28604781,CASMÈ
28604849,aroscoe0916
28604863,Nikki JBeauty
28604881,Grace Cope | The Cope Home
28604886,mycountrylife_idaho
28604888,liliesandlife
28605070,George Lee Jr
28605082,_millenabispo
28605440,iamlivingwithpaigee
28605454,lexi16frost
28605463,CHAYÉ
28605492,Sofia Echa
28605511,rubyroblesx
28605526,Keyrollaine C. Coradini
28605531,Kotizatemakeup
28605637,yulscollabs
28605678,CHIARA | FASHION + STYLING
28605713,Gabrielle Isabel Damasceno
28605719,Becca
28605734,𝐓𝐄𝐄𝐍𝐀 𝐓
28605736,Selina Maria Littlefield
28605769,indigyptian
28605840,jasminecol
28605850,V I K A   D O V E 🕊
28605883,chichay
28606028,SHAWNA SPENCE 🇹🇹
28606041,adriwdwbound
28606075,Lexi Wolff
28606077,lexx
28606103,jamkin_donuts
28606125,Megan Quillen
28606148,Kelsie Lyn | Beauty•Lifestyle
28606149,Tania Rangel🤍
28606158,Anika Rahman| Content Creator
28606161,✨M A R I E E✨
28606186,Drinks with Taty
28606201,gtfoanita
28606316,kailey tooch
28606375,MARK WOLF
28606404,smadmakeovers
28606409,miriangeliss
28606415,Shannon Grant
28606454,dxnielled
28606490,selina
28606505,ujjainigurram
28606529,Argisa Bazzichelli | Rizada de la Vida
28606541,Kristia Tolode
28606577,Anna Bankester Bee Beauty
28606578,Laike Shian
28606583,Lyla Grey
28606596,Sarah
28606601,Elsa Khan
28606606,Effie Somrova
28606617,Madison Hinds
28606621,over.dew
28606632,kenyamcdole
28606640,safnasuhood
28606648,Anne Banks Easter
28606713,🎩 Leroy | Fashion Stylist 👠
28606719,Hampton Roads Makeup Artist
28606731,Keke''s Scented Lounge
28606733,Sona | Fragrance
28606830,Rose Marie
28606834,sarita_sunuwar
28606838,T E F Y  D I D O M E N I C O
28606850,Heaven
28606867,Sanu
28606874,Rebeca Reinoza
28606878,Amelia
28606910,𝙃𝙖𝙣𝙣𝙖𝙝 𝙒𝙝𝙞𝙩𝙚 🌸
28606915,Sophia Knightly
28606917,❥ 𝙲𝚊𝚝𝚑𝚎𝚛𝚒𝚗𝚎 𝙴𝚜𝚝𝚎𝚏𝚊𝚗𝚒𝚊 𝙱𝚂𝙽  𝚁𝙽🌻
28606918,Brooke Justice Smith
28606930,Kelise Woolford
28606935,Jᴇss | SF  Bay Area Native
28606940,Amy Moberger/STUDIOamyreneeART
28606963,Kelly 💗
28606969,Gabby De Moraes
28606977,Miss Bianca 🇨🇲✨
28606981,Antonia Botero Bravo
28606984,GABRIELLA SILVA
28606988,skylarbrittanyx
28607071,Lori Shoemaker
28607163,Kiasia King
28607173,JaVyana C
28607202,Roshel Pizarro
28607268,Juliette Langari
28607281,Sha’Kylah 🌻👑
28607287,𝓜𝓸𝓸𝓷
28607298,Sana Khan
28607316,emilythecatherine
28607329,DooWop Byrd-Bugarin
28607363,Ashley S
28607371,ppapayaamaya
28607385,🔥 Drake ⁶𓅓 Sounds 🔥
28607407,JENN SULEWSKI
28607418,N I Q U E
28607452,RaShoda Robinson
28607453,Justine Lugo
28607454,glambymehak
28607507,Channing Lilly
28607531,Felipé Charming
28607553,sustahgirlchronicles
28607562,🌟𝗘𝗠𝗜𝗟𝗬 𝗥𝗢𝗦𝗔𝗥𝗜𝗢 - 𝗡𝗬𝗖
28607564,ahxrr
28607575,ToneClassic
28607585,Sydney Goombs
28607594,ariiscooool
28607830,nestbykristenweiss
28607987,Ayanah Hanaya - Entrepreneurship Lifestyle & Inspiration
28608001,Jays Sweet N Sour Life
28608006,Nicole💖
28608011,Keashaa
28608123,solflwers
28608128,d o m i n i q u e 💋
28608232,Randi Rossario Maples
28608311,Jessica Romero 👨‍👩‍👧
28608325,Darci Bos
28608343,Taynara Guevara
28608373,Coleysia Chestnut
28608424,Raynesha Dorsey
28608437,Jenn Del Rio
28608470,S A B
28608526,christinenese
28608539,chloeelizabethwilliams_
28608569,ud83cudf39LOLITAud83cudf39
28608621,ashley bratcher
28608658,Brittany Bray
28608708,A L E X Y Z  J O I
28608734,davisss.emilyyy
28608736,_hopeaugustine
28608772,chinchillaaaa
28608776,Erin Denson
28608834,briivenes
28609041,Sugar Kettle Cookie Co.
28609196,Andy Michel | San Antonio Content Creator
28609225,angieresells
28609513,goddesstarot25
28610287,kiira.diior
28611265,The Clarity Coach ©
28611285,arangoliceth0
28612357,adrover146
28612542,antropovadar96
28613089,rabeckford
28613155,lillybkasper
28613325,Emilie Grace
28613347,emiliecany87
28613350,Sharon Riddick Johnson
28614089,taismadelene
28614171,theearij
28614378,pooja.winter.pr
28614757,Martha Cavacloglou
28614839,southernflare22
28616299,keleishamilton
28621844,raesim796
28627109,angelicabellovarela
28630952,Mayssan S.  MBA  BSHA  ADN  MA
28630957,jorspe
28630998,Deedy•Rae•Landyn
28631003,BAE Style|Benoa Arthur Erwina
28631043,clairaspackman
28631052,Stephen— Faces by Bravo
28631074,Hannah Pintar
28631091,Daynia Anthony
28631106,Maria Khan-Zuberi | Chicago Lifestyle & Travel
28631130,Samantha Denman
28632171,Daniela Peña
28632181,NJ
28632182,The Honey Pot🍯
28632187,Gigi’s Dad
28632209,CLAIRE & CRAIG
28634337,k8tiny
28634346,G E N E S I S  A G U A Y O🕊
28634368,miaxwhitney
28634387,Miss Ikonic | Women’s Online Fitness Coach
28635365,CHRISTMAS
28635375,Amber Faiss
28635381,still ivy
28635394,Inde Lewis
28635412,Lex.
28635863,Lisa Reed
28635879,andreea.mihaesi
28635896,Cleotrapa 🧚🏾‍♀️
28635898,makaylaross Ross
28635917,itz.Ella
28635928,Olivia Thorne
28635983,Gaby Romero
28636565,Fútbol | Fitness | Lifestyle
28637123,Kira Hamilton
28637144,⠀⠀⠀⠀⠀⠀⠀⠀⠀⠀⠀кєуααud83dudc8bud83dudc51
28637170,Imani Vaughn-Jones ✨️
28637172,j e s s i c a  a c u n a♡
28637174,Hauwa Abubakar  ✨💋
28637206,Jilly
28637224,STYLE & SOCIETY Magazine
28637235,ms_lizzz
28637238,Mimi Espinoza
28637314,Juicy J
28637332,Mian
28637333,K. Had
28637423,Mason Hernandez 🇵🇷
28637429,Miss Janae
28637450,Colleen Chambers
28637454,caniceokereke
28637760,Shaakira White  M.S.
28637772,Sabrina Wright
28637792,delaney green
28637801,MEGAN MOEA’I
28637830,Katelynn
28637890,_tracysays_
28637891,NICOLE 💎
28637957,mads
28637959,Asia Royster
28637978,Houston Makeup Paomoll
28637994,V A L E R I E
28638023,Olyasha~NotBasicBlonde®
28638035,Tiana Bree ✨
28638045,Lolo | Creative Strategist & Marketing
28638079,Amber Skye
28638120,Morgan Avery
28638121,Rachelbabyx
28638136,Adriana Figueroa Garcia
28638139,Loki
28638168,SOLO
28638182,Jenchun Liao
28638196,Kat Regus
28638199,tiffany
28638207,DirkFenstermacher Jr.
28638227,B R Y M A R I X X
28638257,danielapdulla
28638272,𝗠 𝗜 𝗟 𝗔 𝗡   𝗔 𝗟 𝗬 𝗦 𝗘
28638277,Leyi ❣️🇨🇺
28640174,Nancy Vazquez - Chic Little Things  💕💕💕
28640198,Nicolee Colmenarez
28640248,The Modern Storytellers
28640264,Barry White
28640266,Kelly K.
28640305,Tayee
28640475,uǝǝnb sı ǝɯɐu ʎɯ sǝʎ🎀.
28640495,babytrin
28640513,jaadiaaa
28640779,leslieemendez_
28640787,ylise
28640790,London
28640808,emonars
28640817,Zechra Radawn |Beauty Expert| Image Strategist
28640828,NAT B
28640851,T h u o n g ♡
28640875,𝓜𝓪𝓻𝓭𝔂
28640889,Tre💭
28640921,andreavontess
28640939,Macey
28640944,Semirah
28640955,Martha
28640968,Trevani Brooks
28640972,Destinee
28640980,Jasmine | Seams Sew Jazzy  Inc
28641006,Najee Smith
28641016,Vanessa Hernandez
28641028,Amber
28641049,justmestephannie_
28641056,A. Bank$💰
28641061,KT 🦂
28641113,N a z e e r.
28641119,aestheticsbyaeri
28641127,Tea ❤️
28641174,Andrea Fowler
28641230,Joe Hodnicki
28641251,Smitha Katti | Smiling Colors
28641347,Jennifer • Life & Style Blog
28641391,sea atoigue-concepcion 🌞
28641795,Erick Macek
28641867,Rebekahchooses 🤍
28641911,carolineisfine_
28641946,Kimberly Hoff
28641955,I'Riel Smith
28641957,imcurrentlycraving
28641987,Arii.ferrari🖤
28642088,Patrick Benedict
28642140,sandraelidor
28642170,info.innant
28642195,Megan Scortino
28642207,Buffie Michelle
28642221,nikki.
28642228,kaneshamorrison
28642234,Lola Abeni
28642235,Flavia Andrews
28642260,Victoria Avery
28642267,danielle avitable
28642309,Janiece Bryant
28642318,Kiersten Tucker
28642344,TAMI EATON
28642356,victorianwright_
28642481,Whitney Clark
28642493,Nicole Winters
28642503,anna
28642533,Brooke Ventre
28642598,lue
28642621,HENDRICKS
28642629,Cylla
28642661,𝓢𝓪𝓶
28642711,Star Knight-Soderberg
28642727,SCARLET
28642731,ASHLEY DUNN | Host + Producer
28642747,B R I D G E T   K E N N E D Y
28642773,Nae Cummings 🇯🇲
28642814,amber.victoria__
28642821,Dr. Shecarra Cook
28642822,yo_girl_dlo
28642833,Sam🌸
28642922,Ileisha Honeycutt
28642946,TANZA 🦋✨
28642975,Sammeh
28643066,dominique_columbus
28643081,mikayla trevino
28643091,Felice 🇯🇲
28643113,Daphnée Renae
28643119,ReddRoxx
28643130,Young Black Boss
28643186,shanellegenai
28643194,Coybundy
28643196,C. Cash | Men’s Style  Fashion & Tips
28643209,goldenchildchi
28643225,Jay Kristiene
28643244,missashhleigh
28643262,𝔟𝔯𝔶𝔫𝔫
28643290,acosta.na
28643351,amanda
28643425,Brandon Nicholas Baker
28643426,Vynnessa 🦋
28643441,Jasmine Berry
28643447,foreignstaccs
28643452,NC & TX Food+Travel | Linda
28643472,Elyssa Marie
28643474,Phinn
28643495,Morgan D
28643498,Carly Butler
28643508,梨奈🌈🦋♒🌱🧿🇯🇵
28643522,Onyi ugwuanyi
28643558,richard_soon
28643586,leilani ✧
28643596,Jasamina Sharif O'Day
28643626,AKUA♛ASHLEY
28643633,Jason Tuno
28643636,Jon Rodriguez
28643678,Gena Colley
28643686,Kenya Haynie
28643709,Andrys ✨
28643710,Richard Miranda
28643719,Ahnee | Twitch Streamer & Horror Content Creator
28643731,PRINCE$$ YA$
28643752,Kathy Bolanos
28643757,Carly LeJour  MBA
28644242,missjessiedavis
28644249,GoMin Planet
28644355,Sᴀᴍ ✨
28644356,Joseph 😂
28644360,Maribel 🤍
28644380,Amarí Desiare👸🏾
28644384,Pepeforfun 🐸
28644430,Ameerah Hobson
28644449,Pamela McCune
28644469,sharonbmills
28644478,iamasyamonique
28644525,lifewithlezan
28644675,👸🏼LadyAnnty👸🏼
28644685,Bonnibelryr
28644687,Ahsonna Clanton
28644695,Nazir💫💙
28644698,Ansley
28644706,Kat
28644774,_shechose.a
28644783,lyllianSymone.
28644839,kamronskie
28644847,𝙂𝙖𝙫𝙞𝙣 𝙎𝙩𝙖𝙧𝙠𝙚𝙨
28644850,kati_roberts
28644855,naaigner.jones
28644875,adoretaylorr
28644877,KIYA FORD
28644906,Yarisel 🥵.
28644917,Ashley👑
28644918,✨🌹Precious Kutie | Model | Actress✨🌹
28644964,Ja’Milan💄💋
28644990,Ashley Imani
28645028,rajahwhyte
28645031,S H A N T E L L Y L A C E
28645206,armourtenise
28645277,ashley.m.coleman
28645315,sophiejbavadi
28645536,desvarel10
28645555,nishawepa
28645608,Meilani Edwards
28645643,forsythjoyanna
28645650,The Buddy Family
28646143,franchuk1993
28646176,Rachael Staudt
28646194,gpyyugc
28646207,S I H A M
28646316,jaielizabethh
28646328,xmissmandy
28646458,Michelli
28646498,Brittany Clawson
28646673,Devon Pina 🇨🇻
28647006,T LaTay ❤️‍🔥
28647338,ud83dudc85ud83dudc51ud83dudc84Beautiffullyme ud83dudc60ud83dudc62ud83dudcb3
28647393,Ms. Davis
28647423,Denzel Crisp
28647782,newjackcidney
28649787,Christopher Doster
28650058,shanoy.tillman
28650070,Paty Karini
28650116,jeffnmichelle2
28650136,jacquelyngrows
28651689,Sanya Zaman
28651890,nycolejazminee
28651974,ariellegee3
28651992,Jainelle  Chillingworth
28656897,sandramisoi
28667337,temptingberries
28675173,lysss.ce
28675480,leahmariettcollab
28675575,pointofvu
28685934,briann.content
28686060,Julia Carias-Linares
28686114,Maryland Photographer
28686138,Chantae Vetrice
28686176,𝑨𝒕𝒍𝒂𝒏𝒕𝒂 𝑴𝒐𝒅𝒆𝒍 𝑪𝒐𝒂𝒄𝒉 💋
28686296,koko ♡
28686397,ANNA NATOCHI
28686545,Mattykevs
28686559,Yolanda Shoshana
28686680,Cameron Gregory
28686896,Whitney Marie
28686924,Sydney Michelle
28686928,Kelly Bocanegra
28686938,MAYA ERNEST
28687001,Cici Andersen
28687004,Jessica Nicole♊️ud83dudc78ud83cudffe
28687008,shella
28687011,fabkola
28687012,𝙶𝚒𝚊 | 𝙵𝚊𝚒𝚝𝚑 • 𝙼𝚘𝚝𝚑𝚎𝚛𝚑𝚘𝚘𝚍 • 𝙲𝚘𝚗𝚏𝚒𝚍𝚎𝚗𝚌𝚎
28687072,TreasureMoua
28687091,uniquemoniquee
28687097,Judy Steele
28687108,its_beebaby
28687179,Katya Fevi
28687251,☆︎Lo☆︎
28687376,Nichelle
28687387,Imani Khadijah
28687398,lexonvenus
28687410,Kaitlin
28687412,celinebelissa
28687417,Ryma Delatorre
28687455,❤️Ajiela❤️
28687461,Ranvier Villamil
28687482,MAGGIE MCCRANIE
28687530,leen! 🧡🤍💖
28687597,unique_jeffka
28687685,Milleñea 🇵🇷 | Fashion Model + Multidisciplinary Creative
28687709,Lauren Macritchie
28687734,JAY ME'CHELLE
28687739,Sarah Rose
28687741,Katrina Stuart
28687746,J Jordan
28687751,thecosmescientist
28687773,Briell
28687813,BRIANNA FRANCISCO
28687828,IvyMUA
28687848,mariasgoldenmakeup
28687871,kazamiraa
28687883,Chloe DeLuca
28687906,SYDNEY TAYLOR
28687942,Lola Bastinado
28688034,bailsdabrat
28688057,Ryann
28688062,Sade Nicole
28688071,Cat
28688076,RENAE ANDERSON 💫
28688088,perissayork
28688095,KAYLA MONIQUE
28688107,Jaasssssssss!
28688128,RYLIE WAGNER
28688155,Jessica Watson
28688226,perla.rubyyyy
28688323,Divya Adu
28688331,SIRenity Today
28688381,✨Sonya✨
28688424,foreignlaina
28688435,Autumn
28688458,Lauren
28688482,evee
28688540,Elisha Ivory
28688561,Amber Khan
28688591,Ci Ci
28688724,Abigail Martinez | Foodie🌮| Travel & More✨
28688731,Harum-Scarum Cosplay
28688763,Genevieve “Vivie” Myrick
28688776,christinaylam
28688837,Bethany
28688862,MIA BLAKEMAN
28688897,Jessica Johnson
28688937,kelseyhargens
28688951,daviaiman_
28688954,_diamondglam
28688969,Madeline Cait
28689005,Gabrielle Kraus
28689064,Mechelle Necole
28689070,DE$T!NEY
28689081,Lexi Goodman
28689092,Paige Hartley
28689116,K A L I Y A H
28689137,safiyashania
28689146,keeley shaye
28689227,Jay Wells
28689260,𝗧𝗮𝘆𝗹𝗼𝗿 𝗡𝗶𝗰𝗼𝗹𝗲 🫧
28689297,khiamonique_
28689298,kaiyacenat
28689371,NNENA
28689408,Ashley Seng
28689441,Brandy Star Merriweather
28689525,s i a h
28689528,Amanda Saez
28689573,cierra (cc) 🌞
28689574,Kelly Ngo
28689598,J E S S I C A
28689606,Rosario Ochoa
28689845,nsodguy
28689872,Trang | Flour Hour Bakes
28689979,Angie Richardson
28690188,Erica Davis ♥
28690239,Jewelianna Ramos
28690615,Kia Williams
28690617,Autumn | Creator
28690639,BayAreaAnimeBae 😈
28690694,ᴄᴀɴᴅʏ ɴ ᴄʜʀᴏᴍᴇ ᴇɴᴛᴇʀᴘʀɪsᴇs ®
28690709,M A Y A   R E G Í
28690716,Chaila 🦂
28690739,Victoria Irene Parry
28690770,TIEbyKidist
28690781,itzel.tamez
28690823,user937838621764
28690845,helen castillo
28690851,T H E  D O L L💋
28690867,Charley Young
28690914,Dr. Sha-Phawn✨
28690919,Paris
28690946,C' stands for Chinemerem 🇳🇬
28690949,L I Z Z C A S T L E S
28690966,Aria Wolf
28691022,Shaylena Mandigo
28691057,Brittany Williams
28691068,Plus Sized Princess Of ATL☁️🩷
28691109,✮ Serenity W ✮
28691149,j e s s c h a n g ud83dudc78ud83cudffb
28691464,Clark Henson
28691475,CHARLIE COOPER | Food & Travel Creator
28691494,Dr. Kenedy Dawson  DO  MPH  MBA
28691496,Neyan Babani (NEON) | Travel + KC
28691498,Donny Wilson |📍Detroit. Lifestyle. Foodie. 🎥Filmmaker. Writer.
28691516,Sierra | Atlanta Family + Travel Blogger
28691521,Laura Giromini 💃🏻 NYC & Travel Creator
28691535,Tiffany Lynn
28691537,Jael Lobo
28691560,Jade Shenker
28691591,Maggie | icu rn ccrn
28691605,Annie Vij Baboota
28691610,_tierradestiny
28691621,Lillian Zhang
28691626,julieanna ♡
28691629,Janine Lee | SF Bay Area Traveler + Foodie 💕
28691633,so_bear03_med
28691634,Kelly  MD | Doctor | Psychiatrist
28691673,Brian Hampton
28691694,Kaori Hatsuse (初瀬 香)
28691717,K Corniel
28691722,Garrett Thomas
28691731,Krystina Arielle
28691734,Table For Two NYC
28691761,Chloe Kirk | Scientist & STEMinist
28691772,Darlene Machacon 🎶 Music Educator
28691775,Messina Hodge | lifestyle blogger
28691832,Morgan - Resume Writer 📝✨
28691836,𝓙𝓪𝓬𝓸𝓫 𝓣𝔂𝓵𝓮𝓻 𝓚𝓮𝓷𝓽
28691842,Windy City Chicago🏙️
28691901,ᴊᴇʏᴅᴀ ᴇʟʏꜱᴇ || Fashion + Lifestyle
28692059,Chai & Sunkist | Travel Couple
28692070,Nancy I DC Influencer
28692078,𝙱𝚕𝚊𝚒𝚛 𝙱𝚂𝙽  𝚁𝙽
28692122,Madhav Somani
28692129,Eugene Bestman
28692148,Sheena Parker
28692151,AJ
28692186,ashley
28692192,Sara Chohan
28692205,Bella🤍 Yuhan Lu
28692276,Hannah Chea / 谢慧宁
28692302,rachael_roaming
28692392,Lana Ebrecht • Bite-sized fun • Full-flavored life
28692394,Nikki Naghavi
28692405,Ana @ Explore NYC Free
28692418,Kelly S. Murrell
28692434,Lena
28692460,Irawati Puteri
28692506,Tiery | Food + Travel Creator
28692786,Sondra Robison | Indy Food + Fun
28692789,Rhys Athayde
28692795,Chicago Family Adventures | Lifestyle  Food  Travel
28692841,Nicolas Zhou
28693106,Monica Kim
28693568,Shayla Farias
28693797,Joelle Jaroski
28693812,j a c 🦋
28693822,Stephanie inciarte
28693825,JEANETTE HORNING
28693896,Cindy Hunsaker
28693899,Elise Dean
28693901,Sonya Trachsel
28693903,Lau Williams | Montessori Motherhood & Lifestyle
28693919,Aimé • UGC • content creator
28693942,Tired As A Mother
28693943,tetuan4life
28693972,Yvonne Ashlee | Main Character Era ♥️
28693989,Briana Myles
28694031,Makayla Jacobs | Mom + Lifestyle
28694035,Taya Hartless
28694038,✨Yessenia | Actor & Twin Mom ✨
28694042,kiera woods champion
28694066,Deidre Ferenc • Fat Loss Coach for Midlife Ladies
28694086,Kylie Hill
28694098,leenybeeny.more
28694134,Ksenia Dubovitskaia
28694157,Evgeniia
28694160,J E S S // Relatable Motherhood + IG Growth
28694176,Pace & Sam | Two Mom Family
28694209,Zhenya Tupikov | Family + Lifestyle
28694217,emma
28694260,Michelle
28694266,Nyissa
28694277,bambispiice
28694393,Amy Harberud83dudc83ud83cudffcud83eudd84ud83cudf7e⚾️
28694409,Tiffanee B - The FitStyle Life
28694420,Emma Wells
28694440,Jasmin & Josh Cooke | Travel Adventure Family
28694460,Sofia G Shah
28694461,Brandi Devine Morton
28694546,Ange 🌸 Routines + Good Vibes
28694549,VANESSA JIMENEZ | CONTENT CREATOR
28694560,Jordyn Clack
28694592,Nina Bowser
28694593,Cabi
28694658,Megan Taniguchi
28694667,Ayda
28694691,Keta Bag
28694696,Jake Platt
28694730,Nutrition By Gabrielle | Registered Dietitian Nutritionist
28694762,Kellsey Martinez
28694790,Jennyfer Espinoza | Fat Loss + Energy + Income for Moms
28694897,Samera| Women Weight Loss Coach & Content Creator
28694969,car
28695063,Madie Bunker - Weight Loss Coach
28695078,Dani Mosher
28695083,savedbydesign.tn
28695151,thecurvyclass
28695194,Mikki Ma’at
28695218,Paris Hill
28695293,𝐙𝐮𝐥𝐦𝐚 𝐌𝐢𝐝𝐞𝐫𝐨𝐬
28695380,Jessica Olson | Lifestyle & Weightloss
28695449,Rachel's Bytes | Life after Bariatric Surgery
28695451,Rose A Rogers
28695506,Gina Love
28695509,Rebecca King • Dietitian
28695580,KILEY • ONLINE WEIGHT LOSS COACH
28695593,Brooke Taylor - Fitness App  At Home Workouts  1:1 Training
28695596,Tammy Iban | Ladelmoño
28695610,Brittany Williams
28695642,Brycelyn Sperrazza
28695673,Megan Tjelle
28695730,Eric Kavafian
28695780,Erica Renee Yeager • Metabolic Wellness Coach
28695783,Lucija
28695787,Rileigh Smith  MS  CNS  LDN
28695831,Madds Santa
28695854,Lacey | Your Body Transformation Coach
28695935,SarahRuth | Hashimotos & Thyroid Expert
28695967,Brittany Ainsworth | Mounjaro | PCOS | Weight Loss | Exercise
28696017,Shraddha Tiwari Chauhan
28696023,𝙹𝚊𝚌𝚕𝚢𝚗 𝚅𝚊𝚗𝙷𝚘𝚛𝚗
28696061,Ashanti Camille
28696069,Saheedat
28696077,Jenn Lueke
28696186,jessie ❀
28696196,Michelle Gulbas 🌿
28696256,Amanda Baxter
28696275,Rawan
28696299,Neetu ❤︎
28696329,Camryn Farren
28696343,Elizabeth Dimas
28696345,Trinity Manibusan
28696359,Danielle | miami content creator
28696362,🇸🇱
28696365,Dr. Oluwabukola Ogunyemi ||📍NYC- CT Creator
28696372,Nourishment Nutrition | Dietitian | Cloie
28696386,Gia Anika
28696444,Shreya Kothari | Beauty & Lifestyle
28696452,Buciie M | Beauty & Lifestyle
28696453,Rachel Zeilic
28696463,Rafaelly Xavier
28696470,Nene
28696479,Catherine
28696495,Mao Chavez | NYC fashion content creator
28696526,Gabby Luna
28696545,Namratha Gawri
28696546,Joy Eben-Spiff
28696564,Akriti Srivastav 🌸DMV influencer
28696583,Shamia
28696591,Rebecca Kahane Pankow
28696597,YouTube: Adore Jamilah
28696607,CHERI BANKS
28696617,Zerquera
28696619,Grace Ngo (tuyetngo)
28696663,DIEY🐆🍒
28696674,Mel B. 🇯🇲🇨🇺
28696678,Hot Cool Mom
28696686,Charity
28696687,Silkyseta
28696688,Lee abodi
28696695,Ankita Gandhi
28696733,Sylvie Sérant
28696787,Jet Carter🇬🇾🐝🎬
28696803,Sierra Glamshop
28696816,Karima Abshire
28696828,Cazlinn Carstens
28696829,Meesha Farzaneh
28696839,Jay * Corine
28696846,Julie D. Harbour
28696853,Risha Son
28696854,𝗘𝘇𝗹𝘆𝗵
28696880,Anvi
28696885,Fashion | Outfit & Styling Inspo
28696890,• Y A L D A •
28696925,Essie Bonney
28696947,jasmine.vogt21
28696953,nati belluccia
28696954,Jacci Grant | Boston Content Creator
28696961,tracy | new york city
28696965,Shonats
28696966,Jessica ⚡️
28696967,robykat4ever
28696968,Nijah M
28697022,Lisa Ost
28697023,Kristin Wilde
28697029,Ella Titus
28697043,🧿 Shruti Desai Naik 🧿 | Vegetarian Recipes Creator
28697052,Nicole Wilson | Tea Writer and Educator
28697106,Priya Gupta
28697115,Nia Lauryn 💗
28697221,Ezgi gokhan
28697268,Tawnie & Wayne | DIY Projects & Lifestyle
28697297,Chai & Family
28697400,Sav Wraps ✨
28697447,Tana Rose
28697469,Sid Abbas
28697825,Ms. Ja-nae | Content Creator
28697844,madi - tech reviewer | gamer | software engineer
28697988,Baker
28698232,DAMN DJ SUAVE RELAX 🤝🏾
28698315,DEROZA
28698370,Boul 🦅
28698406,Heitor Lago
28698625,Kim Ford  M.A.
28698695,Director Millie X
28698795,zoei 🧸
28699098,ktd
28699182,Kristin - Run Coach and Mother Runner
28699269,Nancy A Schuster ✨NAS✨
28699465,Jovan Paige “The Voice”
28699547,Ivana Fernandez
28699622,Karla 🤍
28699733,Dan Kiernan
28699735,JUSTINE | The Bamboo Dancing Queen 🌿🧡
28699742,Wendell Scott | ATL
28699768,Majo Bautista | Chicago Influencer
28699948,Elsie 🎀✨
28700171,Andrea Cristina | Content Creator
28700194,Isabelle Katarina Arriaga
28700373,Jaedan Knight
28700378,Dr Bonnie Soto • Baby PT + Certified Babywearing Consultant
28700422,Laura Slater
28700572,#SHEDIIDTHAT👑
28700596,Kshitij Sharma
28700611,Moochiest Moo | Jackie & Teddy 🧸
28700716,Aishani Rose (Master Cosmetologist)
28700949,Julie & David Bulitt| Relationship and Marriage Coaches
28700951,Shay | Busy Mom Solutions | UGC Creator
28701116,ANDREINA DIAZ 🖤
28701133,Yamna Irfan
28701195,Liridona
28701261,Damanpreet Kaur
28701265,Amy Wicks | Faith + Enneagram Coach
28701377,Kyle Moeller
28701438,Elise ~ Charleston Food and Drinks
28701493,bookwormbullet
28701535,𝐍 𝐎 𝐍 𝐀 🇵🇭
28701585,AESTHETIC RN | INJECTOR
28701782,Michelle Jamilette 🇸🇻
28701987,Poppy
28701992,Lysa Simpson
28702335,Delaney Wesson
28702868,Nadia
28702896,ZEUS
28703155,Tyler Nelson
28703179,Emma Brooke Megary
28703202,Chidinma Jewel Okpara O. Nigerian Lazychef LLC
28703379,Savanah McCarty
28703892,Femi Aguda
28703893,Sarah Beth Zimmerman Webb
28704249,jonesegarrett15
28704482,kelbur13
28704571,Karin Myers
28704668,Lia Montelongo
28704762,In Love With The King Of R&B👑
28704765,Bethany Ludlam || Ludlam Family Farm
28704852,Sam Jarman
28705110,ERIKA KAYNE
28705162,Blair Wheeler
28705591,marcusdamas
28705645,Douglas Veney
28705994,Olivia  🤍 UGC & Content creator
28706418,otaraxo
28706589,themyiamonroe
28706597,The Demouchets REACT 2.0
28706648,beautybyzada
28706699,Kookiedohhh
28706780,Rebecca Zanetti - Author
28706946,BQ. Garrett
28707089,torymonroe79
28707167,Catherine Sieradzki
28707173,cnbullin
28707205,catherinegoba94
28707229,Venus Thurman
28707479,melissageise
28707580,Shonnita  Nix
28707776,caseyscharnhorst
28707802,Ashley Dinjar
28707828,andriabeautyaaa
28707854,spicytee
28708048,ashjones1888
28708207,kfells23
28708250,Kesia Purcell
28708254,Tamara Torres
28708267,Samuel Duah
28708275,laurenhart671
28708399,bri.mgrm
28708411,Angelina Mola
28708460,sarahnatowich
28708495,Pete DInnocenzo
28708507,harrisquanesha1
28708553,shwetaskanand
28708585,Courtney James
28708626,diaryofsamiraa
28708645,sierraspectrum4
28708666,lindsie_posey
28708669,mellovesthisnthat
28708678,dgsecret91
28708776,outspokenlove.co
28708845,hellovestavia
28708927,mariaandjovany19
28708932,janeytha.11
28709064,Maameefua Koomson
28713240,magierosado27
28728657,Tommy Feight
28728688,Tammy Greene - Married And Naked
28729510,ZURI SOYINKA
28729664,Ari Diaz 🇵🇷🇩🇴
28729690,Amber James ✨
28729781,Brooke Turner
28729804,Sarah Jo Reynolds
28729806,Joe Watkins
28729822,☆
28729863,Jamie • Seattle Blogger
28729963,Chloé Sophia
28730022,BrownSugarrSpice 🌞✨
28730267,Phebe JC
28730278,Larry Lee
28730322,Ashley
28730330,Mr. Put It On ❕
28730355,N A E  R E I D
28730474,Christinaud83dudc8bBrunette of Vantes
28730479,Curtis Murphy
28730530,✰BÃDDIE T✰
28730950,Courtney Veronica Daniels
28731019,Scarlett Queen
28731109,shelby.stedronsky
28731203,ecletters
28738826,katerinmullan.collabs
28738966,antigona.mehani
28739079,Isis Ferrer
28739131,Shavonne
28739143,askchauntel
28739154,Melanie Cruz
28739167,Dirgnyڪ'Cud83cudf40
28739203,阿麗雅 <3
28739258,tinitatennant
28739446,Ventura County Photographer
28739473,Laurel Kate Anderson
28739487,FixYourImages Photography
28739491,Heather Buen
28739642,Fatimah bashir
28739710,Swee
28739716,erikarglam
28739769,Meggie Jenny
28739789,Amber Mancha ud83dudc8b
28739796,Nicole Marrugi
28739979,H a n n a h
28740073,Michelle Medlock Adams
28740162,J A I L E E N E. S A N T A N A
28740172,Elise Rose Crochet | Elise Speed 🌹
28740178,k a t r i n e
28740218,melroi_mama
28740219,magdavieirarocha
28740220,persnicketysavi
28740250,Anna Filly
28740261,evierupp
28740304,RACHEL D FOX
28740313,Bethany Teague
28740371,RACHEL HULTEEN - CPT & NUTRITION COACH
28740440,Irma Sami •
28740471,ChewYorkCity
28740478,Nicole Mackelprang
28740507,avenrosario
28740518,gabrielleadelleg
28740530,maciesilva7
28740544,nikkibrito2
28740550,klea.turner
28740551,life.with.madisyn
28740588,Marge VonLehmden
28740590,Lisa | Home Organization | Time Management | Productivity | NYC
28740600,molly_mcgrew_
28740604,musings_of_trisha
28740611,Lauren C. | Motherhood & Fun 🤍
28740614,iambriaashley
28740630,megan.hunting
28740644,aullorganized
28740652,theorganizationstation
28740671,Lindsey Minor
28740721,Gianna Fiorenze 🦋
28740723,Kelly Donovan Knittingandthings
28740751,Suzy Leanos | Food Reviews & Easy Recipe Ideas
28740774,Vivi Santaella 🍒🤍🪽
28740775,Lissette Christensen
28740782,phoebemakeup
28740823,kylacote_
28740827,Shandey • Mom In Stilettos ❤
28740832,Robyn
28740836,brooke fera ud83dudc7d
28740897,stephaniya.harper
28740916,a.l.e_0
28741170,Lid’ya C. Rivera-Moore
28741215,Monika Redmon
28741412,Kiki 🪆
28741459,shopmidcenturymodest
28741543,🥀Oddly Strange Beauty&Glam🕷
28741546,charleyandsawyer
28741756,mishy ⋆౨ৎ˚⟡
28741791,blondeNboozy
28741797,CrayGardens
28741803,Parker Bivins
28741869,fullercris
28741962,ISeeStarsQuilting
28742038,atlthickdream
28742058,Kasandra Darlene
28742075,Nicole Burch 🤷‍♀️
28742180,Sam Zakai
28742205,ud83dudc3eBrittany - Purrsidentud83dudc3e
28742290,Monica | Life And Style
28742479,stitchandhound
28742481,Flippin Furniture
28742673,Brooke Barone
28742783,Farmhouse Stylebook
28742814,Brandi Garcia
28743070,Me vs Me
28743076,drzoeshaw
28743127,Bella
28743369,Peony Lee | Travel Creator
28743559,SANDY
28743580,Kass
28743621,huemily
28743661,∀ℜgjiraud83dudc51ud83dudc95
28743703,Zarina
28743830,Stephen Oscar
28743832,Kenneth Castillo
28743873,Nadine Elachkar
28743937,B
28744014,marinareli
28744047,ori_babe
28744140,ᴶᴱˢˢᴸᵞᴺ ᴳᴬᴮᴿᴵᴱᴸᴸᴬ ud83dudc3b
28744175,lisa• beauty lover
28744202,lizorn
28744214,missymartucci
28744303,Francis Kenneth 🇵🇭🇺🇸
28744347,Daniel Triassi
28744388,Kikéy Castillo
28744403,Elizabeth Woods
28744469,Marcy Turner | Teacher Author
28744485,dawnnae
28744578,brookebrimm
28744683,Faith Colbert
28744739,Traci Hobbs
28744743,Fashion Designer
28744768,apriljackson2va
28744843,ugcartsco
28745074,yisselaquino09
28745077,carmen_polanco1980
28745345,uayessha
28745956,bethavni
28746310,Wanda Love
28746346,imane2015.elyassini
28746354,Jayla Liner-Williams
28747285,Danielle Chagdes
28747328,thatwindycitygirl
28747360,shelli | 2027 bride
28747413,mandeazurine
28747415,holly.austin.73
28747524,sarasilmen
28747536,lchaneice
28747544,softgirlinscrubs.pr
28747580,mdavis.ugcinfluencer
28747590,Anna Carwile • STL
28747641,stevenlibby013092
28747692,michellestaton75
28747699,scheybts
28747716,tehriened
28747741,danielazapatagdz
28747894,pgosain413
28747986,lovebugz0410
28748002,sunnypatch08
28748003,mattlouis0
28748004,stefanie.reagan
28748010,Sydney Abrams
28748044,indigoayira
28748093,iammicoledenise
28748111,kmaxwell
28748443,mzjourney
28748540,shawna
28748631,anna.k.creator
28748637,dolifehappytees
28748704,Kayla Garcia
28748726,Sinem Matthews
28748731,mamablaze
28748739,Rochelle Stein
28748765,megankeen81
28748877,Danine | Houston Eats & Recipes
28748893,itzstephyp
28748910,Erika B. | Tampa Lifestyle Content Creator
28749036,emily.danielson19
28749144,jenniferugc903
28781794,💜✨Ebonique✨💜
28781809,The Open Suitcase
28781870,VM
28781880,Iv & Mar
28781924,Therése 💄💋
28781927,Lexi Shannon
28782079,bettinavj
28782084,Britt Eisele
28782103,Sammy Pilkington
28782115,nat
28782118,zlatazelinska
28782135,✨NYC Esthetician ✨
28782183,contact
28782247,Motherhood♥Lifestyle♥Vlogger
28782252,k
28782265,Vivian Lyu
28782268,Brittany Trull
28782273,Javonte Rose ( BLU )
28782296,Navesha Bennett Clark
28782325,Lisa Kennedy - DIY & Home Decor
28782804,Celina Bhandari
28782809,Noah Shaw
28782814,Ronelle
28782838,Oriana D’Hoy
28782890,Makeda Thomas
28782902,theglowupco
28783001,Trey Tan
28783024,Daniela Tabois
28783029,loveAdira
28783036,mi .𖥔 ݁ ˖༘⋆𐦍⊹₊ ⋆｡˚
28783046,atsunamatsui
28783625,Ciara 🌻
28783629,Native Viva
28783641,ጢ𝖀𝓢℮
28783644,HeroicDisasterr
28783666,Jessica Rene
28783680,Karlee Barnhill
28783735,F A I T H   M A R I E
28784155,Dorissa
28784162,Amanda Fitzsimmons
28784203,ᴊᴀɪ’ sᴛᴏʀᴍ | ᴄᴏɴᴛᴇɴᴛ ᴄʀᴇᴀᴛᴏʀ | ᴘʜᴏᴛᴏɢʀᴀᴘʜᴇʀ
28784605,Thee Mademoiselle
28785043,vivi 🤍
28785071,iris yoon
28785116,Nikita Bardash
28785755,desiree
28785978,kadynadarrow
28785983,Daisja
28785997,Chelsea Rashoff (Ramos)
28786607,Sonam Mehta
28786614,varoqui.design
28786736,JORDYN
28786979,cartycaruso
28786993,Anthony Silva (Beast Boogie)
28786999,Suzette Fairbank 🇵🇭🇺🇸
28787730,Sam
28787743,Kia (Kiwi) Wilder 💋
28787768,tiffany duncan
28787774,tamis_fitlife
28787813,Poet | Speaker | Storyteller
28787862,Raven
28787864,Keeli Brown
28787874,Diana Antuanette
28787921,_skinbybri
28787945,Biig Tiff
28787980,Marah Marzouq
28788111,The Creative Lady®
28788161,kiarahudson.nc
28788232,carinaintheclouds
28788251,Adriana Camposano
28788268,Montana
28788271,Erifili Sfakianakis
28788284,Annie LeBlanc
28788319,ramisa.
28788331,Andrea Swayne
28788335,angelmaoo
28788347,Becca Brown
28788354,Athena Smith
28788372,Ericka Moore ✨
28788439,Teddie Hart Photography
28788473,Emily
28788485,VIVIAN MARIE ANAUT
28788487,Taylor Mecca
28788606,DANIELLE
28788620,sergelato
28788634,Jennifer Pridemore
28788644,Kelly Milligan
28788724,Bre🎀
28788725,Ken Waks!
28788743,Beth
28788772,Britannica Cleaves
28788805,bee
28788917,honeysuckleteatime
28789081,Christopher Turpin
28789113,Cyniiee''s ASMR
28789405,Sarah Gombia
28789413,Marcelina Sowa
28789423,P A U L A    G E E
28789443,Lexi Wright
28789558,Lindsey K Weller
28789563,Bryan ⚓️
28789724,🥸
28789730,maya 🌻
28789748,Michelle
28789803,Jessa Ochuur
28789814,Chris • Ⓥ
28789877,Vanessa Parish
28789897,James Craigmyle
28789910,jackfloood
28790017,Mitsy Zelaya
28790044,Gaby Kisses 💋️️️
28790045,Devante Warner
28790063,Lamar Watkins
28790093,zachsowers
28790097,SAMANDRA VIEIRA TIMOTHY
28790113,DERRA HOWARD | Fashion. Film. Advocate.
28790116,Morgan-Lee
28790158,Dayana Kafernaoui🌸
28790165,Gabrielle 👑
28790166,estebaann.r
28790177,imgoochyourenot
28790183,Nicole Griffin
28790188,Devante Warner
28790198,ronn1elewis
28790227,Desiree Kitsmiller
28790244,emmyfavela
28790252,Shyanne Diaz
28790253,noely.enrf
28790254,Baby Maya
28790289,Andrelys Segovia
28790294,Mimi Dickerson
28790312,50shadesof.re
28790324,kaitlyn_hubert
28790327,ast.moda
28790343,Laurel Dickman
28790358,☆ KATIE MEI ☆
28790363,Jomilla Newsom
28790369,Lacey Harris
28790381,Luca @ inside
28790385,Jestena L. Mattson
28790395,Pebbles The Gawd
28790404,E R I C A
28790431,Amber Iwamoto
28790440,S P E N S E R⚡️E L S P E T H
28790456,Beatslaya
28790471,Nurun Chowdhury
28790492,rebelvanessa
28790553,❚TAYLOR COLLINS❚
28790559,Lucy Rhoades
28790604,Brieugh
28790607,Angel
28790644,Patrick Van Negri
28790645,Rigel Gemini ♊️
28790658,Cindy Teng
28790668,Jacinda Sunanon
28790677,DishaBella
28790683,Serena van der Woodsen 💓♾
28790696,Myles
28790701,AUSTEN PARKER | Lifestyle
28790728,Taria “TT” Groce 💌
28790812,mrthomasenglish
28790845,Niki McElroy
28790871,brillianteffectllc
28790872,mrsholland530
28790932,Matt Rehwoldt
28790968,great_jasmine
28791024,sarahfairygodmother
28791038,Noah Maurer
28791041,Courtney Martin
28791056,Max Kennedy
28791120,We Do Disney Right
28791127,Erin Kessler
28791162,Rashi Chopra
28791173,oliviaerickson24
28791214,LUPA COTTA
28791258,lily sykora
28791334,jbjork
28791353,Riley the Golden Retriever
28791395,Bia Beible
28791462,Brittany Simmons
28791529,Cocktail Bandits
28791547,Husna
28791569,Brandi Gannon
28791593,Jasmine Garcia
28791607,Svitlana Bazylevych
28791675,Nadia Maya
28791692,danielle
28791726,CAROLYN HOOVER
28791742,Zyria
28791754,momo
28791796,Nicole Denise
28791806,creationsbybrooklynn
28791833,amanda.podlesny
28791835,nakia roots
28791909,madison.crook1234
28791942,Raquel Logan
28792040,heather
28792092,eviescollabs
28792133,Sierra Edwards
28792459,jessicamclean.jm
28792591,mandy325
28792793,yoojinkb
28792936,kisha.cameron
28792968,prettygurlt2
28792988,margarethcreed
28793001,Luck Bianca
28793005,cloeeggar
28793013,misojuliaa
28793014,fsannabeauty
28793101,diehlcharisma
28793168,Sasha Prendes
28793226,Prerna Sivadas
28793268,sophiacockrell17
28793324,leonkary2020
28795120,heatherantionette
28795124,nekaugccreator
28795143,ygwengrace
28795216,krisorido
28795240,carlieemattar
28795242,brittjulian
28795244,stephanieleyva_
28795246,Christina DiBella
28795253,lexa.tan
28795254,Christine Mirzayan
28795260,girlllllhouse
28795316,Tyler Pitre
28795325,stufflaurendoes_
28795329,jhokanson8
28795364,claire
28795365,ant0neta
28795367,aaaaayevuh
28795369,courtney__blake
28795382,Denise
28795383,marisa
28795397,briana.tokar
28795413,Andrea Smith
28795414,Chef MiMi J
28795416,kelly.s__kitchen
28795418,thecortnado
28795421,tay_renee_roberts
28795422,hava_turner_
28795429,itslifewithlynn
28795431,doseofnisha
28795439,_anna.michelle
28795440,sizzlewithgaby
28795451,mrswilkerson_16
28795454,camo.princess
28795463,Sunny Kim
28795475,suchflare
28795522,Lauren Hendrix
28795534,sammybanh
28795546,sherlanamarie
28795549,GABI WICKMAN  :)
28795550,sarakbaird
28795558,mary_naccarato
28795560,★ R A C H E L ★
28795565,danielle_debarbarac
28795567,lexirosenstein
28795574,ugcbyitzel
28795577,tierney.jenay
28795578,michelle.t.c
28795583,freedom_barbie
28795588,stephie!!((((;
28795592,emsinggg0
28795595,kayla_carree
28795596,thatssodrea
28795609,itsnotnellyyyyy
28795617,dolce_mink
28795621,Taylor ⋆. 𐙚 ˚
28795631,sammyyohh
28795634,courtneyfbeauty
28795636,duerr29
28795643,closavage_
28795645,kennedystewartt
28795668,nicolelang09
28795672,xo_re.t.ii
28795682,debbie
28796254,lifeafterjuiceboxes
28796297,Rose
28796372,meghan | pilates & nutrition
28796379,Todd Jones II
28796386,Eddie Zamora
28796392,Chef King Kas
28796471,collardgreenscaviar
28796510,India Mendez
28796556,Olivia Mesquita
28796575,Jehan Powell
28796585,Jessica Williams
28796602,Karen Kelly • Food & Travel Writer
28796606,eatpicks
28796637,Precious Meshi Nkeih
28796654,bowlofdelicious
28796856,So She Slays
28796938,Tiffany
28796996,Hiba Atif
28797014,Brooke Fong
28797080,Jamie-Lee 🌙
28797136,Claryssa Corona
28797146,Camilla Johannesen
28797152,Apple Daniels
28797174,abby kelly
28797177,Claudette | Food & Travel
28797192,Piper P Pippington
28797203,crunchandlunch
28797224,The Mennonite Mom
28797231,mysibble
28797352,Mya
28797400,persephenne
28797404,tori.theproducer
28797408,myla.v_
28797698,Meghna Chakraborty
28797708,CANSEL 🪐
28797817,⠀⠀⠀⠀⠀Jill
28797828,Summer Chatman
28797895,Evelyn Georgina Sicairos
28798146,Tunisian Crochet Designer
28798349,Francyelli Santana
28798370,LMFAO Sport
28798451,Colin
28798595,Dixie • Sacramento Foodoirist
28798771,Rōze Traore
28798776,Brittanny Anderson
28798809,Amy
28798883,Jamie
28798916,AYA آية 🇪🇬
28798982,jnaprz
28798999,iamtaylorsimpson
28799000,Sarah Vanderkooy
28799006,isabella Biscarini
28799033,Sandra Lopez
28799054,Kiea Taylor ❤
28799131,Kristine | SF Bay Area foodie
28799162,lio.nmr
28799172,zenbabe.co
28799241,Kinza 🧿
28799260,Christina Ionno | Modern Dakini
28799582,Kamari
28799611,Darian Kayce
28799615,kmyers1996
28799622,xxosamantha
28799634,abigail.evelyn
28799642,negrofarto
28799650,𝙼𝚎𝚐𝚊𝚗 𝙱𝚒𝚛𝚍
28799761,Margaret Smith  Urban Homesteader
28799840,gianna nicole agostinelli
28799844,Sophie Sahara
28799862,amyvf47
28799864,kbhahn15
28799875,Preeti
28799877,dragtrashly
28799894,Leore Hayon
28799962,𝐋𝐈𝐕𝐈 𝐑𝐄𝐃𝐃𝐄𝐍
28800104,POONAM CHOUDHARY | Abstract Artist
28800167,𝕿𝖎𝖋𝖋𝖆𝖓𝖞 𝕵𝖆𝖟𝖒𝖆𝖓 𝕭𝖊𝖆𝖚𝖙𝖞
28800200,𝒜𝓊𝓇𝓂𝒶𝓇𝒾𝒶 𝐹𝒶𝒾𝓉𝒽 ♡
28800261,The Jaimster™
28800266,marianna
28800270,elizabethdelapiedra
28800316,inspiredbyj
28800333,_hollyhudson
28800343,dee
28800378,C H E L S E A | Houston Tx
28800396,Kyla Baptiste ud83cudf80ud83cuddf9ud83cuddf9ud83cudde8ud83cuddf3
28800437,Desiree Melancon
28800441,Laura Moore
28800476,Leah Brown
28801049,Dahdria Spencer
28801053,Michelle Nastas🤍
28801080,Carly | Nutrition Coach
28801091,Niki Marie Taylor
28801144,Margaret Grzymkowski
28801149,iheartelizabeth
28801301,Lauren Elyse Buckley
28801338,🧚🏻‍♀️𝐌𝐚𝐠𝐠𝐢𝐞⚡️𝕭𝖊𝖗𝖑𝖎𝖓🕊
28801488,brittneeproha
28801512,thatgirlkanesha
28801578,Mateeka Kern
28801659,glc
28803037,meganmveno
28804027,Taylor Brooke
28805410,RIH Daddy 10.28.46-02.15.15ud83dudc9cud83dudc9bud83dudc36
28805415,LaTonya Wise
28805463,McKenna Trahan
28805539,daysiamonea
28805579,tiff_bey
28805581,iamjustorr
28805765,Courtney parker
28805807,U N I Q U E ♥
28805827,𝐉𝐨𝐣𝐨
28805876,Candi
28805931,Zoey Grace and Mama (Megan)
28806106,Laura Sosa
28806188,chanicebolden
28806201,kellypasq818
28806292,The Jolly Pets + Megan ♥ 𝐔𝐆𝐂 𝐂𝐫𝐞𝐚𝐭𝐨𝐫 & 𝐏𝐞𝐭𝐟𝐥𝐮𝐞𝐧𝐜𝐞𝐫
28806305,A.MaRee Beauty
28806309,Mom in Training
28806313,Kolini Faagata
28806319,Rachel Phillips
28806321,Akua ✨(uh-kwee-yuh) 🇬🇭
28806322,Cristina Rodriguez
28806330,Khaos + Fam ᨏ Dog Influencers
28806397,Darryl Peterson
28806414,Sierra Nielsen
28806422,tatyanna
28806425,Megan Snedden
28806634,Kimberly Bell
28806659,Andrea Dominguez
28806700,H A I T I A N Q U E E N🤎🦋
28806800,barakamccann03
28806850,branadane
28806953,laurenッ
28806983,Lisette Melendez
28807001,Lauren Kelly
28807025,Geanine Cilenti - Petraglia
28807026,Chel
28807068,Nare Israelyan
28807077,Kendy Jiménez
28807088,Parmida Hamzeh| Fashion Marketer
28807110,_nicole_eggert
28807115,🌍Travel To Eat More 🍽
28807120,Brooke
28807124,Ice ice baybe
28807131,Margarita Elizabeth Landry
28807132,A Spark of Creativity
28807140,KENZIE MARIANO
28807239,Jazmin Porter
28807264,Tiffany Johnson
28807338,Mila Sullivan
28807346,Katrina Traicoff ♡
28807358,mimi
28807364,kayla wayla 🌸
28807375,Her Modern Life
28807456,Svattii
28807469,brooklynnsummers
28807473,beej_ly
28807489,richoffadobe
28807497,S A N D R A  • FITNESS & MOMMAHOOD
28807534,Mimi Cooper
28807542,Missy 🧠🌱
28807604,Paige
28807615,Tampa Wedding + Elopement Photographer | Juju🌻
28807624,Taylor Dennison
28807729,Parker McKenna
28807944,gladneykrista
28808048,Misca
28808105,therminorrebecca328
28808199,phxgrlsharon
28808287,collabwithchief
28808440,evgenya.devas
28808472,Aylin Go
28808473,Minnelle Kouka
28808487,xoxoenjoli
28808614,Diana Pasichnyk • UGC
28808710,tiigerdogg
28808852,happilyjesi
28808855,Lisa Goforth | Furniture Refinisher + DIY
28808907,France Michel
28808987,Arthur S. W Collins
28809030,Megan Foley
28809046,sanjna.amresh
28809266,gcmanisha824
28809769,Jida Sheikh Amin
28809798,oghappycakes
28809980,Dakota Fisher
28809999,angiemikulcik
28810377,brushesofbeautyatl
28810384,withcristelle
28810654,southernbeautylaws
28811470,Casey Shirley
28811948,mrsnnjones
28812045,preetika.hrao
28812152,Shyann Dixon | Content Creator
28812186,Shelby | Bustling Brunette
28812242,Emmettia ♡
28812330,shae.benzo
28812345,NAOMI NÚÑEZ LEON 🌹🧿
28812348,C H A S E  P I P E R
28812355,★ K A T I E ★
28812362,zoe__fernandez
28812396,DMV Pro Makeup Artist—Zahra Sami
28812521,Scott Bartlow
28812551,Crypto Kitty 😺
28812566,Zach Day
28812597,Describe In One Word DIYs
28812642,Mikey Bootleg Heroes🌴
28812669,KDotDaGawd
28812683,Simply Pinay • Hawaii 🌺
28812731,Rachel Trachtenberg
28812760,dayanara♾
28812766,Nayah A.
28812780,Raymond Strazdas
28812811,Winston The Pomeranian
28813004,Juliett Romeo
28813021,Lynette ⋒ 3rd Grade Teacher
28813029,Tristin Mays
28813075,Ten23 Designs
28813083,klaireeliz
28813135,faneshafabre
28813162,Gwen Peterson
28813170,davidapride
28813175,Susan Curry: A Liberated Woman Blog
28813180,kimpponce
28813189,Joseph Sip
28813248,Leslie N • Host • Model
28813250,Myracle Brunette 🌹
28813252,aperyll.e
28813280,Prianna || PlusSize Creator
28813294,Fashion Beauty Lifestyle UGC
28813394,McQueen ‼️🍾
28813476,✨Ariel Hazzard✨
28813483,tivancik_ifbbpro
28813538,Tone Levels
28813579,mikyrivera
28813614,Christian Bendek
28813635,BRITTNEY Q. HILL
28813655,Kailey S.
28813681,dupeboss
28813708,i͎s͎a͎ m͎o͎r͎e͎n͎o͎
28813710,Jenna Say What
28813729,patricegarrison
28813798,Ana Brandt
28813910,Crissy Danielle
28813932,Kara Haueter
28813957,tajaneikb1996
28814373,Kenniqua Lemons
28814518,Nastassja Bolivar
28814578,Michelle Kiyoko
28814595,Rachel Ferrucci
28814616,Melissa Mickelson
28814620,ashleyklemieux
28814653,Lina 🌸Chicago influencer
28814731,jessicajadeyoga
28814777,🎬DarelysTv📸
28814787,Leah Pripps
28814890,Dominique
28814910,ERIN GOLBURGH
28814928,Menucha - Moms & Crafters
28815045,Aye  Must Be The Monét
28815060,Jazmin Sykes • Created Beauty
28815157,Kelly Hyland
28815193,Amy Anderson
28815616,Derrick Dereleek
28815664,Robert Knight
28815685,Jeremiah D e l ★ r e
28815711,Imecia McCurtis
28815731,Nate White - Fashion Designer
28815758,chl.obeauty
28815777,monstameesh
28815849,Barbie Cortez
28815857,terrell2spirit
28816128,Vmarie401
28816146,Prayer changes things
28816163,Paula Bendfeldt-Diaz
28816253,Tracy Lopez-Conerly
28816263,theyknow.hailey
28816271,JPeezy 💕
28816707,idambfolmann
28817415,avril.francis07
28818592,Contact WellnessIRL
28821057,contact.nicolesias
28821174,Don’t Waste Time  Let’s Eat
28821179,Tyler Murphy
28821849,ruthgentil26
28826230,saryhernandez441
28826325,ppaigeink
28826967,isa.javierr11
28827018,shatahvor2288
28829110,emilycortez62 cortez
28831149,c h a n t e l l e△ f o w l k s
28831180,Gerron Hurt
28831422,justeenrenee
28831425,slim 🌶
28831459,Iz
28831484,CAM💖
28831517,Brianna Nechelle
28831525,EMILY OEN • MINNEAPOLIS
28831529,consciously.vegan
28831544,jezebel.umanzor
28831903,kemanie1326
28831971,Holly Marie
28832002,Sloan Hadfield
28832888,Mandee McEvoy
28833180,charrielanette
28833187,theveganmomma
28833290,taran_dunn
28833611,tejianasky
28833632,marlasidheller
28833645,SUSAN • travel
28833649,Jordyn
28833954,Hannah Young
28833997,PATTY ARCE
28834016,the_little_bukowski
28834017,primarycaredoc
28834242,Raichelle
28834323,آية · عبدالفتاح · شهادة
28834338,Bahati A
28834390,elysemakennaa
28835171,Trice Thompson
28835198,Maria Soto
28835207,amanda_siggins_bossmom
28835222,kaila_leannn
28835750,jusaidaproductions97
28836510,On The Go Frenchies
28836671,Hurlie Yang 🍎 NYC Content Creator
28837106,Roshlyn Guerrero💋
28837166,𝕬𝖓𝖋𝖊𝖊𝖗𝖓𝖊𝖊 𝕸𝖚𝖓𝖔𝖟 💰🖕🏼
28838314,SayGrace
28838316,amanda_jagow
28838324,brittanyinwanderland
28838405,Chad Jamian
28838423,chloeabizeiddaou
28839209,mommysdressingroom
28839220,mary hurten
28839234,xochchox
28839591,srividhya.gr
28839895,Bella_nader12
28839904,Baby_Bella
28839918,Grayson Coats
28840679,tslaurant
28841951,Yolanda Jamison
28841952,Babyc and Rae
28841956,Marcus Lee Bellamy
28841995,Dr Chase Skylar
28842047,Laura Mazon Franqui
28842067,eatswithvivian
28842075,Gabe Reyes
28842157,Jodie Suarez
28843214,Donna Bauer
28844100,hemrashmi05
28845053,BRITNEY MOORE
28845113,Andrea Staylor
28845400,Catharine Brooke Fletcher
28846190,Annie F. Downs
28846199,Megan Sadd
28846257,M • Mom • Hawaii 🍉
28846985,Khristine Hayes
28847059,Victoria Dixon  Entrepreneur
28847087,TheStyleMomma
28847269,J O J O💕🇸🇻
28847378,Tayyab Hashmi
28847494,Velvet Fuller
28847680,Nyla Thorbourne
28847723,Kylie Ryan
28847752,raeraeleetiktok
28847821,MrsAhdinaHope
28847829,Leila Amsterdam
28847919,Selin Yilmaz
28848076,vanesantos1702
28848136,May Lobo
28848241,Antonina Braharenko
28848247,corakrull
28848347,Michelle Pescosolido
28848376,Brenda McGregor
28848378,Bridget McPoland
28848457,luxekait1
28848566,Toni J
28848625,Jamie Arias
28848637,Gracyy🥰
28848702,Kourtney Passero
28848704,deedeebabii21
28848749,Rebecca Gorley
28849927,Mlamuli Lee Mnyandu
28850095,hoschbrandi
28850152,Sweetmara
28850155,adamahzou9
28850249,Chelle
28850563,itsninamariee
28850687,Tracey C.
28851151,Thania Cantarelli • Motherhood Abroad 🇺🇸👩‍👧‍👧
28851263,jenduran0512
28851578,jan
28851942,Edilaine AF
28852135,hellothefinewine
28852467,ashlee marie
28852648,jenadonteng
28853279,absgrace89
28853365,ruthswingler316
28853368,Merve Kozlu
28853496,lysvia_v
28853638,ehn410
28853681,Mike Harrison
28853775,tiffany.heeren
28854181,Lana Michele
28854185,Mom Life Must Haves • Gina
28854752,vgornostayeva
28855920,kaitlin.madden
28855979,lilchunnett
28856037,esther
28856224,Kennia 🥵❤️
28856299,That Glam MOM
28856309,Come on Over show
28856359,SIEFE
28856515,Lexie
28856671,Gloria
28856690,Sams Club Members
28856745,Geekazine
28856763,Carson Nicely
28856870,Samantha | Minnesota Mom + Family Fun + Travel
28856916,Mia🤍
28856994,AnthonyNewbill
28857072,Julian Zambrano
28857088,by_rini
28857166,cathrinekhom
28857240,krpop2002
28857410,indiajademccue
28857487,nadia.fincher
28857541,hello.jesshouston
28857570,lornaxvictoria
28857745,Sarah Poole Korus
28857752,haileyarzaga
28857849,jrose838
28857901,jadapugh36
28858028,Arte’s Aesthetic | Lookbook 🇧🇸
28858128,CHANDLER JULIET✨
28858150,Scott Pearson | Gay Dad 🏳️‍🌈
28858200,Shelly Billions
28858282,Lindietwins
28858353,baby.irie
28858490,Amy Tran
28858659,Deana Saukam
28858670,Billy Green
28858678,Food  Fun & Faraway Places® ✈️
28858712,Courtney Amato
28858746,charleschentv
28858893,Margaret 🍽🔪✈️
28859072,Jamie Lynn Rotman
28859183,Joey No Good
28859263,taytayrenee98
28859283,lillybaik
28859375,dgcornielle.collabs
28859886,mckinneyt21
28860184,Tekesia Jackson-Rudd
28860189,gracecareyy27
28860233,jecagtfo
28860251,mykelsy.2017
28860355,natiroth1
28860730,bargainsbuylauren
28861847,💎L O R E N A 💎
28861888,Steph lovahhh
28861915,#GrownKiddNationud83eudd18❤
28861941,Tabitha Olatoyan
28861973,kaylakristinev
28862122,Gigi Bond
28862220,Sam Adler | Food Photography & Styling
28862343,Florida Date Night
28862438,Brooks Wingate
28862460,Saylikhon Karimova
28862787,Hooked for Life: Contemporary Knit and Crochet Patterns
28863066,china.travis
28863132,Des ⚡️
28863149,Rachel “La Loca” Strauss
28863153,Jessica ud83dudc84ud83dudc60ud83dudc8b
28863172,Flor Anissa Melgoza Muñoz🌙
28863209,Mia MO 🇳🇬🇯🇲
28863346,twanthemystik
28863376,Andrea Sosa
28863419,SANTANA
28863421,Rosmi✨ Makeup Artist Spring
28863478,Icey Ma | NYC Content Creator
28863517,Michell C. Clark | author  speaker  artist
28863519,QWACI
28863549,Rest My 👑ing 💛 D.Anthony💕
28863576,Nyolie Daniella 💋🇭🇹
28863651,I.M Chrissy
28863712,thattgirljenn
28863774,Amber Washington
28863781,SooFire🔥
28863791,𝚃𝚊𝙽𝚒𝚊 𝚂.| 𝐃𝐌𝐕 𝐏𝐡𝐨𝐭𝐨𝐠𝐫𝐚𝐩𝐡𝐞𝐫
28863796,Wrenn Woods
28864145,𝒀𝒐𝒖𝒓 𝑭𝒂𝒊𝒓𝒚 𝑮𝒐𝒅𝒎𝒐𝒕𝒉𝒆𝒓 𝑿𝒖𝒙𝒖 🧚🏽‍♀️ 𝑀𝑖𝑐𝘩𝑒𝑙𝑙𝑒 𝐵𝑎𝑙𝑙
28864244,Brooke Burgstahler
28864326,. 🥀
28864948,jess
28865010,mollieejones1
28865253,motheringwhilefabulous
28865332,⠀⠀⠀⠀⠀⠀⠀⠀⠀⠀⠀A U N G E ⠀⠀⠀
28865344,Zia
28865387,abeautifullyfitsoul
28865421,Jamie Stone
28865441,commentsbyfans
28865470,Hannah Dawn Prakash
28865501,Lady Laa
28865502,Kayy Amor
28865532,Heather C. Watson ⚜️HerKentucky
28865538,organize clean decorate
28865591,𝓒𝓒🌹
28865609,Evelyn Rong
28865643,Marielina Petit
28865651,Diana DLH
28865666,RACHEL
28865686,Lovely B.   NYC MUA
28865732,The Curly Scientist
28865747,“Fit the Equation”
28865748,Kelley Dickerhoof
28865750,Payton Marie💙
28865754,Amina Mamaty 🇲🇱🇨🇬🇫🇷 | Travel
28865756,Tessah
28865799,Stephanie Vega
28865911,Shauné Hayes
28865917,dejure ♛
28865940,queen 👑
28865952,Unnique ❄️🖤
28865980,Taylor Young
28866090,theurbenlife
28866095,justin_mw
28866100,Edith Perez | Los Angeles| Luxury Travel + Lifestyle
28866188,Weightloss/Law👩🏽‍⚖️
28866189,Frank Jiogo | Fat Loss Expert
28866254,Laura Novack
28866257,lizcespina
28866370,Outlaw
28866395,Shira | 📍ATL | Plus Size | Lifestyle
28866423,J Judah 🇵🇷
28866450,drcarlymonson
28866483,Shamar Carhee ✨
28866503,Sara Q Contreras
28866555,Romeo
28866649,Brim and Uma
28866682,Indy
28866766,Bandit The Husky
28866832,Waffles the Cat
28866834,Harlow and Sage
28866858,Oliver  Juniper 🐶 & Luna 🐱
28866883,Henry the Colorado Dog
28866888,Kate Benjamin
28866932,Nimbus
28867121,That Goldendoodle Murphy
28867185,Christine
28867360,Ozzy G Davis
28867513,Kat Newquist
28867517,redlabricky
28867771,Shot by Asia LLC
28867778,Vinz Leonardo
28867852,Rachel | Washington DC Food & Lifestyle
28867853,Christy Garrett
28867993,ruff.desiree
28868274,nattooshay.18
28868352,shopwscott
28868453,Sidney
28868458,thewellpursuit
28868470,Jess Rose McDowell
28868480,AC
28868502,abbey__ashley
28868515,Claudia Estrada
28868525,daryaabbassi
28868526,xploringveras
28868542,kellyannpeer
28868546,lifewithjessxo
28868547,melissaraghunandan
28868552,sara.riley.seigler
28868557,averypred
28868573,haileyjordan79
28868589,vshleygarcia
28868596,ella.farnell
28868659,olgas.content
28868899,Megan Nolan
28869081,cassidysangster
28869595,karolin121
28869953,Tee Mickens
28870488,Simply Amiira
28870550,ugcvickyrocha
28870561,Dream Design SRQ
28870850,dawinseukajeuni08
28870971,adela
28870985,apresha82
28871041,info.cindybusiness
28871136,Luy Camargo
28871515,anethamos11
28871659,andreaphu30
28871696,kimkuye
28871709,Kaija Miller-Kyles
28871733,Danesis Fielder
28871777,Julia
28871820,Abby Lindgren
28871853,Elizabeth Corzo Molina
28871907,hannahslabodkin
28872024,prettyandposhe
28872142,amygordonrn
28872335,northof40pgh
28872377,✨Leo✨
28872379,Manda D
28872415,a.hasanova030602
28872436,Carolina Osorio
28872479,YOKO Zarza
28872499,jeninebett29
28872529,hollyk.company
28872620,mommamarie82
28872637,Dana Cole
28872640,prettylittlehustler
28872647,lblanchard216
28872666,chelsayy.cg
28872676,makeup.vgb
28872713,nickifay78
28872737,murrayamber17
28872754,kristin.l.booker
28872767,anashimohisa
28872823,laura.bambrick
28872905,tamason333
28873017,clawoolst
28873099,Homewithpauly
28873115,kbunveiled
28873126,dymin collins
28873146,Oh Nyaa
28873498,laurenshareecouch11
28873511,mackenzieblasch
28873512,only1ajai
28873669,kenneluvinquiries
28873693,nmharlach8
28873842,Christian Struble
28873873,olja1lomej
28873874,minniefest11
28873878,pkanupreet
28873903,t.jeftenic
28873953,Vipila Bathvar
28874020,favoritefindsoftheday111
28874160,worldstacias
28875691,Blanche Ryder
28875844,kazipamba43
28875991,Brittany “BeBe” Stephens
28875996,fethersonenterprises
28876569,Trupti Dhamija
28876863,Emma Grace Joens
28876872,cozychixx
28876906,courtneythompson444
28877263,🇱🇷Candy Richards🇱🇷
28877280,Bárbara Antunes
28877309,Elicia ✨
28877328,Marian Krueger
28877345,thespottedblogbeauty
28877392,ميمي مىخائيل
28877394,Bri Sahara ✨UGC Content Creator✨⁣Biochemist ✨Model✨
28877395,Meag Williams
28877402,Lucho Díaz | UGC & Content Creator
28877409,Martinique757
28877413,guithefashionista
28877427,MrsMenendez
28877449,contact
28877452,Bianca Lumina | Actress • Lifestyle
28877485,Content creator • brand photographer • UGC •Fl
28877500,MADELINE MOORE
28877529,Unbothered ud83dudc85ud83cudffd
28877594,Brianna Dickson
28877606,𝐒𝐡𝐚𝐲 𝐁𝐚𝐛𝐲💋🎀 | Content Creator
28877612,zoezariyah
28877778,lsb.barnard
28877904,zola.osman
28877923,adrianamtzc05
28878001,Ms.Zo
28878021,Wendy Arenas
28878052,Andy Price™️
28878078,zhanochka090796
28878146,ud83dudc8b Kat The Model ud83dudc8b
28878198,itzzrian_jones
28878220,rubyecom
28880233,linds
28880305,beautywithanna
28880329,BRADI BREWER (BURCH)
28880347,RUCHI MAHAJAN || Your daily dose of beauty & style inspo!
28880364,Aubrey Orth
28880370,angelaastellaa
28880472,josepamela375
28881152,Stephanie Moore
28881493,Emily Hooper
28881529,FabricBowsForDays
28881573,Whitney Lee🖤
28881612,Tiffany Anderson
28882131,Brigite- NJ
28882133,Steven José Jiménez
28884472,yamaguchikitty
28886315,Brandi1525
28889722,DR. AMBER✨
28890207,Kinsy Smith
28890230,Viviana Lopez
28890253,Amanda-Mae Olegario
28890304,🧿Jaylyn Baez
28891978,Eboni Celestain
28892170,mycha bueché
28892176,marisarosefashion
28892179,carrrlyy
28892197,sandradeebeauty01
28892219,stephaniejaee
28892228,vivianafloraa
28892230,tanyabellla
28892237,nehagarg514
28892246,megandarang
28892248,hira88_
28892249,danielanomiddlename
28892269,Madison Croker
28892270,courtneymikelle
28892276,liamarizle
28892972,judyjcl
28893036,iam__judy
28893699,madisonprz
28893700,giannamarion
28893703,henjaflores
28893707,ericacondon_
28893708,aisa.swanner
28893711,simerrk
28893712,katherineaiken_
28893713,styleddiva
28893715,simply.amber5.0
28893719,trinitysuchan
28893721,toricolli
28893725,rachelmillerrr
28893729,paulinekulka
28893732,chlooogirl
28893734,HILDI CHIN
28893738,shleeanne
28893741,kinseyyy.a
28893748,connorsteinbeck
28893750,graciegonyou_17
28893751,Isabelle Napier
28893752,gillianingrao
28893753,emoliveiira
28893759,runaroundsoph
28893760,200fingersandtoes
28893761,The Hungry Dollar | TX Foodie & Traveler
28893762,Oso Nieves
28893763,classiccarolyn11
28893764,hangryb.tch
28893771,dosesofher
28893772,folake_bolatiwa
28893773,Jayne-Marie Miller
28893785,lulluu11_
28893798,manhattan_mama
28893811,Bradley Emmens
28893813,corilyn
28893818,katie_myers12
28893819,lilylorrainexo
28893821,bri.belanger
28893917,aAmAzInG
28893967,EMoney The Gab
28894000,KATIE | Philly Food & Travels
28894684,mads
28894733,ud83dudc8bEliza Nercessianud83dudc8b
28894775,☆ Marissa ☆
28894787,Hannah Haynes
28894792,Etienne (ATN) ◡̈
28895073,karinaburgoa
28895074,Jessica Wong
28895076,kenyasherron
28895086,Trisha Parekh
28895089,Maddie | New York Influencer / Content Creator
28895115,kaitybiggar
28895131,hayounggj
28895132,_megan597
28895135,slaylay__
28895136,sydrichi
28895138,anniefaith2002
28895140,hadleysanderss
28895153,amazontriesss
28895157,ysmnpntj
28895158,Elle Menzel
28895160,innovativenisse
28895165,kellylandsman
28895190,jessiehunter40
28895194,marlynlikethefish
28895205,camrynstclair
28895216,hotmesshelen
28895748,Raquel Gutierrez👸🏻
28896046,erikas.g
28896047,m o r g a n   c h i l d r e s s
28896058,Kelsey Lawrence
28896059,juliennemenzo
28896066,paige.cain3
28896068,candaceamy
28896072,jaslichelle
28896075,haileykbay
28896079,sambartelli
28896086,Sophie Gedney
28896514,Darren Evans
28896629,Bianca Marie 🦋
28896674,Patrycja 🇵🇱🇺🇸Nowy Jork | Życie w USA | Fitness
28897927,Sabrina Henriquez
28899547,Jvixenz
28899804,Omar Lopez Murillo
28900719,info
28901322,Rose.Decimus
28901361,⠀⠀⠀⠀⠀⠀⠀⠀⠀Boss Hair & Makeup
28901846,Shelley Webb l Purpose & fulfillment for women midlife & beyond
28902607,diane.lopresti
28903521,Janissa❤️‍🔥
28903543,ᒎᗷ | ǤIᗩᑎ丅 ᕼᗩᑎᗪᔕᗝᗰᗴ ᗰᗩᑎ - ᗩ丅ᒪ | ᗪᗴᑎᐯᗴᖇ | ᗷᗩᗰᗩ | ᔕᗩ丅᙭
28903552,the_average_joe89
28903641,Chelsea Spruance
28904448,Diane Kang
28904479,Jewel Melissa
28905370,Lisa Lubin :: LLworldtour
28905434,Lisa
28905961,Rylee Paige
28906262,kmfrizzy
28906740,Mia
28907826,Brett Shaffer
28908366,Lex 🐸 (goGREENgirl)
28908818,☁️ kailyn ☁️
28910487,dobsondesignco
28911407,Nick Cloutier
28911570,📌NAOMI | MAMÁ PRIMERIZA | CREADORA UGC🌷
28911583,jennifer.sikora1
28911584,p.komplektova
28911640,juukkes
28911649,sinkovichanastasia
28911765,teneisha.henry
28911775,deandra897
28912504,mike
28912834,Jen Rabulan-Bertram
28912840,ryan.dupraw
28912887,thumphrey1988
28912970,sugarandsparky
28912989,rarjondelarosa15
28913234,herstyle36
28913409,yandrabrea
28913471,Serene Sh
28913504,Marah jereikh   |    مرح جريخ
28913535,ashonte.franklin
28913690,Autumn Ellison
28913724,kiara.prince43
28913725,Jessica
28913793,mariana.ztar.dust
28913797,Анастасия Суп
28914015,Ashley Ramos
28914262,vanep0820
28914298,24hrju
28914420,kulsumnadeem21
28915071,vpatrice53
28915163,Omid Kazravan
28915477,Ashley & Brittany
28915687,Rica Rorick
28915701,ugcbygabyy
28915780,smith.kaylamarie89
28915854,Jake Fishman
28915929,Christi
28916144,Hitney Houston 🎶🎙
28916238,Y✖️N G ⚡️ C R W N  👑
28916419,Faizah 🤍| Beauty Blogger
28916422,Jazzmen Black
28916476,Mesh Monroe | Accountability Coach & Business Mentor
28916539,Kristin Brey
28916549,mbmphotographs
28916571,Marlene Turner
28916642,taymcca
28916650,Paulette Cohen
28916654,smausk
28916679,Chas
28916697,𝓐𝓶𝓪𝓷𝓲 ♡
28916767,Jenile Brooks
28917044,lupita.reads
28917101,Katie Ann Denis |  Romance Writer
28917189,⚡️DESIGN & BRAND STRATEGY
28917220,Dinasty Chanel 👑💕✨
28917277,Chasity Robertson  M.Ed
28917363,anakeilaglz
28917430,Create buzz for your business
28917474,Intercessor. Partnership Strategist. Marketer.
28917685,Aura Roberts
28917688,Kayla Michelle
28917715,Stephanie G Funk
28917879,Ya Internet Homegirl
28918837,Anna Aslanian  LMFT  CGT/ Parenting  Relationships & Trauma
28918858,Dari Awakened
28918915,Juicy.
28918941,desmoinesparent
28919295,VICA MAKEUP MIAMI
28919301,Ericka LaShaye
28919329,💕ℕ𝕒𝕥𝕦𝕣𝕒𝕝 ℍ𝕒𝕚𝕣 𝕊𝕥𝕪𝕝𝕚𝕤𝕥💕
28919366,nena1dime625
28919420,Shakira Marie- Curve Model
28919445,Kristina Vänni
28919499,D R E E
28919559,Amber ✨
28919769,Jen Rampersaud
28919833,jordansgoldberg1
28920067,Oshun Tarot Diva
28920097,Logan Isbell
28920110,simplydaisy
28920114,Hair Doc ud83dudc81
28920176,katiestjohn
28920281,tross4041
28920460,KR✨
28920613,Davidshunny23
28920665,Onika R.
28920892,ajcollinsbiz
28921089,deelistcollabs
28921495,hiholagabriela
28921602,Carina • Peaceful  Imperfect Parenting
28921633,Hope Giselle
28921797,sanjariterrell
28921807,Ana Perez
28922076,kenziemahar1
28922307,Serena
28922525,Monique & Reese
28922532,kirraann
28922692,Déja Briggs
28922698,kennadilaine
28922701,Bia Bontempi
28922703,Krissy Clemons
28922704,casa studio
28922716,morgandanielle95
28922762,K H A Y Y💋🥀
28922773,Cindy Castellano
28922803,acurtis616
28922811,paytonharts.yt
28922820,London Tayy
28922844,vidhi101
28922871,cornea_thomas
28922877,Elliott Page | UGC Creator & Growth expert
28923307,avbest15
28923314,dulcepineda13
28923428,Adri
28923483,passionatedream143
28923629,Addy and Terry
28923671,Caroline Ehlers
28923681,glitter_on_a_dime
28923771,Cassandra Tlatenchi
28923842,An Acting Angel
28923845,Abbie Fish | Swim Coach
28923849,HAILEY
28923871,Molly Leach
28923906,✞ ☥ ᏢᎬᎪᏒᏞ ☥ ✞
28923908,Caro Solis
28924122,thedinoess
28924158,Carmen Desiree DeLoux
28924194,orders
28924213,Heather Dolland Tamam
28924299,jawanamitchell
28924328,miriaacar
28924411,Nookrium
28924421,Zach Hurth
28924466,DataDave / David C. VO 🎙️
28924588,Meanmug
28924689,MellVerse
28924706,Jenny Gorelick
28924728,mkystnl
28924745,nana.martinez02.am
28924947,lessica123
28925009,dhl553
28925039,brown.chelsea324
28925076,✨JUSFABTWINS✨
28925489,gerardopadilladiaz
28925633,rella
28925667,KAE PATRECE
28925880,.
28925906,𝑪𝒐𝒂𝒄𝒉 𝑵𝒊𝒌𝒌𝒊 𝑺𝒉𝒐𝒓𝒕𝒚 CLC✨
28926056,Justin “khoavo” Nguyen
28926177,Julie Jo
28926240,Chi 🍯
28926262,Erika Bell-Barnes | You Are Her Advocate
28926458,Tiffany | Style Blogger
28926475,Reyna M.
28926482,pickmeupzac
28926526,aoacosta03
28926537,Tania • Outfit inspo & Lifestyle
28926648,preppypublicist
28926686,itsyessiii
28926766,downhome.deidra
28926779,McKenzie Parrott
28926782,lovejasmyne
28927028,thriftedhazelhouse
28927054,dariankaia
28927055,monica_ellis
28927075,ugcclaudiaherrera
28927119,tiktok
28927151,oursuttonplace
28927172,anastasiia.bogatova90
28927295,nkarachenets
28927806,dakotapaigecollabs
28927940,Carissa Nation
28927974,siegeljuliet
28927996,Ashante | Home & Lifestyle Creator
28928010,Gillette Marlys Barton
28928081,barbfreynolds
28928368,beatsbydeborah
28928384,thebucketlistdiary2024
28928390,paula andrea teixeira carmona
28928394,nyeller23
28928448,hkh.collabs
28928466,ambermichele19
28928566,Samm Randy
28928574,Sani E-
28928638,contact
28928662,jmt112187
28928664,brianna.tania.jones
28928743,Emma Gribbon
28928822,lrysdon
28928823,carlotarodriguezrondon
28928828,kavinsmoney
28928904,giovannapavila
28928936,gracekling
28928942,stylewithlarakay
28929033,jasonsmyers
28929051,biolabanjoko
28929092,cicichome
28929233,justt.anais
28929256,angelicabuenoyt
28929376,mylittlebuster
28929386,breezi.creations
28929583,tcambur
28929785,Faith | Motherhood | Lifestyle
28929941,cocomaries
28930164,akvt2301
28930456,janecollectively
28930528,Torey
28930530,Nica
28930817,Katrina Rosendary
28930822,Esther Fernandez | Miami
28930829,Josie Jablonski
28930832,yulia_petrus
28930943,Becci PrettySTRONG Holcomb
28931002,Jessica Tirado
28931079,Christopher Lewis
28931190,Cooper the Golden Retriever
28931198,Josh Owens Fitness  LLC
28931203,Courtlynn💗
28931575,ud83dudc51 K I N G_C A R T E R ud83dudc51
28931770,Lola Savage
28931797,cheflexis
28931851,bestof_lynn
28931919,$he’a Diamond
28932036,candice.mm.christian
28932077,Jasmine Nicole
28932128,Whitney J. | Atlanta Blogger
28932268,Marco Franco
28932291,siara.fuller
28932359,Jecudi
28932367,makeupxcaitlyn
28932480,info.miavo
28932578,Ariana Williams
28932603,Michael Toribio
28934641,Kayla Lancioni
28934767,monicadeshawn28
28934822,Anna
28934871,Lizzie Lin Johnson
28934947,sliceofpilife
28934998,maddie pasquariello  MS  RDN | nyc
28935004,Morgan St. Jean
28935046,Mak Schwaiger
28935135,Joe | Divine Masculinity Coach
28935168,Ocean Blue Photography&Design
28935264,Kelsee B. Hankins
28935506,Holly Parker
28935596,Tara
28935807,elena
28935809,Nut 🎙🐾🇹🇭
28935821,kiaraasante
28935841,Laura Schein ✨
28936005,gabbiekap
28936047,C A R L O S 🀄️⛓
28936074,Our Gabled Home
28936103,Carrie harrell
28936115,Jackie Haugen
28936367,Lauren Bridges | The Fashionista Diaries ✨
28936386,Dana Kippel
28936400,mae.col
28936498,Sky | Austin  TX
28936531,kissmyaussie_
28937933,Cyleena Morse
28938467,goose
28938473,Chase Hunter Eatmon
28938511,zbaby.
28938558,Max Loewenstein
28938663,Craig Fishback
28938687,max
28938836,The Joke’s on Eddie
28938852,robindasongbird
28938855,Andrena Sawyer
28938891,Sophia
28939005,snerdymom
28939039,Sarae 👑
28939045,Karina Maria
28939049,scrantonmom
28939054,Maciel Pena
28939061,Jessica Bates
28939112,Jessie DuPree
28939115,Taylor Hansen
28939117,Carly Ritt
28939195,Leslie ud83cudf73ud83cudf77ud83cudf0a
28939224,Shelley Jones
28939326,RYAN | Artist  Content Strategist  Coach
28939340,Justin Park 🤷🏻‍♂️
28939480,keilav88
28939699,Laura | Homesteading & Wellness
28939727,ashton
28939744,UltraC4
28939749,Reese Renee
28939852,ｃｈｒｉｓｔｙ
28939859,Mary K Tran
28939972,shadae evanna
28940140,BELLA FANJUL
28940146,Chris Avey
28940292,Kid Pluto™—Designer | Director
28940362,Mike Newton
28940378,antoniojrob
28940399,enrickajames
28940402,Rosie Garcia
28940416,jennyisbianca
28940504,Laura Watson
28940742,B1G Family
28940809,Jaíne Mackievicz
28940833,Rich Sitterly
28940841,Shweta Singh
28940941,Mansi | Food & Travel Blogger
28940954,Brandon | Omakase Whisperer | Sandwich Sensei
28941159,Ericka Sanchez | Nibbles and Feasts™️
28941171,Heisil
28941175,Maria Evanil Ramirez Pereyra
28941178,Carlos Bravo
28941189,Jessica Tiffany™
28941252,Emma Smith
28941255,Faye | Handmade bookbinding
28941261,Typhanie Stewart
28941386,Janae’ 👽💕
28941415,kayla
28941469,kingdes
28941565,Thuy
28941705,Olga Shulpina | Food Video Lab
28941718,Amy | Scripts and Spoons
28941916,christinamr87
28942037,nickvenuti_fit
28942045,Kyle
28942145,Hannah هنا
28942158,Monica B Wilson ☮️🕉
28942184,Michelle Stafford
28942192,Dr. Kate | Psychologist | Yoga Therapist
28942236,lilo9690
28942274,kiarared01
28942322,Yara | UGC creator | Minnesota
28942350,Tara Teapot in the Garden
28942456,Lindy Stark Designs
28942497,Jolene Mendez
28942521,REECE WEAVER
28942580,Nicolette Pope
28942708,AMIRA  WYA? Experience Vlogger
28942756,Heather Lowe   BSW  PHR  CPRC  CPC   SRCD
28942772,Michelle | Woodwork & DIY
28942817,Kellie Bailey
28942835,curlmecrazy ASHLEY Rew-Hunter
28942850,St. Louis Foodie & Events Expert | Mary
28942856,STL Tour Guide Lady
28942859,Brigid Carey
28942876,JENNY | Travel  Pop Culture & Lifestyle
28942919,Portland Food | Nhi Thuy
28942956,OC LA SD FOODIE • UGC CREATOR • TRAVEL
28943037,rvabeermom
28943103,Whole Foods Snacks
28943212,Ashley Dixon
28943219,kolbyj25
28943333,The Layla Show🌈 | Kid Blogger
28943408,Tina ★ 1st Grade Teacher
28943440,RyanChloee • Kids Hairstyles & Fashion • Family
28943499,Niki Patel
28943521,Amber Myers
28943526,Trending Charleston
28943560,Simmi ❦
28943632,Samyah | Tampa Mom + Lifestyle Creator
28943705,Keyana Session
28943730,Phoenix With Twins (Kim)
28943800,🛍👯🅐🅛🅘🅢🅗🅐 &🅐🅩🅘🅩🅐👯‍♀️🎀
28943883,Andi Widbin l The Widbin Family
28943900,Elena Sorrentino
28943934,aamadi333
28943937,Shay Dunn
28943943,Amanda Golden
28943947,Brooke Caroline Burns
28943961,Cosplay   Garment Sewing  and embroidery Educator
28944049,filmedbybrookexo
28944056,Wardens Widow
28944057,Mersha the Mini Panther
28944065,FrankieC_eats
28944105,𝕵𝖔𝖈𝖊𝖑𝖞𝖓 ⊹
28944129,Amber Brenton
28944215,Breezy
28944276,Felicia Lewis | Makeup
28944361,Megan Myschief
28944405,simplytcollab
28944419,Courtney ✨ fandom fashion
28944433,hannah .𖥔 ݁ ˖🖤
28944438,Nikki Edwards 🧡
28944473,Kayla Anselmo
28944575,𝐊𝐫𝐲𝐬𝐭𝐚𝐥 𝐋𝐞𝐚𝐧𝐝𝐫𝐚
28944666,Merry Kathy 🎄🎅🏻✨ | disney + travel experiences
28944699,DAJ ♡
28944743,Rebecca Morton
28944795,Brittany Fury
28944808,Yailene Rubio🇲🇽
28944864,Isa | Tampa Mom Life + Family Travel Creator
28944873,Robin Means 🎀 Vegan Dollhouse
28944909,Marshay Nicole
28944975,Lauren Fondaw ⋒
28944976,Miranda 🎃🖤✨
28945232,Kareema Batool
28945310,Katana Strong Golf
28945351,Jordan Price | Philly Fitness & Food
28945433,Comet Olsen
28945513,Meg Ten Eyck
28945515,Erin
28945539,Marvi • Life views & reviews
28945547,torri
28945668,Marie | Lab Skills | Biotech
28945791,Brent Atwater
28945803,Lorna  LPN 🩺 Jacksonville  Fl
28945820,G. Michelle Goodloe  LCSW
28945838,Taylor Campbell
28945847,jayme christina 🎧ྀི • online fitness coach
28945884,itscristydeleon
28945898,Liz | GLP-1 Weight Loss
28946018,Anushka DG • UGC • Content Creator
28946038,loganamyers99
28946039,angela recine
28946200,Amanda Smith
28946241,WIVES OF THE ARMED FORCES
28946254,Kellie Stewart
28946259,Bianca
28946372,Ashley Darling
28946463,ᴀɴɢɪᴇ ᴇ. ♡︎
28946573,𝐘𝐞𝐬𝐞𝐧𝐢𝐚
28946580,Vicky Li
28946613,KARLA ✨
28946615,Jade • Sweet Softies
28946691,Bahar Experiences 🤍
28946774,Mel ♡🇺🇸
28947543,BIANCA LEISMANN
28947547,v ♡
28947558,Teresa Tabares & Family 📌 UGC creator ‼️
28947964,karo.deblasio
28948142,enisas_blog
28948175,livinglifewithpenny
28948189,fatimaminas177
28948265,Johanna Maradiaga
28948339,semenovaannie
28948436,sarahmassey529
28948586,jrdz2009
28948678,reeyag060
28948750,danaionel23
28952670,maelbamath
28952683,mmars91
28953632,channicep22
28953861,yariurena
28954362,gymendoza
28954471,leslieespino_
28954520,Syd 🇵🇭
28954535,ᗰᗩᗪIᔕOᑎ TᗩYᒪOᖇ
28954550,Sierra Rae Lewis👑
28954608,Leslie✨
28954832,Kayla Chang 💗
28955031,Samantha
28955037,Van & Lauren Jones
28955251,J a c l y n ✖️ F r a s e r
28955310,ksteen4282
28955570,colbie cassidy
28955707,Gabriela Peterson
28955712,𝒥𝑒𝓃𝓃𝒾𝒻𝑒𝓇 𝒩𝑜𝓇𝒾𝑒𝑔𝒶
28955797,Jacyn Gilbert
28955862,Beauty 👸🏾❤️
28955900,dedebeauty2
28955913,DJ. ward
28955934,samjoec8
28956198,Odunayo
28956226,JEREL SMITH
28956354,kbishopk2
28956454,bruce
28956507,ajoanna924
28956628,Ashley Thibodeaux
28956714,BEA
28956751,itskaymae1
28956830,JESSEE CHEREMOND
28956893,Everyday Chris
28957013,hellokittynovaa
28957066,cassiercorcoran
28957083,daryazh85
28957120,Madisin Margielo
28957167,gold.blake
28957197,D A I N A
28957339,jasminbrooks123
28957384,waifufit1
28957509,ewoellhaf
28957918,Lisa Aybike Kir
28957967,Blissfully the Bensons
28958230,Kristin Ker Anderson
28958236,⚡𝓚𝓪𝓻𝓮𝓷 𝓜𝓾𝓷𝓸𝔃⚡️
28958241,ᴄᴀᴛʜᴇʀɪɴᴇ - ʜᴀɪʀsᴛʏʟɪsᴛ
28958312,Mayela Vazquez
28958364,Jose Pinilla
28958370,KATIE | Philly Food & Travels
28958541,Ari
28958590,orgwithmorg
28958642,Stephany Casanova
28958655,jillian.d.hudson
28958656,lizziedufaultx
28958664,madisonwesterfield
28958665,brookevestrand
28958668,Kierra
28958670,h.lobkovich
28958672,Deanna
28958675,sanjanareddy007
28958690,gabbybeauvais
28958714,Katelyn P. | Miami Influencer
28958717,_terrarenee
28958728,hannahmsilvermann
28958733,lysstrepel
28958737,Summer
28958738,glowwithaarey
28958746,leenda Akar
28958770,artfullygeorgiana
28958772,Shae Rowe
28958787,angelicaa_mv
28958791,Im_Your_Destiny
28958818,Sonja Delicana
28958960,shayb011522
28959234,Chelsea McCormack
28959243,brittmcpherson22
28959348,𝐒𝐭𝐚𝐜𝐞𝐲 𝐋𝐨𝐮𝐢𝐬𝐞 𝐆𝐫𝐚𝐧𝐭
28959403,Patrice Pugh | Makeup Artist NYC
28959428,A L E E S
28959455,xomirielle
28959471,Tiana Marcano
28959479,kathgrifff
28959540,Dani • Levi
28959552,britbratzbeauty_
28959771,Nicole Woyak
28959784,Paris Berelc
28959902,Dana Beers
28959903,Charlene Areche
28959935,Sabrina Ortega Lopez
28959960,memorieswithchristinanecole
28960082,courtneyjenney
28960174,lexi__ison
28960286,rosiecard
28960475,Drea
28960500,Bo
28960773,SHEA.
28960846,👑Keiva👑
28960955,Kimi
28960956,meredithclaire____
28961080,Ashleigh Ridge
28961200,Giovanna Espinoza
28961282,tattisorokina.pr
28961295,kimchixjollof
28961374,collabswithp
28961420,danielaqc07
28961485,Brandi Dellinger
28961551,♋️ God 1st
28961582,Charreah | Leadership Coach + Marketing Pro
28961583,ConnorLipke
28961606,Tiffany Risch  Angler | Media | Marketing | Outdoor Adventures
28961633,mrs.belmar
28961684,Rachel Faulkner
28961732,Jehlisah Vaccarella  LCSW  ACS
28961769,rukziee
28961829,Voors
28961866,djraymills
28961914,jaydaiye
28961916,dylanjordan
28962006,Megan Mandell
28962015,S T E P H
28962271,Nina Matos
28962289,Ankhiluun Anne
28962480,Kelly O’Doherty
28962528,Shawnee T
28962553,thediamonddev
28962602,zurisadai.pr2020
28962606,Joanna Muñoz
28962611,Lauren Scorey // Dog Trainer // pet friendly lifestyle
28962682,waifujenny
28962790,Cindy Nguyen
28962844,Spawntaneous
28962886,cole trotta
28962903,Evan Yee 余家明
28962906,Kenny King Jr.
28962909,savanahbeth.roberts
28962947,Linda Samuel
28963005,Kelsey Segatto
28963033,Antoinette Lavoisier
28963110,The Jasmine Show
28963116,Kw29
28963117,Nahm_Dee
28963162,Joey Skladany
28963181,Angel Woods ud83dudc95
28963200,Danni Derr
28963225,Kelly  - The Boss Babe♡ ™
28963237,Dr Mike Herring  MD
28963254,crissymcweeney
28963344,Yessenia Yareli
28963416,fer.rs21
28963449,Joseph Lucido
28963454,Caysey Petty
28963460,Kimberly D.
28963479,redneckrhapsody
28963483,Connor Trimble
28963495,Demarcus D. Spencer
28963543,Mehreen Zia
28963554,bshaymariah
28963606,Kelton Kozlowski
28963705,Jerelle Brown
28963743,The Richards Family
28963961,ogeminichicko
28964099,Sid Sydelle
28964137,jessiefearing417
28964275,𝐒𝐎𝐏𝐇𝐈𝐀 🧿 F. Scharffenorth | Multi-Niche Content Creator
28964282,Brandi W
28964847,Laurie Shapiro
28964875,itsphilbeach
28964887,C A
28965193,DEVMACCC
28965581,mykiamcgee1999
28965685,iamgerrii
28965765,𝐊𝐀$𝐏𝐄𝐑
28965843,Kataya Casanova 🧡
28966002,Sevyn Bvlgari 🔪
28966095,John Chapple
28966159,RENZO
28966214,candice.campbell928
28966276,msantopietro
28966350,sanaahmed766
28966399,reelfeelmotion
28966512,lauren.joy.cunningham
28966563,Arpitha badrinath
28966613,lizzy2136
28966788,mariajenkinsss55
28966815,lourdes
28966850,graciela.perezcarpio
28966989,lovelylauren1991
28967084,awajawara16
28967096,micheleploss
28967102,havilahsmith
28967119,yulissastarling066
28967261,queenconniebonnie
28967488,Christina Lois
28967651,jaciburns1
28967711,thejessicaregan
28967930,shaykc20
28967946,sweetpapaya68
28968078,mdamico1016
28971113,tammitorger91
28973733,Nicholas Inzeo
28974906,hannarigby
28975660,simply_me2
28977902,kayster212
28978382,Tiller Beauty
28978485,collabsnairubymariano
28978546,getlikegem
28978549,littlepinkwardrobe
28978697,tamerasugc
28979642,jhanae10
28980866,Brenda Evelyn
28981422,Ashley Kay
28981794,Jackie Barnes
28981840,Lex Marie
28981884,Ocoszio Jackson
28981899,jm1253
28982273,Ryan Sutyla
28982764,Marianna Yazminn
28983745,Michelle | Tampa Licensed MUA | RN
28983854,Eric | Photo | Drone | Bike | Hike | Camp | Ski
28983926,Chico
28984080,Laura Bodnar
28984191,beansfitness 🔵
28984229,Evan Wilson
28984329,touchofluxes
28984448,Anastacia Sweitzer
28984742,glam2greatness
28985005,Franceska 🇭🇹🧿
28985057,Dreamud83dudc8ePLAY BIGud83dudc8eThrive™
28985095,StylishLuckyCharm
28985235,Amber Katz
28985258,Jade Dansie
28985410,Marilyn 🦋
28985495,Mike Africa Jr.
28985553,anecia
28985554,sipsnpicsnova
28985609,Kids Bedding & Undies
28985733,Megyn Bell BSN RN
28985941,Bianca Miller
28986144,Amanda Luecke
28986179,Katie St.John
28986180,Kimberly Soane 🇨🇦
28986245,charlie ✨
28986346,Abbey Bryant
28986363,Sarah (Burns) Wu
28986442,Mayia 💙
28986525,Katie Kypuros
28986535,Mookie❤
28986561,shopchocogirls
28986612,5⭐️
28986644,BellaFacesbyNisey
28986648,kaylaud83dudc8b
28986652,Chelsea Lauren
28986697,𝐒𝐭𝐞𝐩𝐡𝐚𝐧𝐢𝐞 𝐐𝐮𝐢𝐧𝐭𝐞𝐫𝐨 🧿
28986860,Momgevity™ by LaReine Chabut
28986896,beyondnbtx
28987109,Kukana Ana | Fashion & Lifestyle
28987460,will !
28987595,Anne Reburn
28987598,Sabrina
28987604,— lilah bowers
28987610,Olivia (Smistad) Gutierrez
28987636,Liv - Bookstagram + Gaming Creator
28987644,nancy
28987647,Northern CA Makeup Artist
28987651,fulltimedanceteacher
28987653,Jessica Nunes | Beauty & Fashion
28987654,thekellysoto
28987664,L A U R E N ✭ ✭ ✭
28987667,chelseriley_
28987681,Courtney Dietz
28987684,Bailee Boule Russell
28987690,madelynfrommissouri
28987692,madelyn_watkins
28987696,elliekairys
28987698,FAITH
28987704,addiekramer
28987707,Paulina Ibraham
28987710,n i k i t a  r o s e 🍒🧸🪩
28987716,rebeccadinkins
28987722,Brianna Pecora
28987725,the.medisun.blog
28987735,bruchieweiss
28987862,cbelleh89
28988214,sincerelykaitcollabs
28989071,aicaclavio
28989100,bbb_brookie
28989177,Lady Cupcake
28989234,Brenda Enriquez ✨
28989281,doaksophia
28989282,The Hackbarths 🧡 A Cincinnati family
28989409,Styled By KIRK
28989438,a-lee-see-yuh
28989461,Leslie | thebestiecompany.com
28989522,Dear K&R
28989535,⠀⠀⠀⠀⠀⠀⠀⠀  ⠀         Kay Beauty
28989942,𝚂𝚊𝚛𝚊𝚑 𝙼𝚌𝙰𝚛𝚝𝚑𝚞𝚛
28990026,christie_beauty81
28990360,PTNF
28990389,Sabrina
28990403,Bruna Klepacz
28990411,emmylewfit
28990577,collabs.torimiller
28990778,jacymckeithen
28990813,joely ⚡️girl going the distance
28990834,Desirèe
28990869,Kerstin Huang
28990873,ROSE BARRAZA ARAGON 🤍
28990877,Eastwood  tx🏚
28990886,Zawadi 🌸
28991121,Vickie
28991123,gaby
28991181,nihadamusinovic
28991299,maura.manor
28991544,melaina25
28991545,nieci_nashay
28991591,nicole spencer
28991756,XYZING🈲
28991799,Cynthia V. ✨ Blogger
28992624,bigmich231
28992737,riamarriz
28993078,tulsieisenbarth
28993089,lopez.e.maria2
28993108,Ivanna Lisette
28993112,daidai
28993128,Ashley Stepteau
28993251,Kween K🫧
28993276,Trish Sanchez
28993459,AO🦋
28993474,Lovely Phillips   ud83cuddecud83cudded❤️ud83cudf0d
28993510,Telane
28993576,🫶🏾Lyn
28993586,bre
28993594,Jai Yoko
28993597,lauren mac
28993767,mirita78
28993951,soulfult45
28995877,megan.dematteo
28995902,icreatebyfaith
28996231,lesliekcamacho
28996240,Cori Angel
28996303,Sarah Webb
28996343,annkathleen777
28996386,Erica Denise Wright
28996418,JANAY FINN
28996446,shatha_tamimi
28996462,jhinellet1
28996481,brazilianzenvibes
28996502,Aiyanna Parker
28996523,DONTCH Charles
28996528,prachifridge
28996555,momoffmute
28996582,Nicole Chambliss
28996590,lashondawhitley3
28996599,jaylinddhh
28996609,shevenek
28996629,raqu3lmadai5
28996685,heatherhagie2
28996754,Nicole Ruiz
28996775,logan.nadine
28996778,bel.kreol8
28996815,aschweg
28996825,Angelica Cruz Frias
28996847,busyblessedlivin
28996884,Silvia Loffredi
28996885,pillarandhues
28996924,gabrielaanelita
28996991,frenchiemama.wi
28997003,its.julia
28997026,marazova
28997028,grace
28997052,brenna lyons
28997053,dtoussaint86
28997211,nessiefinds
28997217,juliemira
28997275,trymejen
28997278,michelle.ayres
28997279,simplyhomebymp
28997297,kellyannwilliams32
28997348,kindafiterica
28997362,1creativegrowthmindset
28997366,cammnich
28997386,thetriplethreatmom
28997435,j.macrae99
28997444,fitness.dre
28997481,hannahhwang21
28997532,Stephanie Jo
28997546,T'Klah Fields
28997563,Armine
28997566,zaviel0408
28997581,The Lair Family
28997647,Julie Thai
28997649,nilab.khoshnood
28997769,enxhi96
28997806,Chloe Turnage
28997832,Sandy Gutting
28997900,jasminemonaa1
28997904,rhowlett9
28997931,mackenziewhelan1
28997967,Rithumithu Vlogs
28998005,Milena
28998072,fitfabstef
28998089,Here4theDads Podcast
28998149,Chef Chanel
28998169,Samichya Sapkota
28998175,amandacook1889
28998191,me
28998193,330marmiller
28998207,deboerpaige
28998218,smile4rosy
28998287,blockbarbiestudios
28998315,raeenayomii
28998350,cultivating HOME + chasing ADVENTURE • Christina •
28998356,nadiyahbarrow
28998376,red4chica
28998438,major.shelby
28998478,angelicbrockman
28998487,Shelby Seay
28998573,dashiayoung7
28998650,amrn2013
28998652,amarrano26
28998679,easteveproductions
28998716,aikanyny
28998748,blkdande
28998749,apettit7981
28998760,LaRisa Rodney
28998879,Jakelinne costa
28999687,sharon zvilichovsky
29000385,kst.preux
29000536,Justine Thompson
29000566,naejah.r
29000582,monyasbiz26
29000652,Marlen Martinez
29000677,Beautiful Booze Cocktails
29000678,Anam | Philly & NYC content creator and UGC
29000721,linayahaquino
29000813,gabby 🤍 south carolina creator
29000823,thejazchannel
29000824,chfeyh
29000832,gaiasenergyy
29000846,everywherehome
29000861,justashgreer
29000865,mrshannahking_
29000872,Jessica West
29000873,Essence J | ejs.eats
29000876,antaytay
29000883,kaylaroseabb
29000889,Ariel Teed | Beauty Content Creator | UGC
29000891,Janine Whitaker
29000892,sam.mom.life
29000897,travisswift6
29000898,terissa.m.hernandez
29000900,taylorleo13
29000908,kmdeegan
29000921,brittany.clamon
29000922,myhigherelf
29000933,landrie.strain
29000941,jahnavisdiary
29000964,thismomof2_
29000966,_jutty_
29000969,aimpadro
29000971,bailey.holmquest
29001173,chantelfrank1999
29001434,Whitney Simon
29003200,reviewedbyjuju
29003501,neham18
29003510,parkertaylormanagement
29003574,loveandsunshine
29003606,kismetknight
29004193,Seblë
29004296,cbethanyprllc
29004384,tiffi
29004387,Vanessa 🦋
29004608,Jada Montemarano
29004899,ud83dudca5✌️ud83cudf1fRihanna Quinnud83cudf1f✌️ud83dudca5
29004953,Kevin Frey
29005252,Lauren Gibbs | I care about human rights
29005305,Todd Peterson
29005308,T0p Indis
29005361,pr.daristep
29005419,Esblee
29005434,mikayla murray
29005731,E A R T H   A N G E L
29005747,erin.choi
29005754,Queen Jess 💋👑
29005909,Nneoma Ajiwe
29005914,Laura Rizzotto
29006055,Rebecca Danielle ✨
29006067,lexyleviosa
29006323,anayhernandez0412
29006339,J U L E S _ I T K I N A
29006393,Tara Geraghty-Moats
29006919,Shauna Baker
29006953,CJ Johnson
29006955,Chris Mehan
29006978,Ray Guzman
29007078,Jenni Giannuzzi
29007149,Luna Jones
29007179,sincerely_laurenashley
29007183,Laya Moon
29007300,𝐒𝐮𝐩𝐞𝐫𝐃𝐨𝐩𝐞 Q
29007599,Sade Mings
29007692,Tara Belle
29007748,𝐕𝐚𝐧𝐞𝐬𝐬𝐚
29007836,jackiecelina
29007877,Sarah Stafford
29007884,Morgan
29008080,Emilee
29008904,luizamarsilicreator
29009271,hearthstonehouseandhome
29009541,leethbambroise
29009639,anna
29009832,tamy123insa
29010266,bodiewade
29010517,hope.zaich
29010549,Elisabeth Levadska
29010580,Marina K
29010583,umida.ugc
29010584,emisgotmail
29010600,toscanotia
29010631,brielle3
29010647,mashaay.ugc
29010655,Olivia Masyutka | Beauty Influencer & Content Creator
29010670,juliasnidevich1998
29010691,Chelsey Height
29010701,fennema.lisa
29010703,Kate Nelson
29010707,michellengo.ny
29010712,mlayp95
29010781,savannahbusinesstok
29010799,mirexugc
29010871,snowbabe1257
29010881,Helen Adetunji
29010885,Shelly Horton
29010939,amandaklodzinski
29011672,eliamnymesa
29012491,AJ Newman
29012516,lexi
29012540,Angie Sayless
29012551,Christian
29012621,🇱🇷🇳🇬
29012638,Erica Grisby
29012674,Gregory Marchese (1/2 DMD)
29012686,ᏁᎩᏝᏗᏗ ᏰᏗᏰᎩᎩ!!
29012702,Kenneka Martin💜🙏🏽
29012712,Rayymon Beatz
29012812,ivettedenise_
29012927,fadenrock
29012967,Courtney DeAnn
29013230,Amanda 🦋
29013332,Jaae
29013401,coffeeATmyhouse
29013491,Deedee Gvng
29013602,Feelings for the Weak
29013745,BBF
29013789,Katie Mai
29013845,tisha_arora
29014040,TES🇪🇷
29014092,Elle
29014267,ugc.creator.marlene
29014713,bella
29014750,Coco Michele
29014801,Destini Stacy
29014806,Marioxi Arandia | Hábitos & Lifestyle
29015009,Angela Charles
29015021,KYLA JADE
29015128,tonyarkee
29015168,Lisa Cheng
29015304,erinaiwaa
29015422,madisonboguestudio
29018866,kurajilege116
29019723,Renci Mula
29019776,Mimi Iman
29019893,4ceuniverse
29019896,kaelynaupont
29019897,carlypad
29019899,shannon klein
29020189,Genesis Renji | Rapper & Engineer
29020204,keishaforimpact
29020672,Brieeana
29020777,Jessica Garcia
29020796,nilathemakeupbully
29020813,Morgan Kennedy
29021016,bishoy_tadros
29021349,Haitian Queen
29021520,Devonia Jamia
29021823,Hamano
29021824,olympia
29022146,Michael Castro
29022377,JoceyyHenriquez
29022384,UCZcLBr9DljEJ6-dzY7pgoHQ
29022439,Jonné [Jah-Nay]
29022487,Marcella Myles
29022772,Stormí
29022810,Jessica Simien  M.S.
29022920,adaeze__n
29023315,kristinmichelle23
29023644,Ke'Shay Sharday  †
29023740,Raquelle 🇵🇷🇨🇺
29023888,Aquil Mcintrye
29023969,madisondantzler6
29024123,makeupsout
29024214,keisimpson08
29024249,Kyler Ennis
29024394,Riley Winter
29026043,Juniper&Oakes Crochet Patterns
29027203,🦋𝐿𝒶𝓊𝓇𝒶 𝐿𝒾𝓃𝑜 🦋| FITNESS |
29027403,Brent Edward Amerman
29028036,ashleyv7business
29028249,Jessica DeMorse
29028474,heb murphy🍌
29028847,gana022190
29028890,khouseman2
29028893,flixroymedia
29028923,jacquelinedoshopping
29030174,Samantha Douglas
29031066,excochran
29031356,Tori Lea
29031370,Jameline Hui
29031375,Lacey Elizabeth
29031380,Narina
29031395,Emily | motherhood and simple beauty
29031423,Monique | Life with 2 under 3 • Boy mom in FL
29031436,Jamie Houck
29031454,Shawna || Mom Life + Lifestyle Creator
29031474,Jasmine Henry
29031582,Mami Cami | UGC mom
29031585,Erin Schlozman | Dismantling the Myth of the Perfect Mom
29031596,Ciayra Mcilwain
29031659,cardfan86
29031666,Brett Buratt
29031905,Dylan Sadiq
29032018,Andrea Stanford
29032024,Mike Shirdan
29032105,Nicole
29032110,Rory Anderson
29032244,Velvet 🇵🇷 🇯🇲
29032311,(Mason) Game Boys In The Wild
29032357,Kiya  Your Content Bestie
29032418,Tommy
29032428,Mom  Tristan  Abi and pets
29032707,Ivonne Mixmedia
29032909,enid burchett
29033306,Eireann | Vintage Toy Collector
29033864,Happys Charms
29034053,Goldie Ann
29034296,Karen Brennan
29034334,Sandra Page | Family-Friendly San Diego
29034355,Sarah Ickovitz ✨️ Lifestyle Blogger✨️
29034373,KARINA TORRES 🦋
29034387,Jess | Seattle Mom & Content Creator
29034439,Melissa C
29034491,Sharié Marlyn
29034494,BoBo & Ellie & Ana Buns
29034534,Claudia Carlos
29034618,NANA ANOKYEWAH
29034632,Christine Fiorentino
29034644,𝑻𝒐𝒏𝒊𝒂 𝑩.
29034673,Silvia Aquino 🧿
29034755,Cassidy Brianna Bridges
29034769,Lindsi M Johnson
29034782,Abir Hassan
29034823,JazTheBrat
29034868,Cinthia Medrano
29034938,Noelle Lindsay Strong  MBA
29034949,Jody Jo
29034976,LILLY LEIGH • OUTFIT INSPO
29034980,Kylie Ross
29034990,🦋𝓡 ♥ ❀ sh🦋
29035018,E B O N I
29035043,Kyzar Sanders
29035063,kayla oliveira
29035068,MYKEE | Curvy Fashion | Plus Size Fashion
29035101,Bee Miller | Style + Lifestyle
29035147,iammilanlondon
29035156,Amanda Evonne • Lifestyle | Beauty | Petite Fashion
29035214,Tonee Pierre
29035282,Selene Castle
29035292,Nathan Warrell
29035367,Mariem Karut 🤍
29035417,Samantha Schmitzberger
29035476,Anastasiia
29035485,rebecca ferreira
29035504,☆ rania ☆
29035524,Daria Limanskaya
29035562,Cheesy Poof
29035567,Phineas Aser
29035568,Kelly He-Sun
29035619,Christina
29035649,Brandon Nguyen
29035660,Raven | NYC content creator 💗
29035744,Dasani Robinson💕✨
29035749,Khadi Lee
29035759,Kenneth Myers Jr
29035766,Lani True
29035832,Shakira McQueen 🇹🇹
29035849,Justyce Williams
29035851,Luisa Verdee | NYC fashion creator
29035875,NOAH RIANNI
29035899,Laiz Antunes | UGC Creator
29035939,𝐌𝐚𝐠𝐠𝐢𝐞 𝐋𝐢𝐧
29036051,Shannon Pippin
29036052,Shannon Antrim
29036095,meg ringo
29036160,Angelika Acevedo
29036162,Sharon Joy Israel
29036188,Aitan Ahmadova
29036189,CARMS | Skincare | Beauty | Fashion | Lifestyle
29036198,🎉 UGC creator - Beauty  skincare  makeup and more! 🌸 I'm Rocio
29036204,🅙🅐🅧🅧 | Content Creator
29036212,Savanna Faith Stone
29036233,venusjcm
29036238,Priya | Beauty Content Creator | UGC
29036259,Stormy Beaty
29036268,Jen Fogelson
29036271,Roshini ☼
29036275,Janela | Creator
29036291,CAROLINE🤍 | lifestyle creator
29036294,Brenda Cloud
29036323,💄Whitney
29036359,Cassie
29036360,C R I S T H Y N I C O L
29036371,Amber benoit
29036377,AMANDA / Travel Content Creator & Travel Agent
29036390,Sonya J Frame🔸 Midlife and Skin Confidence Booster
29036413,Sydney 🌸 | UGC Creator
29036441,Treasure Laurent
29036495,eisenhauersamples
29036498,NANA LAWRENCE
29036500,Carla Maggiolo
29036505,Jessica Garcia
29036506,ivystorm87
29036518,StephPowellFitness⚡️🧿💪🏽
29036538,Sofi Rose
29036558,Tarina Hyland
29036559,Citra Wilson
29036578,cheekybeautyla Lisa Harris
29036582,Tasha Shi
29036636,Amanda Awadis🌸
29036640,Brenda | Beauty • Lifestyle
29036652,jasmine arianna
29036685,Beyoncé Vasquez| Content Creator
29036687,Mahrou Ahmadi
29036701,Kimberly Dawn
29036730,Lisbeth Payamps
29036747,Carolyn Silva
29036750,𝓪𝓳𝓪 ✨
29036806,Isa
29036812,clara sofia | UGC
29036846,Kabta Khadka
29036903,Entertainer 💃🎬
29036918,Yasmen Abu
29037001,Braxton Williams
29037232,ɴᴏᴇʟ
29037243,Éric
29037277,Justin Corbo
29037322,Josh Sadowski
29037813,J.R. Warren
29038016,Jesse Foy
29038881,Latisha H (Latisha)
29038966,fredricksonnina
29040008,audrabrowncontent
29040366,anarothenberger
29040473,Thaina Marquez
29040477,savannahwuerges
29040494,shopmacaronpariscafe
29040520,Dhara Padron
29040539,hanna.visser82
29040555,makeupbyrositaa
29040574,marouaouadani
29040632,Kamila Sarpekova | UGC Creator
29040648,Nikki Lewis
29040653,annabelle.deangelis
29040806,rubiodariana22
29040879,kyubinolee19
29042762,annasincock.media
29043527,savageonmadden
29043641,12.27 ud83cudf88 BLESSED & HUMBLE
29043810,James Paul
29043854,Leticia Tagliaboa
29043897,jackisaac
29043937,Sunshine Joy
29044255,🌈Crop Top Wop
29044281,La Reina Del Norte
29044351,brittianaado
29044477,Carolina Mancilla
29044591,theadultnerd
29045004,A L L A N   M U R I E L
29045571,Tracey Pickett  Esq.
29045848,Antonio Leaks
29045884,adelinehigley
29046054,Chester Lewis
29046224,Josh JY Kim
29047147,Matt Thornton
29047331,dominisecarter
29048479,Baby.
29048501,Aaron Hernandez
29048534,Inside The USA
29048541,𝐀𝐌𝐈𝐍𝐀 🧿
29048604,its arianne
29048609,q.uestttt
29048651,ImPrinceway
29048707,onlymechyna1
29048727,Brooke Trantor
29048849,ℍ𝕦𝕟𝕥𝕖𝕣 ℝ𝕠𝕤𝕖 🐺🌹
29048923,elainethong
29048968,✭ h a i l e y   c a s t r o ✭
29048969,Shaa
29048989,Janki Desai
29048998,Rachael
29049069,Tenell
29049080,Juliette & Sabrina
29049081,just jenene.
29049089,Jhetta Tionne 👑
29049257,Mathilda Tennysdotter
29049269,SAVANNAH
29049270,Yacobucci
29049271,Laterra
29049303,DJ 2X’s🎧🏋🏾‍♂️The Fit Dj
29049408,cruz rendon
29049420,Kenya Rogers
29049512,laurelramos_
29049559,Mariah Cheryl
29049573,greengoddessglow
29049585,daiiraww
29049588,T ✨️💋
29049590,whitneycarrion5
29049607,Oluwatoba Owolabi
29049634,Baddie Twinz
29049652,Slick TwoThree
29049675,Aya
29049824,raising.cubs
29049860,Nicky Blue 🦋
29050104,Paula Miquiabas
29050181,vanessa
29050188,Geovanis Rojas
29050275,charlene lefever
29050350,Yay🌺
29050356,Jayva Wayva
29050366,Corey Jacob
29050368,Aia ♡
29050384,stinky
29050401,emily shock
29050421,Jessica Blam
29050438,ISW
29050479,ᴰᴱˢᵀᴵᴺᴱ👸🏽
29050481,Fiena Wu
29050502,The Quick Family
29050528,Ki baby 😍
29050582,troy baker
29050689,hellothisisangle
29050700,Marc Burns
29050702,itshotchiick
29050746,Yuji
29050752,Concert Tips & Music
29050775,bria de castro ♡
29050786,aѕнley
29050863,dree_zhane
29050875,Doctor NOS
29050886,_saamxx
29050920,Katt Sauls
29050980,BaoThy Hawes
29051021,Jacqueline Krawiecki ↟ Adventure Travel
29051062,Isela
29051125,Jermeshea Nichole
29051128,Ashley Rick
29051194,Michiganud83dudc97 Mama ud83dudc97News
29051392,shanteree
29051915,mariaperu25
29051939,iramsafeer9eb
29052086,ncdooo12
29052199,Angel DeVaull
29052224,ivjones221
29052998,livlavishtv
29053053,ayahdominique
29053101,Cleopatra Dues
29053106,Briana Jazmine
29053119,n i k i t a  r o s e 🍒🧸🪩
29053120,darbiedaymua
29053121,severinamilagros93
29053128,different.
29053136,Leslie Ortega
29053162,JaNett Hill
29053167,hafcourtt
29053712,Crochet Ever After
29053817,Zoel Martinez
29053889,brandwithbre
29054273,makeupbyjilltilton
29054277,Mannie Williams
29054439,PromptedSpaces
29054624,jayleez15
29054628,dinascarduny
29054892,andrea.ellis35
29055097,ritaeduardo224
29055380,dwitiharsh
29055414,cgrinnage
29055437,devynbreskin
29055733,Ramonette Parayno
29056406,kishannaewards
29056574,Josie Lloyd
29056624,bookingkaieiress
29056689,mariam sana
29056868,km0878182
29057188,Mattie Tiggleman
29057287,DJ LoveStory
29057370,Brittany Reagan
29057493,elise michaux  phd
29057645,heyitshannahe
29057727,ANNA TRAN
29057836,bessieroaming
29058207,DeJa JoVon
29058255,Brittney Castro
29058411,chloe jenson
29058543,Rebecca  ACSM CPT  AFFA GEX
29058590,Chloe♕
29059243,nicolegeames
29059569,lillihill_
29059628,Raphael Simien
29059698,Naa Asheley Afua Adowaa Ashitey
29059944,Monique Davis
29059949,Isela
29059983,Christine Moon
29059985,kat solko
29060069,Adedayo Kosoko
29060282,luxestyles
29060575,Dj K Tone
29060637,Kyle | Sommer Letter Co.
29060742,Regan Danielle
29060766,Natasha Nicole Ponomaroff
29060898,lisa.w.marie
29061062,Muddy Mint
29061149,Tysean Jackson
29061550,Tani Estefy
29061739,The Vogue Room
29061759,danifitnessss
29061811,Lola 👩🏻‍🦰 Biohacking with Soul✨
29061843,Jacob Clayton ud83dudc54ud83dudcbcud83dudc5e
29062762,Chris Acosta
29062768,Matt Thomas
29062782,Tiara Jasper
29063040,hi
29063263,laurenbenetpr
29063311,tre r
29064300,Ms.Quish
29064323,jodieglows
29064686,ddchambers10
29064797,daisyprcollab
29064978,👧🏻Hue 🐱HiChew
29064979,Ashlynne Dae
29065144,vvinta
29065174,MARCY MUNCHIES ♥
29065194,Vongeek's Customs
29065200,Rio Summers
29065270,✧ Kate Weaver ✧
29065272,ashley™️
29065292,Kim | Graphic Designer
29065479,Rev. Psychic Astrologer Stina Garbis
29065485,xbabyyboo
29065553,Abby Gardner
29065584,Terri Fry
29065812,Angel Jaye
29065830,Julia Trevorrow
29065858,__mariia21
29065882,Maimouna D
29066008,taay.mitchell
29066026,So Shaz ASMR
29066105,IVAN | LIZBETH
29066115,mermaid.kayleigh
29066139,Juliana
29066158,Amber Norell
29066182,Seun Oguntosin
29066184,Melrose
29066190,petiteplate
29066197,Yana Shmyha
29066262,Destiny Mahamuth
29066268,emani.ebony
29066380,𝐀 𝐑 𝐄 𝐋 𝐋 𝐀   𝐃 𝐄 𝐕 𝐎 𝐑 𝐀 𝐇
29066476,miyabi
29066523,Purrsian White
29066529,Cynthia Nyongesa
29066548,Leela B
29066631,ken.crossover
29066683,Jayme Leeza
29066686,EMILY STEVENS
29066705,Telaud83cudf3a
29066730,Samantha Trottier
29066793,Nicole Margaret Roberts
29066816,𝒦 • 𝒟
29066877,Jessica Carbo
29066912,queenhorn_4
29066922,Asia Ráe Cosmetics🔮🦄
29066968,Susie Munoz
29066990,Vanessa Cameron
29066998,crave_dfw
29067186,Kara Fedrigon
29067255,Krystina Monet
29067280,Sabis Dominguez
29067504,Lexy Spreitzer
29067935,Vanessa
29068023,Geri Torres | Photographer/ Content Creator
29068034,Norma Simmons
29068238,Katrina Mitzeliotis
29068282,Sommer Brown
29068365,Vanessa Tamayo ACTRIZ
29068366,Miami Blogger | Veronica
29068482,ckfrancoeur
29068647,Oriana Rivera⚡️ Creative Business Mentor
29068883,mrgnnllynssmedia
29069462,catherinehermann
29069467,beautyfromneglect
29069519,zarreah.a.dent
29069621,hello.cathimolina
29069622,Shekita Smith
29069940,buildingonbeech
29069959,stephaniemhance012
29069983,contact1djeneba
29069997,yuranci perez
29070024,anemariah
29070034,francescasugc
29070068,dolly_nails275
29070181,jeniferramirez029
29070812,strawberry0507
29071007,jkinokyle
29071250,7kidskitchen
29071687,tanya1802
29071878,sisieelsie
29072280,texasbeautyxoxo1
29072388,martelsmooth777
29072548,Lisandra Leyva
29072752,keyysimone00
29072759,rissadrew21
29072925,LaDonna Michelle
29073037,ud83cudf38 Ms. Dominguez ud83dudd4a
29073158,nianib
29073184,Justine hill
29073273,Taylor
29073374,Chas
29073502,ℜ𝔞𝔢 𝔔𝔲𝔦𝔤𝔩𝔢𝔶
29073506,Jamie Nikkii 💋
29073541,_msgabrielaa
29073583,carly.green
29073602,• B E C •
29073832,Isabella Ricardo
29073861,Sheily Mae
29073863,TIARA BELLA
29073895,Kristina Marie
29073911,Yvette Marie 🧸
29073993,C H A R I T Y
29074053,sai 😘
29074074,Dyana Aives UGC MUA
29074173,★ dania ★
29074251,Ever So Emily
29074305,nicole spring
29074400,Kate Loshkareva
29074401,Amanda Lee
29074462,Grace McCraw
29074524,Kailynn West
29074660,_adorro
29074681,Kiaya Amor
29074723,Jordan Weeks
29074724,Yaraily Suriel
29074732,Icon
29074750,Kewi 🥝🤎
29074810,Venus Noorzai
29074813,nadja (nod•juh)
29074814,Annabelle Jones
29074817,golandayuerrero
29074894,A ♡
29074948,D💎N 🇹🇹
29074977,Cassie C. 🖤 Follow me on IG
29075055,Mika
29075498,thomasreynolds
29075775,Courtney Petrovich
29075781,kakosarmad
29075830,coffeewithkamryn
29076512,amari chula
29080771,christineclark15
29081231,Janiece
29081304,lesliej1995
29081309,livinglifewlexx
29081357,Natasha Marc
29081423,stevensmarina
29081499,olly7124
29081521,orellanahjissel
29081535,stephoniphilia
29081538,mimimysantos23
29081658,erinnm78
29081759,Marina Polyakova Ruder
29081809,carter.amberr
29081810,Fenia Bloom
29081850,bkupela
29081880,Rosemaria Simmons
29081886,1creative.oly
29081908,Amanda
29081988,jazzworth20
29082088,danielle8shaw13
29082136,sankyawskycollabs
29082143,razaeva80
29082179,Aubrees World
29082229,letstryitnyc
29082248,stephanielovesprettythings
29082259,rhondasandiegoafsa
29082315,Taylor Niblett
29082327,pattiloveday
29082342,studywithant
29082356,j_butts53
29082364,bjoniaa
29082408,Viktória Ducsai
29082418,emilypearlmillerr
29082632,Bhavisha Patel
29082652,mitchelltamya
29082688,jariadna60
29082705,jdarweshi
29083049,emanuelilleigh
29083077,lancasterkidshello
29083112,jennin.diaz
29083318,mnmartistry
29083348,sheyennewilson1227
29083367,lindsey brakefield
29083397,tiffanydeboard
29083459,azatova.olga
29083506,Yoanny Cartaya
29083558,detailswithdominfo
29083562,dianaa.lazaroo
29083567,Caroline Fernandes Lopes
29083568,Regina DC
29083576,Nina Holder
29083606,Deborah Nicole Decker
29083643,brandedbyiman
29083724,aklepastora
29083747,yvettepenn
29083766,Revarity Admin
29083830,Hollie Choules
29083853,fostersarah76
29083920,lbohannon
29083945,sorayaximelda
29083959,shahrzadwardak7
29084883,brenda.voltaire
29084926,ccmartinez407
29085801,2009parislove
29086101,lucyb1865
29086143,office.sparkstage
29086549,AVES 🌟🌟
29086804,Neisha Amour
29086932,Diamond Ritter
29086959,✉️CarleighSionArt@gmail.com
29086968,maren christian
29086979,La’Tara “La-La” Deshazior  CEO
29086990,theyumproject
29087040,Kelly X Chen
29087077,_lovetianaaa
29087123,Jani🫶🏼
29087167,✨ Vibe Curator ✨
29087232,BIG ATLAS
29087260,Madison Blackley
29087296,Kinah.
29087306,Kassi
29087332,SEXXYSTACEFACE ‼️
29087378,Weaveologist ✨
29087558,Jessica Peavey
29087605,ryanandrebeccam
29087873,Christine Connell
29087890,Joei D Fox
29088007,Stephanie Jameson
29088077,Rachelle. 🔮💜💚
29088216,rain hicks
29088335,Madison | Food + Travel
29088345,ㄥ乇乂丨🖤
29088368,Sherlline Carillo Casucian FASHION | LIFESTYLE | MAKE-UP!
29088492,Millzz
29088548,Dr. Kristelle Beecher  PhD  MBA
29088573,Carolin Taylor
29088628,pink_persona
29088801,Taylor Krasne
29088806,Jessi De'Bodi
29088837,Shanell
29088852,Breianna
29088858,karislovechild
29088885,ohhCooKiE
29088902,Erin Indahl-Fink
29088937,DishesByQ(Food Enthusiast)👨‍🍳
29088996,flavorinframe
29088998,everything24karis
29089010,K̸ꫀꫀꪑꪖ
29089014,Ashley Angel
29089019,kimackcreations
29089197,Bright Eye 😉
29089221,acrosby488
29089259,Maya Champion
29089274,amybursor
29089322,Mrs.Maryland United World 2025👑
29089331,Kirsten Parr✧kirstenlynne.blog
29089349,Marchelle Devine
29089647,fitsandfreakouts
29089942,Meredith Boyd ~ Atlanta Hair & Makeup Artist
29090000,Laura Pariso
29090035,Lavender Lai
29090424,prymello
29090486,sammetli
29090655,Kennedy Scott
29090683,Angel Gurrola
29090963,lindymei4
29090982,ludaanderson007
29091044,ASMR Familia 🌈 Powder & Soap
29091077,Brandon Farbstein
29091164,krisreneeauthor
29091169,ahughes2130
29091491,HolyGhost HomeGirls  LLC
29091643,shelbytateb
29092953,Huda | Chicago + Travel Creator
29092965,Brian King
29093024,Nataysia
29093048,R O B Y N
29093577,Mat Gillis
29094490,Shantell Sanders
29094599,Dr. Joseph E. Gray  III.
29094893,OneRedMike
29094897,Brandon Watson
29095158,jennfreyttsie
29095189,Jaylin Reed
29095198,Nakia Sunshine
29095209,diamondintheroughms
29095218,megan carol❤︎ chicago content creator
29095221,kassireed
29095271,tiltedtiramisu
29095274,coffee4lifesage
29095278,mckennakemp28
29095296,makeupandskincare007
29095297,jenaemelizabeth
29095312,aesthetic_inspo_101
29095316,lilithfrance1
29095317,itsbreeram
29095329,justasnip46
29095332,fxija
29095377,kristen_pnw
29095381,makaylagarciaa_
29095382,ccakefacecait
29095384,shelbyeclark
29095386,mosulli_75
29095387,saracherryrussell0
29095389,matchinwithmaddie
29095501,siry asereth
29095508,_tatianaohara
29095518,jordanlinden7
29095528,mileswithangela
29095531,amyyolivia75
29095534,lia white kieck
29095536,brendaa.chan
29095538,julespayne_
29095540,withlovemel_
29095543,karadanelle_
29095546,xoxoluvjoan
29095548,lifewithbethany_
29095582,_apowww
29095592,rachelll.lynnnn
29095659,its.myrandajenkins
29095688,masha.ugc
29095789,Antinese Stinson
29096071,Luz Herrera
29096090,Maggie Nelson
29096346,Spideymom & Spideykid
29096429,Katie Mehnert
29096467,Tiffany & Paul
29096681,agant84
29096687,Merve Özdemir
29096704,Estefany Mesa | UGC Creator
29096708,𝙎𝙖𝙨𝙖𝙮 𝙂 ✨ motherhood  beauty  fitness
29096714,Annabelle ✨
29096719,Madlyn Kissinger
29096729,Edinete Silva
29096747,𝐊𝐚𝐭𝐞𝐫𝐢𝐧𝐞 𝐋𝐞𝐚𝐥
29096798,Cristina Miranda
29096877,Tecnosivar “Tecnosivar”
29096886,Estie Kessler
29096936,Mrs E2
29096970,Tara Gazdik
29097017,A Wandering Gypsy Co.
29097114,asovon2015
29097323,Diana Velasquez | Lauderbabe
29097339,Dina’s Kouzina
29097391,NYC Food | Ilana
29097744,Paola Carroz - Bakery & Cakes.
29097774,Vanessa Vargas Wilson
29097778,NYC Foodie | Des'Tini LaGrone
29097868,She Be Eatin’ ™️| 📍BR  NOLA  ATL
29097882,Bennie | Elegant Style + Luxury Travel
29097973,Mich/i Ngo
29098178,Jess Mannering | Travel & Books
29098184,Candies Liu | Food & Travel | Denver + the World
29098249,Chasity P. ✨
29098265,Angelica Chacon
29098406,Amy Quichiz  MA
29098476,sam k young ヽ(>∀<☆)ノ
29098675,𝑶𝒌𝒔𝒂𝒏𝒂 𝒀𝒖𝒔𝒖𝒑𝒐𝒗𝒂
29098726,Major Thornton III
29098741,Gulf Coast Journeys
29098804,Jennifer Sebasigari 👩🏾‍🍳🇨🇩
29099373,𝗝𝗲𝘀𝘀 𝗔𝗻𝗱 𝗛𝗲𝗿 𝗔𝗻𝗶𝗺𝗮𝗹𝘀
29099451,Myishia Renee | Fishing | Outdoors
29099517,Diego  Loki and Taze
29099518,Anju Sethi Kapoor
29099536,The Target Bargain Hunter
29099677,Chia-Ming Ro | Garden Design • Grow Veg & Cut Flowers
29099703,Sharon Nguyen 🥢 Easy Recipes
29099776,Emily Laurae Carter
29099790,Hollie | LA/OC Foodie + Lifestyle ✨
29099847,Mariana | CONTENT CREATOR & UGC
29099858,Carron Coleman
29099882,Eunice Reyes | Rated V for Vegan
29099905,Maggie Werba
29099924,Ros Arasyi
29100000,✨Milinaire Davis
29100017,Midlife Gardening Club
29100049,Diamond acevedo
29100092,Dani
29100096,Charise
29100161,Letisya Tekiroglu
29100176,leslielewis583
29100211,"David ""Big Dave Eats"" McClintock"
29100327,Cory Shackleford
29100454,Detroit Dar
29100874,Tamieka Cobb
29100965,Brittany Beckworth
29101260,Devan Kaney
29101361,Rachel Hoback
29101425,Lady Jai 👱🏾‍♀️
29101479,Chris & Amanda Stocker | Fulltime RV Family Travel
29101902,Miaya J.
29102026,Peyton Edwards
29102103,Matthew Stucko
29102238,mama mae
29104878,George K
29104903,justky1018
29105087,David Price
29105098,theretailtherapyrn
29105739,Addiee Mae
29105761,Kacie Gregory
29105772,gbasnet2014
29105828,Sabu Pandeya
29105957,rubyeliseyork
29106054,Kusum Ghising
29109655,hemasubedi89
29112638,ford.maklisha
29113097,babitapoudyel06
29113491,suziraut11
29113528,† MATIA MARCANTUONI †🇮🇹🇨🇦
29113655,Katherine
29113976,Benny
29114448,Jo Shugart
29114525,𝐇 𝐎 𝐃 𝐀
29114703,iambaileyhahn
29114839,bindasharma1820
29115050,Elyse Bennett
29115387,Sidney Thomasson
29115433,ks
29115451,☆ C A S E Y  G R A C E ☆
29115492,Jennveee
29115519,meaghanweisheipl
29115687,grace🦋
29115785,Tausha Wierlo | Wander & DIY
29115996,nenolovesyou
29116014,Y A S M I N
29116169,lydiatblanco
29116198,Ashley Clark
29116267,elizabethkaminskii
29116317,Emilee
29116335,woahitsram
29116426,AVA
29116449,shaymac2020
29116500,Claudia Restrepo
29116542,paolabelmonte__
29116553,Simone Leanora
29116627,JACY CULBERSON
29116717,Lauren Gaw
29116795,🎀Jasmine 🎀 Parker
29116947,jakaylahadrianna
29117160,Christopher Kellum | ONLINE COACH
29117230,McKenzie👑💍
29117235,BRIA SYMONE
29117609,O L I V I A  R A E
29117726,Letta J™ - Artist  Songwriter
29117942,Jerome Aceti
29118033,Bilikisu Shinaba
29118035,Lindsay Tufts
29118106,iAMshatonia
29118139,ava buechel ☾
29118149,0livia
29118152,Morgan
29118202,Dianne Do
29118226,Javon Bernard
29118290,Amira Tynish
29118300,Mike Pitbull- Master Trainer | Nutritionist | Mindset Coach
29118309,ShaneilM
29118316,Tawni Rose Lavardo
29118430,Life on Greenwood with Caron
29118438,lynglynx
29118545,Mariah Kotza
29118619,Sashie E TV
29118633,Abdul Elmoujahid
29118717,Dawn Raven Evans
29118727,Ma'Khya ud83dudc8b(Ma-Khi-Ya)
29118807,Bianca Lane
29118818,mantoinettepj
29118919,Champaine Ivy
29118957,viribeezbeez
29119037,mrbellomusic
29119039,nettadobbins
29119101,Happy Dogs & Techy Pet Parents at Budget Earth
29119163,theshanejhane
29119852,heather.mickel1
29119924,chandikakhadka1991
29119926,itskileywilliams
29121198,Sarah Duchesney
29121261,zarreah.collabs
29121272,ugcbyleslie.elysa
29121293,modelmeech
29121332,Rich & Kitch
29121341,ornella suad
29121684,nattylovesnyla
29122080,collabs.nisha28
29122101,cindyadssss
29122704,kaylajay9696
29123469,mariana14220
29123872,katelyuwana
29123873,rachelmartamai
29123905,karla reborns1
29123930,amarahearn4
29124809,Mette
29124818,sadie.shea2024
29124988,cassie36
29125641,chamlagainprajina
29125800,Shannon King-Miller
29125861,carine.mgmt
29126243,namrata.khubchandani
29126263,ellandd0403
29127311,Sammy Marques
29127376,Nishi
29127493,Nick + Madison | Travel Couple
29127510,Adaysha Keondria
29127619,Wing wing
29127899,Didi 🌺
29127979,sydni_denise
29128015,Fabio Lima
29128125,Sae 🧿
29128147,Nicole Gandino
29128166,Georgeann Sideris ud83dudc8b
29128187,Kyshira Moffett  MBA
29128261,Duby
29128270,Motherhood  Faith  Lifestyle & Fitness Motivation
29128387,like the yogurt.
29128408,Hanika | Foodie | Twin mom
29128444,GAFC (Bboy 这儿米)
29128461,polyanablog
29128491,JEREMY MOORE
29128495,kzadel
29128512,ashley.anem
29128514,jfindley5
29128515,kisso.nyc
29128637,Kimberly Gilfus
29128649,Adrienne M. Nixon  LLC
29128650,Anton Meily
29128710,Amir Madison | Coach & Yoga Teacher
29128753,Bria Hamilton
29128839,Lesli
29128983,Fabiana Medina 𝑭𝑨𝑩𝒀𝑻𝑨
29128986,Olivia Broadhurst
29129184,Savannah Mendoza
29129259,JENNIFER ☆
29129292,Shuria Tabassum
29129363,Lifestyle Blogger-Entrepreneur
29129479,Don
29129492,Rick Southers
29129522,peyton Pope
29129647,musclemilkdaddy
29129694,Kevin Wilson
29130038,joshauniclise
29130199,Dymond
29130333,Rgord Photo
29130840,Camille Anderson
29130934,Brittany Bratek
29130951,Zay_deh.baddest♥️🍃
29131405,Djénaba
29131706,Andrya Montes
29131710,Jay Chan
29131822,Jason Brown
29131943,Owen Conflenti
29131945,Techno Dad
29131963,Joey Soboleski II
29132306,Andrew Masters
29132476,Mrerickv
29132547,August
29132634,Austin Spencer
29132714,Taylor Miller
29132796,Mike LeMieux
29133064,Potaytosaurus
29133070,kenzianidiot
29133265,Husband and Husband
29133686,hello.bethanynoel
29133997,Nils Smith
29134423,Leah
29134971,lisa.marie.p119
29135175,The Stush Diary 🇯🇲
29135251,madelynnlewiss
29135337,lana.lemeza
29136831,𝐁𝐄𝐑𝐌𝐔
29137139,Thomas Cooper
29137692,BANDBROJAY
29137996,Denisha M.
29138890,Justin - Efrain Sañchez 🇵🇷
29139242,Lex Letherman
29139249,Rome Perry
29139303,Chyna Unique
29139304,Kandyce Hogan
29139496,Loveless
29139529,Logan
29139634,Olivia | travel & wellness
29140181,Z O Ë   K Y
29140343,ugcthaysena
29140384,Tay Eastbrook
29140709,haylee🤍
29140742,Mike & Drew Sports - DETROIT🎒🏁
29141053,𝐚𝐯𝐞𝐫𝐢 ♡
29141233,maria
29141414,Teni Bello
29141791,Blaire Cocotis
29142053,Jailyn Dixon 💕🧸✨
29142454,Nitika Ahmed
29142478,Delisea Carter
29142539,Ashley Ann
29142762,J E N N  C L A Y T O N
29142765,𝐁𝐢𝐠 𝐑𝐢𝐤𝐚𝐚𝐉𝐨 ♥
29142783,Utkarsh Pratap Singh
29142885,Ty Raymond
29142887,𝕝 𝕒 𝕦 𝕣 𝕖 𝕟 ✨
29142889,m.u.a.diva1014
29142898,Mélanie
29142909,Wendy 🍒 | curve model
29142914,Bernadette Nunez
29143086,Maggie Williams
29143091,Kunjan
29143345,🥰Nicole Tavárez🥰
29143437,Jaslyn🦋
29143463,Niesha Berry
29143481,Jing
29143510,TiffanyRotheWorkouts
29143566,Vanessa 🦋
29143618,LeAnn
29143620,Cynthia Ramos
29143802,Misty
29143836,Evette 💕
29144095,Lose It Lindsay
29144162,DEANNA DAVIS
29144385,Joe Schmelzer
29144745,enchantinggoddessboutique
29144956,Sarah Dawson
29144997,carmelisse
29145015,Hedley Wilson
29145057,Olawunmi Ayokunle
29145240,Clei
29145291,IVANA | UGC CREATOR
29145299,Eunice Ahn
29145356,Holly Harding  INHC  AADP
29145447,Ricardo & Anyie • Blog
29145490,Emma
29145491,Angela Lee Pucci | Everyday Fighter
29145529,Estefania Sotomayor
29145703,shayla
29145933,Annie Hawkins
29146154,Helen Trevisan
29146419,Norma Rojas | Content creator & Community builder
29146438,Kristine Bharwani
29146442,Jahvan White👁‍🗨🏴
29147082,Cedric Sweet
29147158,Anya Yimabel | New york Photographer
29147352,Erick Jhon
29147638,Marcia
29147657,𝓥𝓪𝓵𝓮𝓻𝓲𝓪 ♔
29147864,Diane🔓
29148252,Victoria Mei
29148268,Catherine Saenz
29148277,𝙋𝙖𝙩𝙧𝙞𝙘𝙠 𝙃𝙖𝙮𝙬𝙤𝙤𝙙
29148305,Olivia Sass
29148307,Hercy • Latina Content creator
29149272,Thomas Yeum
29149329,yasmin ♡
29150052,✘
29150120,Maddie Jackson
29150407,EZ
29150747,Jadon Christian
29150969,Teontee Loves
29151406,❄️☃️Glizzy 🥀⚔️😈 ATTITUDE⚔️ADJUSTER 〽️〽️🅱️
29151676,Casey Starchak
29151704,timothy.mamon
29151710,Jose Mizrahi
29151724,Youtuber 📷💚
29151850,KEON
29151874,Nicolás Guerrera
29152313,Lena Bader
29152622,Kai
29152840,everyday.mom.ventures
29153053,nieves_carrillo
29153076,kgdays
29153089,bridgettrogers
29153265,axela_gray
29154168,empressesthetics_
29154232,جولييت
29154320,Sydney Graham
29154336,Zaire🎀
29154382,Sid Fleeks
29154392,Jennifer Hammock-Speaker  Author  Leader of women
29154395,heran mamo / ሄራን ማሞ
29154409,Kiki Bangdhat
29154414,kimmaticc
29154447,Soy
29154456,quexwilliams
29154461,Oldens Lafortune
29154464,ashleighlitzsinger
29154522,Madi Kay ud83dudc84
29154536,lisagriffinbrown
29154571,savannahmichellecollabs
29154581,Anita Michelle
29154659,Maggie Ly
29154772,celeste_castillo131
29154803,Eliana
29154937,Cassidy Kinney
29155109,sarahenderson1818
29155249,Deena Bryant
29155720,tommieaflores
29155805,aprilspicks
29155871,Tram Tran
29156008,anny.creativity
29156285,jaymedoyle97
29156306,rsarika.rai6
29156439,angelynnguyen83
29156555,Jessica Wong
29157996,stephaniekotei11
29158462,DREZEL SIMMONDS
29158465,Janet
29158515,Biviany Torres
29158532,Evan P.Y. Sung
29158533,Tamika Tucker- Cenat M.S  CPT | IFBB Figure Pro🌐
29158549,Laci Fay
29158658,Jose Acevedo Negron
29158819,Paula
29159015,krys.knight  aKnightVision
29159112,z_ohler116
29159225,Lisa Ly
29159399,Creator of MyahnArt✍🏽🎨
29159416,Kristina's Custom Nails
29159432,J'Lamar
29159893,Kiah
29160079,Chasity| E-Comm - Dropshipping Coach 🍓
29160141,P E R R Y
29160241,H A L E Y 🦋
29160319,rumana
29160636,peyton
29160667,Sabreezy
29160705,TK  TRINIDAD🇨🇦🇬🇾🇹🇹 ♌️
29160725,Sharon Bartley
29160747,Dave Mizzoni
29161082,carolinevillanova
29161251,peri 🌈🪩🤍✨
29161429,morgan taylor childs
29161543,niché (nuh-shay)
29161560,Olivia Ellen White
29161589,Caroline
29161671,shopwithshayla
29161833,Frank Rodriguez
29162186,monique.3030
29162246,Karen Jones TPT
29162394,Turtle Loves Beauty
29162410,BECKY CHARMS
29162424,Danishka Williams
29162506,laurapark3r
29162540,Miranda
29162646,Burté
29162683,Mindfully  Andy♻️🧿
29162802,Big Snow Trucker
29162825,cierajohnson
29162950,Maddie Lindahl
29163090,Vonecia
29163199,Quiana Knight
29163219,shaderiacrawford
29163291,Satine Phoenix
29163339,🅱🅴🅻🅻🅰
29163347,Universe Trippin'
29163626,katieauffant
29163805,Sky | Austin  TX
29163872,staceykay.russell
29163959,Brittney Bryant Finney
29163965,Mieka Ruffin | Marriage & Motherhood
29164026,Tessa Dee
29164049,Stefanie | Lifestyle Content Creator
29164092,Minnesota + Wisconsin + Midwest | Travel + Lodging + Lifestyle
29164201,Nikki Serenity
29164463,pjacksone
29164470,basicwhisk
29164486,jaidenplamondon
29164511,aishaskns
29164523,lifew.liza
29164526,make_uplover2024
29164529,haylie.ugc
29164587,hannahmessengershop
29164596,ladyady1211
29164605,mis._monica
29164612,oliviasfayves
29164613,sarah.r900
29164615,karijunesimpson
29164619,Shilou Baptiste
29164620,simoneminggia
29164702,Michelle
29164706,_m0reniitaa_
29164716,cheyenneslifestyle
29164750,skindeepatx
29164766,regggyt
29164769,misstonitone
29164771,ninabaeza85
29164772,.katie.j0
29164778,kamelle
29164787,gshops3
29164792,celestehexee
29164819,Jacqueline Jones 💙
29164924,the_beauty_informer
29164928,just.beingjessica
29164934,𝐒𝐭𝐞𝐩𝐡𝐚𝐧𝐲 𝐃𝐞 𝐥𝐚 𝐂𝐫𝐮𝐳 | Blogger
29164938,Simi Violet 🥀
29164967,smellgoodnp
29164969,peacefully.amanda
29164978,beauty_by_iamyeesi
29164983,sacredheartts
29164993,jenniferparramore
29165009,nikkireviewseverything
29165014,avagenn
29165021,ariawilly
29165041,nani0203
29165064,amandaniccum
29165077,ashnicole_x0
29165135,Kayla Shields
29165196,Abe Kislevitz
29165225,Kriti Kushwaha | Travel & Posing
29165320,Jared Pullman
29165445,Todd George
29165493,Ashley Petefish
29165495,Pinky Tuscadero
29165535,Rebecca Lee
29165537,Carly | Travel Creator & Trip Inspo
29165669,Katie | Miles + Motherhood 🏃‍♀️
29165919,Kyle and Heather Ellison | Family Adventure Travel
29165984,Ren Dipietro Aragón
29165997,Joslynn Peterson | Strength Coach•Run•Climb•Pre/Post Mastectomy
29166004,Ameena Zeeba
29166098,Jessie♡
29166264,Tyler 'Mac' Fox
29166399,Sabina | Miami Blogger💚
29166909,Candace
29167165,Brittney Howard
29167392,Vinnie ”GOATX” Moreno | TEXAS
29167681,Lauren Grace 🧿
29167918,tamtashapringle
29168033,Micah Siva  Modern Jewish Food
29168096,Katerina Kautska
29168140,Rehina Katenova
29168242,Herv JeanBaptiste
29168277,Chizzle
29168379,Sophie in the City | MS  RDN | Gluten Free
29168659,𝐋𝐢𝐭𝐭𝐥𝐞 𝐌𝐢𝐬𝐬 𝐀𝐞𝐬𝐭𝐡𝐞𝐭𝐢𝐜
29168890,Annia Esteves | Architect & Interior Designer
29168918,Marlene Meyers
29168924,Jennifer Zhang
29169180,Bennett Rea
29169224,Sean
29169371,Vanessa & David R.
29169458,jessie Chambers
29169562,Maria Diez | S. FL Foodie & UGC Creator
29169955,evelissamartinez
29170004,Nita POP - Living P.O.P.
29170995,Head2Toe Magazine & Ent.
29171028,Dr. Bell | The Smile Doc 🦷
29171296,Monica Swint
29172155,Kathy Reviewgirl
29172349,Ruth Ndulu Maingi 🇰🇪🇺🇸🌎
29172473,Kortney Eliese Coleman
29173157,Gona Foster
29173262,jessicaacota
29173519,Joi Elmore
29173734,rahaf.ugc
29173737,elizabethifill
29173816,verokitty8
29174050,sahinrba96
29175496,marshaxcollabs
29175548,oliviamariebliss
29175629,msnerriss
29175731,Khadijaud83dudc8b
29175743,OLIA
29175753,LifeofAriaKai
29175802,Sassy Southern Chic
29175847,Iam Nayy Seduction™️
29175880,Raging Rouge Beauty Blog
29175904,Margo Burr
29175965,Lexi
29175992,Cori Renee
29175997,Maya Anderson
29176024,adriennefaurote
29176094,jaidakatsuyo
29176227,Tawny and Chris
29176259,Madison T.
29176293,amieraydavis
29176320,Nadia
29176342,empiregirlbeauty
29176476,london :)))))
29176549,Where in the World is Kate?
29176571,I K I E 🇳🇬
29176850,Dawn Mayo  Fake Food Artist
29176899,wellnessfoodie
29177021,service
29177475,katicheri99
29177528,a.evette2004
29178842,evettessavvyfinds
29178974,Oscar Hernandez
29179228,megankitchens
29179665,daesjahbenjamin
29179706,thebluprint8
29179874,Manny Espinoza
29180002,katrinsanchez19
29180065,pastel.corbett
29182513,kennahamblin.collab
29182973,chanelthames
29187875,Lindsey Mitchell
29187934,themarissagold
29188001,edimarfigueraa
29188008,Honee’
29188226,✨S A R A  T I A R A✨
29188283,cindy
29188378,R
29188405,Mariselaud83dudc36
29188474,noemiemarguerite
29188621,Blackricanvegan
29188704,libbykamen
29188748,PodsofWar
29188772,Blogger/YouTuber/Shop Owner
29188796,Felicia Clark
29188862,francheskafitness
29188941,geekytara
29188952,Sarah de Gaudemar
29189023,⭐️CEO Hairstylist⭐️
29189045,shani.shanghai
29189050,thebunnietr4p
29189119,stephaniemota1922
29189170,cninteriorsllc
29189213,Victoria Sophia
29189228,Mz ViciouZz
29189275,jonescort08
29189301,barbscollabs
29189317,smritee.kc22
29189337,kennedifails
29189414,Seher Yılmaz Öztürk
29189418,Tonya Jeffries
29189447,Princess Evans
29189657,Peggy Hiemer
29189676,Shantavia Cash
29189678,Simran Nayab
29189832,ℹⓂ   Q
29189891,chyrabb
29189904,Natheree Lackey
29190026,Rio Summers
29190034,Skyler Shields
29190101,cirlenes682
29190233,mom_speaksenglish
29190477,Jessica Lundy 🎤 Keynote Speaker
29190501,July 25 ♌️
29190858,Jarren Clack
29190879,livinlifewithmzvee
29190925,Jamar Jones
29190979,Ebony Miyu
29190994,Mexican Food-Silvia Martinez
29191068,Linzie Ann
29191095,marissaaaarose
29191320,s a b r i n a ⁂
29191321,hercloset20
29191510,Parker Riley
29191585,MkElite
29191729,Damion Bailey
29191798,Deyon'tae Roberson
29191988,Gabrielle Fox-Monroe
29192005,lifewithasiarenee
29192124,Amy Long
29192197,Caity Vannoy
29192408,Kary Bena
29192511,sometimeshome
29192906,thecrownmomma
29193023,abby
29193097,miriam
29193122,Jacob Austin
29193633,zori.ugc
29193829,kstu.media
29194139,Janessa White
29194185,Dee
29194189,ugc.faithk
29194214,laurynashleyxx
29194254,mariapiaarce
29194277,haileytowle77
29194283,Adaora Okoye
29194286,khadkar3600
29194294,cherie.burge
29194317,jennifer
29194398,mandarinchik1
29194460,glowithsheherazade
29194510,enya.meyer9
29194516,linaecollab
29194574,Emily Emily
29194577,suravi.bhandari53
29194598,chelsea
29194610,izayah.grace
29194770,msamlwonders
29195184,lillie_sorrells
29195243,abigailtuano
29195250,setheeionahandy
29195266,neupaneshreya50
29195274,leelee.collabs
29195334,lifewithpowells
29195356,edwardsenlisa
29195404,juanita.b.mccoy
29195411,stltinasrma
29195468,sdhilton10
29195473,D Kay
29195485,heyitsshella28
29195490,chapagaindiveet
29195566,nieshannw
29195569,scentsecured
29195582,Ivy
29195648,its.just.jordannnnn
29195808,Kat Fuller
29195909,johnsontribu
29195931,thegoodwic
29196038,The Shanel Effect LLC
29196040,Jenna Lynn Hefner
29196065,carolclau35
29196069,honesty
29196094,daimyly29
29196130,oli2112mai
29196169,sarah.nova9624
29196176,elifashion27
29196193,giri_kc.ichchha
29196242,menniekolors
29196281,toniw.reviews
29196322,Dy MarLeyy
29196347,Charlene Yashouafar
29196398,Nissan Williams
29196409,Stephanie
29196420,Yashira Gruszy
29198021,Content Creator | Influencer
29198037,coupondogmom94
29198046,pr.olga.rez
29198066,anastasiapproduction
29198126,looksforu24
29198134,yadleystjean4
29198138,aayushma.bartaula
29198144,n_essix07
29198175,heythere
29198256,shanellhughes84
29198307,Sabrina Jade Macchio
29198333,diegodesignsss
29198426,thebarbie1101
29198517,Shawnese Davis
29198524,marcy9173
29198587,gnima14
29198600,Rosen Bagley
29198679,jasmine.mondesir
29198705,amyhartman0507
29198765,dmverdex
29198780,soyoanna
29198842,faustima
29198944,soujesscruz
29198983,dina.mahmoudhashem
29198994,Marina Zimmerman
29199012,fressavanessa96
29199019,VFrancony
29199037,pyates613
29199073,khandeece
29199103,Adrienne Jones
29199127,krystel_pr
29199148,Sophia Zheng
29199172,lbelling21
29199290,drewbux
29203233,Jyssika Dash
29203427,nadinedm1970
29203462,amuya100
29203615,shpakelizabeth
29203649,aminataseck304
29203652,tylercsaville
29203778,juliaperfetto
29203791,Corinne Georges
29203806,_annvaz
29203819,ccarolynmariee
29203864,Winnie ｜ Fashion & Lifestyle
29203877,triciasfu
29203922,ferlegar
29203943,laurenbrown2307
29203996,gabriellerohovie
29204012,nicolemastellone
29204028,kaceychen_
29204039,itsmonicavargas
29204042,carolinehwellness
29204057,shelbygeorgeee
29204125,bribriiiiii13
29204126,Menswear Content Creator
29204133,mommyg3ne
29204135,itsdrmoe
29204270,courtshauls
29204274,taylorstruppp
29204275,Nurse Sydney
29204285,aurelie
29204288,sapeony
29204293,keannashipley
29204302,bpaigea
29204305,jennabachrach2
29204328,hairmiu
29204337,kailiewerra
29204341,evertess
29204343,gaad1811
29204355,clarencehej
29204393,celinechow
29204422,Shakia Singleton | Fashion Editor
29204431,tiffanyasimpson
29204440,jilashwani
29204450,shishi_cherie
29204480,katiiachen
29204501,Lauren
29204548,fitoreslife
29204559,mrsheathervansant
29204628,glowbydiamond
29204636,isabelle.lux
29204663,outfitdailyhunter
29204685,makeitmanny
29204711,Preston Chazulle
29204720,morganmarillis
29204725,💗Jamilah Joy💗
29204748,breraymond
29204750,christinakatrenyak
29204755,Vanessa A.
29204782,jessica + monica (宋美漫+宋美惠)
29204860,slaybymuna
29204943,megondareg
29205276,Nika
29205314,roxanaabtin
29205340,tho_ph25
29205356,𝐆𝐀𝐁
29205374,hannahmatthews___
29205400,emmaabrielle
29205406,madison nicole
29205407,taylordittman13
29205408,lifebysuee
29205412,muznah.fawad
29205435,im wayyy more poppin in person
29205438,ninagrossko
29205449,iamprettidee
29205454,tiacarsonnn
29205619,sarahfenste
29205630,MIMI
29205641,kacimorgz
29205671,taylorfergg
29205680,arlyaspiration
29205684,mianguyen.__
29205689,magsxliu
29205697,joeyjoocollective
29205714,caramellattes4ever
29205797,✧ 𝓛𝔂𝓷𝓷
29205803,Lia Cristina Terrero
29205816,justlike_jarah
29205823,josieminamida
29205830,mailayazuri
29205841,lovejulietelise
29205846,daniellegovan
29205884,Elisabeth
29205902,lynkenjaymes9
29205905,paolachirinos
29205910,samsdailycams
29205917,kkimheidi
29206052,fromscrubstoglam
29206071,katerinastephenson
29206075,smuelhan
29206101,andreacarobonilla
29206121,keyonceeb
29206125,Leigha Schmidt
29206150,yunnei3
29206246,hi.jadorejulie
29206264,ugctee
29206276,chloethedood_
29206278,soswankynix
29206286,Hadley Pollet
29206293,rawrrrosel
29206295,katelynfryee
29206309,vicrivero
29206312,thebeccaflores
29206316,ZONA💫
29206320,mckenzie.herreraa
29206341,catchmekarma
29206362,locarr_
29206367,colinlennon_
29206425,megansoo_
29206477,Amanda Kennedy
29206501,_paulinaafloress
29206502,dianavmota
29206504,august.laines
29206517,lilacraindrops98
29206529,marieaxellee
29206539,Elena Borovskaya | Model & UGC creator NYC 🇺🇸
29206543,madforshort
29206547,avedaviis
29206557,berganlicht
29206597,grace ⬪
29206620,Ices TheEnchantress
29206655,Ibrahim Vasquez El Sayed ✈
29206664,Mariee
29206699,muahteoo
29206710,Nnamdi
29206778,K
29206820,ʏᴇᴇ ʏᴇᴇ ʙᴜʙʙᴀ 🤠
29206936,Devondre Johnson | Fitness Trainer
29206939,Summer  Jo
29207002,Edward Vidrine
29207043,henrytdien
29207107,Minitarget
29207121,Blake Betts
29207141,Shana ／人◕ ‿‿ ◕人＼
29207186,Baz Family
29207188,thetravelingtoddlerblog
29207203,mayataughtyou
29207214,amber
29207216,Mary Haberski
29207222,emilee.moore
29207400,Zorana Jovanovic
29207472,doucetteb
29207474,angeliiiinaa
29207479,bringingbackbabeeta
29207495,mb.vogue
29207518,hairbyssyd
29207528,aanyisspam
29207575,xoxostephaniiee
29207630,Eduarda Pires
29207672,shelbeysaye
29207723,life.w.lex4
29207734,lulumpanza
29207750,locdinstyle
29207755,taaydsouza
29207756,ari
29208468,beyondsouthbeach
29208553,Melissa || Director of Vibe®
29209386,Kristiahna Clark ✨Food Experiences 🍤 and Travel! ✈️
29210196,Dominique Syha Whitaker | Travel Mentor
29210262,cara 🌿 | rootcausewithcara
29211021,camdynbrooke
29211420,zo zo
29211501,EpicShae
29211619,sammy bramlett ud83cudf35
29211854,MzTequi Tequilla SheGoHard
29212136,Joyce Kim
29212304,𝔈𝔩𝔦 𝔐𝔠𝔇𝔬𝔫𝔞𝔩𝔡
29212493,garciafabiola09
29212532,nurturewithjones
29212604,melissannlopez86
29212646,svegda
29212653,bridgette.toutant
29212723,GameGang Productions
29213164,To-Nya Sachika
29213296,samantha_hurley
29213688,ellierei101
29213984,james
29213994,annaannesten
29214034,ashlyntworekcollabs
29214084,shabriaisley2000
29214182,erikawerner2820
29214481,kiyahbridgesbeauty
29214486,deeabboo
29214491,moradi.mp4
29214495,madeleinsmomma
29214497,lexigrubbs
29214506,ohkaybabyy
29214509,lily.h1
29214510,kourt196
29214511,rileyclawson
29214512,cammtayyy
29214516,yoitsjoooo
29214519,gesseljs
29214533,Bri Edwards
29214540,Kritsida Adisakkitti
29214545,xbriananicole
29214549,ayo_marie_
29214553,cloangelique
29214555,franhendrickson
29214556,anaterpstra
29214561,victoria.no.secretss
29214564,hunt.shaina
29214568,Kennedy Peppers
29214569,_ar.iel
29214573,blessidaa
29214590,Susan • nyc fashion & lifestyle
29214595,Dermé
29214596,tyladacey
29214600,ud835udd8aud835udd92ud835udd92ud835udd86
29214601,Olivia  LeDonne
29214602,monika_phillips
29214605,itsjustsophiamarie
29214606,monique.aw
29214616,cstephbolanos
29214789,Tasha Simpson
29215749,ashes2ashes808
29215792,bgwritesstuff
29215856,chinaylovethermidor
29215859,rollinwiththehomies.pr
29215885,Mai Elhadad
29216247,ltlawrence85
29216333,ajax.the.cattledog.info
29216355,smithmykisha
29217248,Jennifer Raines
29217331,jaxsonreaux
29217360,Sarah Joy Williams
29217385,Na’Kyya Gaulden (Kya)
29217441,airelleview
29217446,thrivinvestments
29217451,diya.upreti7
29217560,lifewithbellaandlucas
29217738,Autumn Durham
29217753,tashinascott
29217881,cristelad13
29217939,taneah.jm94
29217953,sophiamusiayar
29227667,Brittney Arna
29231356,rebecca.n.brice
29233860,soo.moments11
29234670,Sharmila Kc
29234904,wendylampier1
29235158,Cintia Silva
29235427,ashleyym1212
29235444,Jasmine Mekhael
29235477,MG
29235482,jasmarquez
29235485,desireemrivas
29235490,prazenexo
29235512,wuhooemily
29235573,reyanarai87
29235603,anggrill
29235612,michelle張
29235743,ashleya1107
29235883,catsparklelife
29235908,marynoelleconner
29235911,ugcbyframi
29235917,thecabanamuse24
29235919,✨ Tati ✨
29235924,itakemylifeback
29235925,brendaamariee
29235929,elizas_travels
29235992,Diane Francillon
29236017,jeremyhyuk
29236027,Jordan Pyle
29236091,Carla Elias
29236099,Private Chef | Parsley & Prosecco
29236123,sarah bilani
29236133,pilargrover
29236135,DAVON DÍOR
29236138,Candace Hawkins
29236142,desiraew_
29236148,courtneycharmel
29236151,maaihang
29236158,godspeaceandguidance
29236177,mamatapaudel2
29236358,_acabella
29236367,carolinecosc
29236375,hanakims
29236388,itss.pitaa
29236401,tiffanyyhong
29236433,tashabessolt
29236436,jennamarion_
29236437,britnnil
29236444,korinasayegh
29236710,Fanny Rueda Guerra
29236756,justlizrenae
29236760,Ashton Tresh
29236858,krissymeridieth
29236870,bdido_
29236872,paigemwade
29236898,jessleyh
29236971,jazzymcwilliams
29236975,Jada West
29236977,auntychannn
29236986,lyndzeenichole
29236995,betelbaby
29237005,emschaffer_
29237011,jinana.m
29237013,nicoleenatashs
29237045,emilybroxton28
29237046,taydespain_
29237047,howmanysetsyougotleft
29237053,brefinnnn
29237056,cynn.hdz
29237067,taeadanyelle
29237090,jenniferhinojosaa
29237099,amber.davisss
29237192,katinchrome
29237202,jessachan
29237262,catherineyaretzi
29237268,samwunderlichhayes
29237334,Fashion Blogger ud83dudc8eDebbie Savage
29237374,thatgirlinthegreenboots
29237398,hcokes
29237405,lizziedushaj
29237440,rachiefriedpoulet
29237442,megggggyy_
29237443,lilydechen
29237455,felrette
29237464,chloeottani
29237466,nora.mccabe
29237475,naeemahtravels
29237478,makk.reviews
29237495,arvemeshea
29237619,litzxrubi
29237632,Savanna Janae
29237662,issygrwm7
29237819,kate.huggs
29237829,iamneema_k
29237833,Payton Bingley
29237851,mongsterx
29237857,clairebuscher
29237859,briagiia
29237869,_vanessasaucedo
29237880,mya.deve
29237881,curlymaestra0
29237906,daonnanelson
29237911,childlife_nicole
29237913,thaothanhnn
29237917,juliecarstairs
29237922,kreyfromla
29237926,arriiray
29237939,chi.explores
29237944,sandraa.judith
29238027,mpaage
29238036,julieullmann
29238058,lauren.wells16
29238060,smashleyboyd
29238062,chloejaythestylist
29238071,__destinylanae
29238085,blueberryicedmatcha
29238087,Sora Lee
29238090,shaepitta
29238095,jessicaguacamole
29238096,farahkshukr
29238128,ayahome.travel
29238158,gemma_1030
29238182,StyleNina
29238236,livewtaii
29238245,jeena_patelll
29238258,Megan Gutierrez
29238379,skymartens
29238404,marmarrttinez
29238407,kdawgs.vlogs
29238427,angthemamacita
29238428,samglammm
29238436,viasophie
29238439,ure.anya
29238442,coops.kitchen
29238461,that.slowlife
29238462,queen.bee.emma
29238564,Michelle Rahman
29238865,rosastyles310
29239295,teacherinsneakers
29239343,Favorite Clever Things
29239389,Madison Smith
29239393,Antoinette Howard
29239411,cyanrenae
29239505,athenabrownson
29239719,hi
29240062,Britt and Dannie
29240122,Connie Gruning
29240393,Trey Sartorius
29240472,Kelli Avila | Photographer
29241000,Austin Ware
29241124,C I N T R Y
29241229,simplybeee
29241597,Christiana Marie
29241641,AshleyGMusic
29241980,Kya Wence
29242113,Madison McFerrin
29242203,Esai Givens
29242221,Mike Bianco
29242292,Chakmah.deon
29242397,Mich🥀
29242425,Isiuwa
29243050,Deja Church
29243053,nicoleguarasci
29243106,b l a i r e  c r u t c h l e y
29243226,Brittanee Brown
29243298,Navy👑
29243353,shakhlokhon79
29244555,gio.tercero3
29246975,reyesblondin
29247315,Rafaele Barros| Dicas EUA 🇺🇸
29247316,Elle Wren
29247336,J K
29247446,jfrisz
29247463,VivirLatina Contact
29247500,Tierra Renee
29247521,sukiwnyc
29247810,Jada “ℜ𝔞𝔟𝔟𝔦𝔱” Lynn | Actress | UGC | Content Creator
29247824,curriculumandcocktails
29247836,asopiah.a81
29247842,abbyanngolden
29247852,Sunshine Burch
29247925,saimadominguez-03
29247971,jacquikinleyanne
29248194,sheena
29248207,wildingtazh
29248214,mackitaww.avilez
29248531,Camila
29249184,afarinf
29249304,mzjamesblonde
29249644,Sarah Thrush
29249685,jeffbrutlag
29249764,Jared W. Harvin
29249852,Jess🦋
29250058,Barrycloudy.com
29250113,Anne
29250126,eggpuddingplease
29250201,skanda
29250256,Jenn | Reset Guide ✨
29250328,Selena Moncayo
29250459,the.brettbrown
29250461,DreThe Filmguy
29250535,She Is Jules
29250701,TotemPhysique
29250815,B O L A J I Otun💋
29250911,James Ma
29251039,courtney_fitio
29251053,anna zimmerman
29251079,Stormy The Corgi
29251210,dimediaries
29251333,Paige Smith
29251414,Madison Dunn
29251622,Jazmin | Plant Life Living🌱
29251665,Matthew Encina
29251832,elainemarieee
29251904,lakittapxcollabs
29252006,ERICA ELL
29252533,Katy
29252550,Hannah Rose
29252583,Ren Willis
29252696,Queen Kev🇺🇬
29252719,Don
29252779,faithhumphreyyy
29252800,Destynee Nathasia
29252899,Yereniza Pichardo
29252945,𝒫𝒶𝓂𝑒𝓁𝒶𓆩♡𓆪
29253046,yae
29253205,Sabreen Haziq
29253278,KiA 🇨🇲🇱🇷
29253291,Rebecca Miller
29253406,Clau 💙
29253558,becky
29254205,Sujin Gwon
29254303,Jessica Grossman
29254524,Peyton Posadas
29254624,maddy_mahoney
29255270,Yunior Fernandeź Cruz🤴🏽
29255688,Stephanie Smith
29256113,Sarah Kuhn
29256271,christellebienaime22
29256370,kellikroeze27
29256788,ladonna.0601
29256790,nickthekidd1
29256807,RaeAnna Anderson
29256990,william.evans2010
29257090,Aviv Grimm
29257163,Tracy FeFe
29257231,tayolor
29257340,coco.h0ney
29257408,Tiffanie Richards NYC
29257415,Michelle | NYC + SF
29257522,Jeanette Redzovic
29257541,tishashrestha
29257578,Samantha Wendorf
29257616,هلا🥀
29257624,karinadunbar
29257655,ziynetecee
29257697,bre'ann white
29257883,verdictsin
29258312,Ama
29258484,Chad Davis
29258601,bighotttt
29258953,neonsoxx
29259222,murphyecarlson
29259513,justinmcornwell
29259643,jwarme1084
29259674,onlyequeen
29259730,sarafisercollab
29260887,thefloydiefamily
29260892,the_queenship
29260925,sizachaplin
29261027,tymeshiannakasu
29261127,indigo_kristine
29261169,AviaThaGreat
29261251,Maureen  Bryfczynski
29261265,Monday Music Club with Willy J
29261414,stef.rosee
29261449,joneschele
29261452,melanieleigh1220
29261461,lataviadixon
29261505,naomifletcher777
29261683,aubrey.urbina
29261719,gracecrump1212
29261818,korrineholland
29262172,veronica
29262222,charminanderson
29262249,garciarjules
29262797,lissa
29262837,anime300cfashionbabe
29262879,atashleyt4
29262884,abbyandrego
29264154,Aniket and Candacé
29264212,Samantha Conrad
29264439,Ariana Cain
29264441,Kiel
29264445,Grace Wells
29264497,franceselizabethh
29264524,Coquí
29264635,Makenna Schmidt
29264774,Kenneth Temple
29264967,Jeremy Kramer
29265058,juliaaafox
29265611,olivvveoil
29265643,Will Plourde
29265691,Jayland Rivers
29265823,Andrew Huynh
29265831,The Guy With His Shirt Off
29266006,Olivia Oberfeld
29266038,T A R R E N
29266167,Shaneè Danielle
29266174,Melissa Rivas Herrera 🇩🇴
29266506,Everitt ® ❄️🌴
29266516,Ana Reyes
29266529,kenny_selmon
29266555,ISABELLE-GRACE 🪽💛
29266573,Rusty
29266636,Betty Kelley🦋
29266681,Jos
29266682,S a m a n t h a 🇭🇹🇨🇦
29266706,kateneitzke
29266713,𝐋𝐞𝐱 | 𝐇𝐢𝐩𝐩𝐢𝐞 𝐌𝐚𝐦𝐚 ✨
29266825,bri🌻
29267005,Des And The City
29267159,Victoria🎐Food/Travel/Lifestyle
29267332,Whitney Lowe | ScribbleDevos
29267400,rachel goodwin
29267457,M. Tiye Young  PA-C
29267663,Tri House
29267685,Sam | Life  Travel  and Adventure with dogs 🐾
29267784,l.stringz
29267819,Lisa Ehrman
29267849,abcoached
29267984,Trulyboyjojo
29268136,Marquita Anthony
29268175,~ Kayla King ~
29268246,jessicadoebaby
29268358,Sydney Christine
29268377,KB
29268393,J O L E A   S H A V E R
29268557,I AM THE TABLE™
29268626,weekend.roamer
29268788,sarahccsummers
29268970,vanessaabbudinfo
29269048,benterica.price2
29269142,miixeduse
29269514,taylorstayble
29269655,Amanda Fleming
29269929,najzekavonne
29270092,jesszamora14
29270439,erinlawless5
29270555,misssesta
29270721,Mel
29270800,MERRILL HOLSTON
29270829,Lamiya Lee
29270962,thebeauty.er
29270968,This is Tech Today
29271201,Ketra Dixon
29271247,kaydeclampitt
29271385,sforeman2007
29274052,laurenschleett
29274523,Brianna Mohrbacker
29274735,Gissell Avila
29277530,Fili 🖤 | Mr. Spotted Spaniel 🎩
29278124,novabusiness22
29279962,jesika
29280035,ms.minniemyra
29280061,phylliixo
29280079,Stacie Anderson
29280933,Hunter Banks
29281202,Harmony Ann 🦋
29281406,chiyonce27
29281470,Ben & Lucy | Chasing Mountains
29282384,Quinnterria Gillis
29282501,Jamie Brooke
29282894,FeiBaBa | Cantonese & Asian food
29283017,Lanna 🌱
29283206,Mirriam Seddiq
29283323,Rebecca Phillips
29283718,🕷️FOODIE ENTHUSIAST🕸️
29283745,Ashly Yailin
29284040,bree🧸
29284211,Dijellza
29284289,Crawford Collins
29284380,🧿Lina May 🧿
29284412,Ervina Rekovic
29284464,Katya Russian Roulette
29284477,CASSIDY LEIGH MANGUM
29284663,y a e l i n e   r a m o s ✰
29284804,Maggie End
29284940,ohmyymyy
29284989,Emily Boe
29285115,Tania giron
29285129,_kleapatra
29285140,LASTY | MIAMI
29285185,jamillamishhxo
29285198,KYLIE MORAN
29285206,Anokhi Parikh
29285279,𝓐𝔩𝔢𝔵𝔦𝔰 ✧
29285293,Dadwear
29285323,lulu
29285352,Leanna || Parenting Blogger
29285461,Diana Antohe
29285500,Cindy | Seattle Creator
29285642,ɧɛཞ ɬཞą℘ɧơųʂɛ 🧘🏾‍♀️
29285693,Erika Mariana
29285722,Heena | Adventures & Lifestyle
29285818,Arsi
29285833,zee 🖤 عزيزة
29285859,Jennifer Avina
29286038,𝑍 𝐴 𝐾 𝐼 𝑌 𝐴 • 𝑇 𝐻 𝐸 𝑉 𝐸 𝐼 𝐿 𝐸 𝐷 𝑇 𝑅 𝐴 𝑉 𝐸 𝐿 𝑆
29286239,Wey
29286264,Bemo Itoe
29286277,𝓚𝓪𝓽𝓻𝓲𝓷𝓪
29286320,Akwii  ;  Content creator
29286548,Bucket List World Travel
29286900,Thu Nguyen
29287001,Vico Escorcia
29287009,Emily Ferrante
29287059,Upon a Dream Images
29287137,Model 🤞🏽
29287143,Cails🍒
29287403,Serena
29287440,Jade Reason
29287835,jasminekny21
29287944,Samara Temoteo
29288388,Covington Doxie Pup
29288442,adodd10
29289326,Tatum
29289450,thejackparr
29289650,Franklin  The Samoyed
29289657,nadia
29289982,KY-rah Faith (Marley)
29290205,M A D I ╳ M A L E C K I
29290219,marissakathryn
29290480,DANCER  CHOREOGRAPHER  ACTOR
29290812,soncerrie star
29290933,Michelle Arias
29291013,Elisheva White
29291230,Eric Rollerson
29291262,max341989
29292431,Hernan Slodowicz
29292726,lecianelle
29292756,zbrisa349
29292825,shreyahomeaimas
29293248,Olya Rostov | marketing + entrepreneurship
29293649,My Life Joys
29293653,christystitches
29293662,jem.cee
29293679,lakila22
29293688,raisingbabyt
29293697,252dirtroadmomma
29293704,wanderlust.mama
29293705,moonlight_dreams14
29293709,traveljunkie331
29293711,mamabearpsychichm71
29293723,brijohnson212
29293724,prdsad2020
29293726,funparkmommy
29293743,chaoscoordinatorangela
29293747,racheydillo
29293755,justmejacque
29293756,akea.adventures
29293763,sorayakfm
29293769,quin_lea
29293770,meraylee_
29293790,lettybod
29293797,shelbysaid_
29293817,manifestwithbigsis
29293825,mommyteaandme
29293828,neishaewing
29293830,love_jen_jen
29293853,jsmith
29294119,juliawessels
29294337,adjamieson6425
29294412,DaJane Ravenel
29294436,katie.haeckel
29294574,tseringlam
29294707,k.catherine03
29294760,lindseyingleeee
29294907,goodgirlraven1993
29294928,scottmichelle745
29294964,dahiiig43
29295032,Tye Elder
29295140,reikanaya17
29295223,sternscaden2
29295388,racey22
29295430,meghangerrity
29295465,thesuburbanmidwestmom
29295502,H A N Y
29295599,constance4buga
29295931,simplydenisee
29295988,savannahlawson.media
29295995,mfg
29296082,daydreaminggypsystyle
29296521,dominiquereevesxo
29296552,Lasonya Rodgers
29296729,Elan Bibas
29296799,yljackson2007
29296844,augustinloudjana2000
29296854,D A N E I K A ✨
29297016,tahjae.m15
29297025,Florence
29297174,brisoniabelance6
29299860,Lauryn Mosby
29299969,asiaarmour_
29300038,Prabina Gautam
29300068,cecily✨
29300081,Irene Jean Santos - FMG Pro 🧿
29300181,Jas
29300209,zinniahbeauty
29300236,Kristin Ardor
29300275,Cassidy Komorowski
29300307,deavionbluinnovations
29300421,anabeautyrose
29300543,✨
29300666,t e a
29300688,Jamesha Missbeautiful
29300769,A N T I G A 🎀 M A A I A M
29300779,Lela Christine
29300837,hearme_ashlyn
29300926,Janae’ 👽💕
29300928,TheJenGlascock 💋
29301048,Dolli Bijoux 🇭🇹💎🇩🇲
29301216,Letha Imboden
29301252,angerdr.tyra
29301283,ashley.adell
29301337,Ana Blakely
29301467,Masooma Hassnain
29301472,🤘🏾houston ‘ s KIWI 🥇
29301747,jansy.arencibia
29301753,raaaaaaeeeee
29301895,Brooke Cooper
29301917,Katrina Spencer
29301967,ASHLEY ✕ RAY
29302029,Emma Makeup Artist 💕
29302398,ellie.leitko
29302425,thickkk_coreil
29302458,Nina ⚓️
29302620,claire.e.fabre
29303423,hazelforbrands
29303703,meganketcham17
29303903,blessingsandchaos.ugc
29304057,lundbergrachelle
29304448,whoiskayw
29304783,SARA DAIGLE ♡
29304794,nicolakat
29304878,grackiie
29304966,nursekenzie.rn
29304977,Juliana Dugaich Reimer | Mãe nos 🇺🇸
29304983,fabulouslyadrift
29305001,em.ange
29305008,jessjeanlife
29305053,ccm1128
29305266,Scott Shilstone
29305352,sbkstudios.sd
29305678,Kelsie Lovell
29306058,TT Barker
29306069,elizabethmaryyyyy
29306082,mckenziekade123
29306295,2ofuzzbusiness
29306356,elizabethsturman01
29306450,$hekinah Chi
29306800,Lauren Jelencovich
29306857,Ryleigh Leavitt
29306896,Ron Duprat
29307085,Glad Elevado 🇵🇭
29307088,the_uber_dog
29307091,DDS618
29307512,╰☆ MATT SCHNEIDER ☆╮
29307517,Sam Dylan Finch 🍓
29307565,rebeccawitt97
29307636,Catherine | Houston Food Blog
29307840,joymsingh
29308043,bella nani
29308297,Maurice Johnson
29308332,raiganojeda
29308509,Shar / SHärp  izem / NYC
29308583,Team Envy
29308599,Amber Grant
29308618,Naiya Lazar
29308703,anniesrandomz
29309888,sborgos
29310091,pixiemagicduo
29310279,karinanech.content
29310352,bayes.courtney
29310522,samipollak7
29310536,Kelsey Griswold
29310544,Kandas | The Tedesco Home
29310616,melbishop00
29310622,Deja Johnson
29310666,oursweetcapecodhome
29310701,Shanti Helena
29310770,jyles129
29310878,harrisnyraiah
29310984,hengiobri3
29313040,Kyvonne Baker
29313571,Konda Berry
29314479,bossladikrys07
29314661,Mayra Benavides🧿
29314685,ksilvacontent
29315177,Dᴀɪsʏ Mᴀʀᴀᴇ Dᴇ Cᴀsᴛʀɪs
29315196,Christine Kohut: Design Ninja
29315666,jasminecoro
29316263,F A I T H  Outdoor Explorer
29316611,Natasha Sweatte
29316622,C'mon Get Crafty
29317886,ren_ouellette
29318317,ashtho
29318365,Amber I Traveler•Foodie•Vibes
29318370,Linda
29318390,Mary-Lyn Buckley
29318908,brooklynn 💫
29319168,Sierra Majors
29319190,👉🏾GET MONEY👈🏾CHYNA
29319211,themandibaca
29319266,Kayla ☺︎︎
29319552,Andrea Dunlop
29319586,mrsandmracosta
29319704,tonilindseyddb
29320426,Olivia Hopkins
29320496,Stine
29320895,BaelenCee💛
29320931,Morgan Fykes
29321251,Kyra Kennedy
29321377,amarrerivers
29321535,sam clark
29321589,Jessica
29321594,Hannah DeWitt
29322064,Veganud83cudf3b
29323639,dashwoodhomedesign
29326647,itsbritneyt
29328024,melsharp
29329303,Kari Croghan
29329354,That Libra Chic ♎
29329816,#HannahHolman
29329845,anastasia_pfahl
29329849,joslyncapri
29330016,virgo / faye orlove
29330552,Coco Lusso
29330653,Sayonne
29330751,Franchesca Tucker | Holistic Psychiatric Nurse Practitoner
29330778,ATTICUS | Anonymous Poetry
29330854,𝒜𝓈𝒽𝒶 𝒦𝑒𝒾𝓉𝒽 ✿ ❀
29330886,morgansimonestudio
29330944,Chimera Taylor
29331358,Kadian
29333181,Savannah Whittenud83cudfad
29333286,saylorbritt_
29333799,Kristine Printon
29333813,Abigail Williams
29333876,fahrenemara
29334201,Kat ✨
29334705,brianna💛🍸
29334726,Tiana Chrishelle
29334730,trisha
29334991,Payton Reed
29335032,sam.mg
29335160,madsmoyer
29335165,addiemaurer
29335254,Rodjinie
29341077,marisolrivera13.mr
29342147,Chelsea “Charlie” Hare
29342270,Emily Villa
29342301,Reef the Golden
29342573,Mary Andaya | Travels
29342594,yaznil
29343138,Patricia Utrera
29343189,Summer Sawaya
29343418,Xristina Dixon
29343561,tatiana vershinina
29343669,roni
29343736,Trisha Isabel ♡
29343967,Sonia Kaur - That Punjabi American Mom
29344231,DR. MONICA SHAH
29344238,Mariana
29344309,Sarah Kring
29344957,meetthefoleyfam
29344994,Mel Guida
29345284,Rose Fernandez
29345294,Karina Bonzanino | UGC Creator
29345596,Kiaraaa L.
29345715,Rachel Mooreland
29346040,victoria.chaulk03
29346175,Megan Skaggs
29346400,brookeguymon0
29346444,Kimbria Simone
29346460,Around The World at 80
29346621,Lucia Vaccaro | NYC Photographer & Content Creator
29346669,Tiffany Chau
29346671,Miami Videographer | Pat J.
29346672,Josiah Justin Gustavison
29346799,Eliza
29346862,momminonaprayertx
29347314,Kristin Morris S.
29347328,Daniel Watson
29347542,kenieshadjackson
29347547,Cintia Rodrigues | USA 🇺🇸
29347554,Timmy Tommy
29347657,Rashad Jiles
29347753,norvellmaddie97
29347855,b_iiaannccaa_
29347974,Jonathan Riff
29347984,Ade Samuel
29348042,Ash DaCat
29348054,taylorvasquezcollabs
29348466,zaraeliza.business
29348631,misslelemarie
29348659,spierce6265
29348762,hannabattah
29348959,KadijahB✨
29349060,Reetika Bhandari
29349130,𝐿𝑒𝑦𝑎 ✨
29349184,Sara Ataie سارا
29349488,Kiasia Smith
29349634,Karen Santos
29349926,Ciara Moore
29350102,Saylor Gilliam
29350189,B.Mechele
29350294,melbri.fields
29350401,Sara Levine
29350416,Jess
29350456,Janai
29350523,Keis| Community  Culture  Connection🤎
29350536,Ayanna Ayanna
29350608,Shonda Pennywell
29350616,Soboujie Bri
29350619,iamartdoll
29350693,Rachelle Oblack
29351518,Texas Tam
29351580,Juve
29351588,Seafood Lady
29351810,kristen
29352142,E-knee-kee 💋
29352350,cnorthernugc
29352417,MEGHA BAJAJ
29352460,Mia
29352505,Dr. Raven Baxter | Science Expert + Communicator
29352614,Leanna Blake
29352725,Amarii Usher
29352811,anna.ugc.beauty
29352958,Brittany
29353301,Neshia King
29353323,Mercedes
29354728,haparton02
29354792,selinaking25
29354972,Bryant Floyd (LMSW)
29355098,bookvioletd
29355172,KAT IVETH | MIAMI BEAUTY CREATOR ✨💖
29355221,abcshoediva
29355346,asli.nur
29355372,kymmi012794
29355705,tamoys92
29355931,superfreshbusinesssolutions
29355934,staisha.frolova
29355961,Julia Zupan
29355965,stewartniakia
29355992,Tanya Edwards
29356178,shenellew13
29356232,Asia LaBrittany
29356262,Baylee Decker
29356263,melaniemartinbusiness
29356265,espinosa.lee1990
29356302,kaymcmillenugc
29356303,kembercollection
29356317,ohthatsjazzy
29356353,Mystiqua Kimble
29356492,byanahely
29356819,danaxiong124
29356872,candyce.jones1013
29357072,drcareyyazeed
29358136,Ebony Carpenter
29358178,gulxarem.0525
29358810,southernteema
29359205,Lauren Trupo
29359294,Bryan Carstensen
29359388,Jado506
29359428,Brittany Roberie
29359579,Kat
29359600,Laura Zapata
29359816,Sara Schulmann 🌹🎶🎵
29360016,Hey Its Cierra Hay !
29360021,Raegan Drane
29360043,mariaagiselle
29360069,Booth&Mushi
29360472,⋆ Daniela Crespo ⋆
29360538,Amy
29360587,C O L L E E N
29360664,broookelynn_
29360957,Victoria Marie Reese
29361852,Nailah Dillard
29361969,sonofmydreams
29362346,Kathy Bautista
29362540,⋆ 𝕕𝕚𝕒𝕟𝕒 ⋆
29362779,Trinity Howard
29362989,Chelsea Kinda Killing It
29363161,OCR / Hiking Motivation + Tips
29363314,Maggie
29363394,tizzy✨
29363432,Rare Goddessud83dudc51
29363451,Stephanie DiIullo
29364095,t.favs
29364268,Ethan Pham
29364399,Takia
29364672,Jey Weez
29364830,Emma Hayden
29364888,I Am Jessi Kay
29365263,George The Yorkie
29365342,tinabrinkleypotts
29365393,J U L I E T T E
29365434,Leona Lee🌞
29365497,AMBER COUCH
29365659,Wassup❣️
29366129,melanie345tinker
29366426,Ronnika Redding
29366753,lindleyjstyle
29366788,hchrissyg
29366910,breadaeshon
29368340,agracefuleye
29368550,Pamela J. Booker | Klaviyo Partner Shopify Expert
29369110,laurenvfaine
29369123,damyahjackson
29369203,contact.dedriananicole
29369223,Molly Scullion
29369252,Olivia Large
29369449,ruby jade.
29369592,reyjane.gaudin
29369680,Jennifer Franco
29369697,celestevhlerma
29369726,Keneshia Sweet
29369985,Tiffany | Frederick Maryland Family Fun & Travel
29369991,Danielle 🦋
29369995,AashkaMakes| DIY + Home Content
29370004,Kay Mumphery
29370018,Jim & Joelle Kurczodyna
29370114,Kass
29370219,Justin Douglas
29370226,Shirelle Cunningham
29370294,Jazzy
29370344,Courtney
29370624,Slides & Sunshine
29370849,Shayna Powless Ankou
29370858,Nik 💓
29370863,San Diego Dance Photographer
29370869,Love and Water Photography | Maui  HI
29371615,Polo
29372309,Chase Coleman
29372385,Don DiestrO
29372832,Tara Cox
29372867,Sam Shepherd
29372873,kyapatton281
29372952,Jen | Travel | Food | Lifestyle | Beauty
29372968,Ariel Foxman
29372992,Hand Lettering with Desirée
29373006,erniecanv
29373015,Ellie Dulude
29373089,Rachel Eichenblatt
29373126,E. A. Hendryx {Science Fiction & Fantasy Author}
29373203,Segen Tekle
29373273,Angeline Richardson/ LIFESTYLE / TRAVEL /𝑾𝑬𝑳𝑳𝑵𝑬𝑺𝑺
29373339,kadijaomanjang
29373342,ELIJAH KYLE
29373408,samphillmedia
29373540,Piper McCarthy Withers
29373592,Lesley Anne Robinson
29373906,Ryan Cook | Fashion and Style Creator
29373924,kateleann
29375750,Playboy Tae
29376898,robbcarlo
29376927,Monica Osorio
29378019,illeetemomma
29378060,b_dancer96
29378212,ricthelisouza
29378325,danijahr
29378401,Ayesha Davenport
29378632,trinadarling08
29378666,Courtney Fede
29378679,meaghandenton
29379029,mcelhaneyta
29379149,tolulopetee1
29379725,Carly Griffin
29380279,rundown.worship_3y
29380824,timmyinthelife
29380853,Jobie Battle
29380867,J. Elbertson Photography
29380950,Kyle Cobb
29381023,rachel.sabino3
29381108,Nika
29381144,Connor Heff
29381156,_msteeeez
29381174,cella
29381199,Naseem Speach
29381459,justinsknight
29381504,KIMBERLY  Fashion Blogger
29381506,TARYN MAY
29381978,devin__nicole
29382056,Chandelle Andino
29382108,Bella Azzata
29382220,JESSE SANCHEZ.
29382328,Elijah Washington
29382357,RINA the riot.
29383085,Michael Barnum
29383297,erikapieper24
29383581,Julie Haslem
29383597,Daniel Pelham
29383622,Kiana Simone 🌺
29383659,My Unapologetic Journey
29383704,Butter
29383826,Charmaine tha Goddess
29384048,Reyna✨
29384122,Shurquanda Bryant
29384201,team.amanda.lee
29384233,Danielle Briana  J.D.
29384451,MAK
29384757,Sonyaud83dudc95
29384933,cody.westbrook
29384990,Rianna
29385341,❤️FreeDavid
29385481,Taneisha Shaw
29385722,Jasmine Matheney
29385806,aiyana
29385910,emarrapodi
29386256,em.worley
29386380,Heidi Jane
29386457,sheis.katrina
29386705,amylang248
29387447,Leo Riobo
29387619,Fiona Egube
29387630,Mia🤍
29387701,Sam Holmberg 🌻
29387728,Mona Lisker
29387808,kleinschmidtjd
29388021,Luvena Leslie
29388285,Jamie Lawson
29388836,kristinlynn06
29388890,brookskim08
29389009,cercioglugizem
29389092,ugcbykeila
29389198,mrssouthcarolinaus
29389334,Keisha Ervin
29389493,baileylangston1
29389698,Erika Mays
29389771,jenireeapp2025
29389935,❋ Buji ❋
29390048,Angel
29390054,DeMarcus Williams (Photographer/creative)
29390114,Rashee (राशी)
29390121,veematthewsartistry
29390125,Lady Pink Panther
29390129,michllene
29390142,ᴡʜɪᴛɴᴇʏ ⇢ 𝔽𝕝𝕚𝕘𝕙𝕥 𝕒𝕥𝕥𝕖𝕟𝕕𝕒𝕟𝕥 ✈︎
29390145,_thelaurenlife_
29390146,Skinbybrit
29390199,garnerpinkk
29390698,caileysims912
29390981,rosavirginia.ugc
29391519,marissamarsae
29391873,ivityco
29391877,ninamarie3536
29392039,mistarkcollab
29392100,silviabusuioc
29392108,itsjoyy
29392143,Lusanly Rivas
29392175,ashleyhinton116
29392222,zazzsings
29392243,norka2304
29392247,nascimentosfam
29392276,Joanna Catapia
29392363,prathyusha150592
29392588,daniellescurationcollabs
29392891,dangashlyn
29393732,Denise Aiyedatiwa
29393876,Style To Function
29394002,aslivedbybria
29394085,Katie - Gray Hair Blogger
29394216,Chris Olivera
29394319,DJ Promote
29394365,Miranda Kathleen
29394694,Aunika Morris
29394709,(N)eemo Gayle
29394710,Endira Diaz
29395035,mollytorianphoto
29395235,ravanj7
29395526,Marina Bruzadin
29395533,erwinmarionneaux
29395669,MOJO & JOJO | FRENCH BULLDOGS 🐽
29396399,Kristi Castlin
29396467,seber_ibrahim
29396589,Daniel Ruiz Smith🤖✨
29397579,mofiyah99
29397580,sammikdosso
29397585,ili.garcia08
29397611,ccwhdiggs
29397770,cozywithkait
29397821,katelynsteinman
29397832,andre_b87
29397956,shannon.sucriya
29397975,k.nicoleartistry1
29398371,mckennasimkins
29398412,Jess🌼
29398570,fromcryswithlove
29398827,Katelyn Guthrie
29399354,Kenny Nguyen
29399479,𝒮𝒽𝒶𝓃𝓃𝑜𝓃💫
29399603,ASHLEY RAYÈ
29399663,dailycoachdose
29400019,ediemporio
29400070,acummings5
29400122,cambriajohnson13
29400318,Kelsey Hannon
29400348,IshDARR
29400734,annietreichel
29400790,Amber Goetz
29400904,bri.tarness
29401411,⌁ＮICKI ⌁
29401469,cmbreckenridge
29401491,miahjcollabs
29402490,Christine Sara
29402647,Tara
29403170,amber.fowler025
29403200,cristinamonaimable
29403222,itsebbcollabs
29403437,A Premium Source of Inspiration
29403462,craigharris215
29403607,nicolegates530
29404232,lena.ugccreate
29404526,darcel.johnson07
29404769,fathersdaughterdecor
29404902,cleaningwithloveee
29405138,neydileens
29405148,dragushanekateryna
29405230,yaneek.page
29405247,jamey1311
29405281,milkymnks
29405291,eboniray
29405369,Ayu Nabilah
29405448,amber
29405493,markeiarucker
29405503,trinitybaggs
29405530,hpaige77
29405599,vickycollymore
29405605,Ashley Warfield
29405653,Jason
29405659,hivory12
29405762,JILLIAN X
29405782,olysouzapele
29405796,the_fit_one
29405842,emmanuelnjr1
29405844,Jennifer Hernandez / Latina Content Creator
29405890,atcjoseph413
29405921,phuongdo0302
29405924,kaylamccombsaffiliate
29405948,v.anderson.collabs
29405949,Katerina Haros
29405987,Yaunna Taylor
29406006,Kelley ORourke
29406022,Nikkei Flores
29406048,margaritaberishaj731
29406181,Ayesha McDuffie
29406183,itlookedgoodonline
29406189,Anita Oakes
29406200,Life with Tee
29406230,tidytom9
29406257,Bgcherie
29406279,ringforkay
29406428,morganinamirror
29406440,komoniie23
29406457,danisoranoklein
29406508,denise.ramirez.u
29406578,bcminglisa
29406594,girlbeingcrazy
29406643,Moria Hulbert
29406656,brittanybeckworth
29406661,bypauli23
29406704,chantellstylez
29406709,meagan.pember
29406755,breanne.okoren
29406882,cyanea herrera
29406892,smickx14
29406897,melanie_woodman
29406907,brittanyroach716
29406990,Chrystle Ellwood
29407003,crf5185
29407035,itsdianaveneciac
29407083,amoniquehop
29407302,dr.neookara
29407327,jessicadhernandez215
29415161,Da'Necia Schaffer
29424282,jireh gillian de la cruz
29424375,binabites
29424856,Tatum
29425289,Je’Ron Hamm
29425381,keishapettway
29425421,Jinsyn Aamir
29425649,♡ 𝕁   𝔼  𝕊  𝕊  ♡
29426060,carmenchuula
29426560,Meeka Page
29426689,J.
29426707,shiquezt
29426764,Durianediorud83dudc7b
29426874,cuevibes
29427076,Nathan Mongol Wells
29427128,Katie Phillips Skiles
29427167,Matt Reed 🇺🇸
29427547,Dr. Danica Harris | Complex Trauma Expert | Therapist Mentor
29427566,heydama
29428057,Matthew Ross Fischer
29428073,Yavez S.E. Anthonio
29428294,itsliannepena
29428614,vaniqua.business
29431589,Sirena Castillo
29431742,Danna | Hair & Wellness UGC | Houston Creator
29431856,Kim Stoll
29435573,tarynlynne22
29437152,mitchellantoneia
29437488,Christina Ma
29437725,tlowe629
29437858,msstjohn99
29438463,sergeevadasha29
29438787,⠀⠀⠀⠀⠀→Q̲-̲i̲L̲L̲ Vᴇʀɪғɪᴇᴅ Pᴀɢᴇ
29438808,Henry Urrunaga
29438822,Hayley | RC Girl
29438918,andelinatejada
29438919,__mariaponce
29438948,Syd:)
29438965,💚 irl Jake English 💚
29438968,Bailey Vaughn
29439025,XENA (SHAVONE•CHENEAU)
29439053,ud83cudf80Yazminud83cudf80
29439102,Mikee Rogers
29439110,Maeve Eilis
29439183,aeshavmehta
29439434,ashsabiha
29439985,kelly lynn rose fountain
29440060,Brianna Ranae!
29440281,Maisie Leung
29440364,𝓓.𝓠
29440452,Christina Holmes
29440584,Mimi Stillman
29440644,Bergeling Veracierta
29441135,Carlneesha Robinson
29441434,candylandhollis154
29441555,John
29441723,Tenesia Nicole
29441968,ellie
29442497,Jenndasavage🥂
29442553,Stephanie Cmar
29442575,Elizabeth Rignola
29442623,Erica Willis
29442678,oliviag4hrke
29442789,Mary Le
29442847,LILY RUDDER
29442851,Briyonna Perkins
29442891,Samirah Abdullah
29443011,kristen’s eats
29443136,Carmen D.
29443272,theshantivy
29443364,Karina De Jesus
29443375,Maggie Elise Ward
29443382,Sierra Snow
29443498,annie.tippetts
29443872,ranlovesrice
29444075,C H E L S E A - R E N E E
29444116,Candace J.
29444248,dylgyrovaserafima
29444328,Adelaida María
29444334,candice cameron
29444336,clarissa bullos
29444511,Brooke Ann | Austin TX Content Creator
29444593,Shae - Lifestyle & Fashion Content Creator
29444960,Odilver Castro⚜️
29445071,Nick Uhlenhuth
29445385,Maya
29445669,1keirawilliams
29445967,lex dejarnette-crow
29446086,Sydney Blandford ♥
29446274,akreaa23
29446481,Tarun Sinha
29446506,semrauavehome
29446680,arya stark of wooferfell
29446762,Loki 🐺
29447115,Nina Scifres | North Carolina Creator
29447472,Oahu | Loving Dog Training | Vivi
29447642,Serhan Ayhan
29447661,Kaylie Le
29447687,bsophie011205
29447828,The Tasty Travelers
29447867,Izzy Grillz
29447910,yumlabels
29447918,Taste Test | Easy Recipes | Food Adventures
29447930,Briana Hickerson  MS RD CDN
29448185,Christie Campbell
29448869,Jenna Zuba
29455559,daniellenoelpom
29456211,kdedwards02
29456281,treasaphifer
29456306,june2009grad
29456315,stephaniefleury96
29456430,ceva
29456490,kandibmajoranr
29456563,jacqline battle
29456779,Yarlenis SancheznCardona
29456801,julia
29457469,N A
29458149,divinecoacoa
29458178,relearnluv
29458183,theresa
29458781,Dasheline Cezaire
29458926,JE M
29459308,tracykearn
29459316,Gabriella Tanner
29459465,Gideon Boley
29459750,Maria Pulido MUA
29459765,isaac_norris
29459812,LAUREN ANDERSON
29459813,R U B I  R O D R I G U E Z
29459834,Girl With The Blue Hair ud83duddfa
29459962,marleedrewconner
29460101,ang
29460343,Nikki Arndt
29460374,Leyla Eames/// SC: leames3
29460392,Marcos Tech Hero
29460582,nikeefilmz
29460598,K. DIOR
29460713,s o p h
29460821,lex
29460975,ky laughlin
29461063,madeline brown
29461151,jenn
29461284,Rockim Williamson
29461451,neha shaida
29461577,Steven Copher
29462070,Jaimar Viray®
29462149,Kelly Hennessy
29462215,Brittany Greatud83cudfe0
29462438,hail
29462812,Silvia Todorov
29462905,jq
29463170,jewel 🦋
29463375,travelwiththerussells
29463630,jahdynfaith
29463898,kat
29463908,DJ Funmi 🖤🦖
29464016,Jazmyn Washington
29464079,ERICA HOLLOWAY
29464083,Amanda Camila
29464107,Francis C. Fuentes
29464125,lakdaking
29464129,DANI HERNANDEZ
29464145,gordybravo1994
29464289,Quentin Mansfield
29464350,Nithi Nachi
29464372,Pia Chudney Masongsong
29464434,diamonddjackson24
29464679,Eric Espinoza
29464926,Joce (JAHS) ✨
29465073,msjessieg.collabs
29465079,Trinity Robinson
29465081,brischlenk.collabs
29465209,Christine | Home Decor • Amazon Finds
29465269,pinkgreenmommie
29465462,phnelson3
29465550,chrissy_dempsey
29465557,vanessaeaguirre
29465558,chonkymutt
29465565,thepurposedhome
29465567,monisbeenhere
29465571,makeityourhome
29465578,meshakgirl
29465580,amanda.kissick
29465585,adventures_in_retirement
29465587,maggiemade
29465589,carolayperezm
29465592,ilse_koko
29465602,sravyaarimilli
29465612,momstersinc_
29465613,britt_mom_85
29465627,dija.gurl
29465634,kaylaraebeauty
29465635,Kaelin Radloff
29465636,jasmynsaucy
29465680,simpleegrace
29465687,hurricanecolbs
29465694,jiselleperezzz
29465696,ewatson09
29465699,devonkatherine
29465701,nicolesarosky
29465702,bailiecarroll
29465708,marjorie.cep
29465710,itsanniebelle
29465711,jackiehuizar_
29465713,sammyk9046
29465727,simplyash83
29465732,marianaaa13.13
29465735,braninthemirror
29465739,silver_sister_says
29465751,theonlygracetoeverexist
29465753,o_m_briii
29465758,brittainyshaw
29465896,watersandpine
29466039,Rose Torio
29466378,deysiguzman87
29466638,carliegrisham
29466759,knb926
29466908,Johanna pinA
29467699,lauravfit
29467766,VerCinda Burns
29467852,brittanybacinski
29467884,kaylonchambers7
29467913,reinaabrii56
29468069,ivannapimentel
29468081,Monet Sands
29468153,breonk4
29468179,Josten fells
29468195,jazmine.bell
29468337,Carington
29468339,Seema Mazhar
29468352,dimanasser1
29468471,im2smooth02
29468574,justagirlandjesus.org
29468694,sachira0121
29468919,rani_bui
29469254,carlieashley36
29469340,stephanie.lindsey.collabs
29469378,ivylordjackson
29469452,amandasmith.inquiries
29469495,theshaws821
29469772,tim
29470100,Lauren Pick
29470124,Lexi Mengis
29470141,p_hamilton3
29470325,nada
29470350,london.a.kennedy
29470384,kiera.scott7777
29470540,whatsindepot
29470615,angelicaproductions1
29470648,atrues1
29470650,sienna.steele01
29470770,Stacey Rourke
29470787,businesswithfarah
29470847,ugcbykatheryn
29470922,chanelgoldkenner
29470935,kdiggitydogs
29470952,Sakinah Bennett
29470975,laurenlivinglife.collabs
29471024,oncamwithcourt
29471052,donna
29471059,mobenji93
29471193,sharitafaust21
29471331,candasechambers
29471380,ebanach20
29471819,quen958
29471964,afrika5ashanti
29472300,CHRISTA PIERCE
29472530,yourfriendintech
29472720,vanessa
29472792,Million Dolla Manie 💰
29472850,Maria Jose Lozano
29473184,Laura  Tancredi
29473507,sarekauniquedesigns
29473539,Zach Taylor/Morris
29473606,sophiiaschulte
29473718,SARAH KEELING
29473975,Darren
29474024,Caroline Bauer
29474230,Belle
29474863,#USATF 🇺🇸
29474868,Josette
29475339,Jessica Smith Evans
29475357,Julie Reisler
29475415,Nazanin nikoukary
29475503,littledailyfinds
29475653,contact.kerryaquila
29476240,regina.marin
29476267,Courtney Opp
29476269,stampsashley
29476571,noemiambriz.content
29476604,Vannity Anderson
29476738,Chelsea Lovell
29477728,cicris9
29477737,Makaylee Mccurdy
29477802,Amarah Brown
29478441,CitiFam
29478584,patriizzle
29478595,gabby.garcy
29479071,mardomygillopez
29480090,jazzothezombie
29480094,sowbhagya.g
29480124,teachwithmsthomas
29480130,tj__freeman
29480140,Yojaida Heredia *:･ﾟ✧*:･ﾟ✧
29480156,graciexjamess
29480381,rocketgirl456
29480407,laurenmorrison_5
29480413,ashley.mcginley
29480674,xannon4000
29480850,aashley.222
29480920,sonotsona
29480925,carolineyerty
29480930,thepinterestconnoisseur
29480931,emmabez0ld
29480938,oliviasullivan4
29480940,abbygbrunson
29480946,lydiargibbs
29481859,Sweet Jelly Bean
29481908,Laura Sampson
29482054,K A Y L E E
29482068,Raquel
29482097,ⓗⓐⓛⓛⓘⓔ
29482168,kelsey oh-criner
29482357,Kelsey Chapman
29482834,reganlosavio
29482853,ligayaslegit
29482876,Carrie Grace
29482964,Tiaja 👸🏾
29483198,vionnettemacias
29483220,Princess Manda
29483248,Kailey Van Brocklin - Utah Photographer
29483363,Gabriely
29483369,jenpoletti
29483653,jamie2137
29483673,washingtonshop
29484086,Stick by Faith
29484198,MARS
29484446,Nxll
29485025,julianaburke9
29485195,keishavillarson
29485225,holders1987
29485361,laurakesinger
29485382,kimiadee
29485487,Destiny Rosa
29485551,stephanieorolfo
29485558,ilovepink853
29485585,NurseJacques
29485731,Payton Fisher
29485856,melissafitfoodie
29485911,anna4ugc
29486338,angenettacausey
29486469,lifeaskeisha
29486573,Whitney Lewis
29486647,tinawoods1221
29486839,Julissa 💎
29486941,thientrinity
29486953,Denisse Jimenez
29487029,__khyauraaa
29487141,laurenjustineking
29487164,elena.vershinina
29487286,Danae Renee
29487312,M A D I S O N  H E L L E R
29487590,Miss Charee O.
29487596,nat ud83cudf3b
29487704,Jasmine 👼🏽
29487719,borninaboombox3
29487750,Sissel
29487758,S O F Í A  |  b l o g g e r
29487776,CONSTANCE JONES
29488281,bookjahaira
29488324,meetapriljoy
29488348,𝓐𝓭𝓻𝓲𝓪𝓷𝓪 𝓟𝓪𝓸𝓵𝓪
29488394,⠀⠀⠀⠀⠀⠀⠀⠀⠀⠀⠀⠀⠀⠀⠀⠀Symoneud83dude0fud83dudc95ud83dude4cud83cudffd
29488406,Dakotah Aiyanna 🌻
29488420,Brenda Mendez
29488509,Symfani Gibson
29488576,SAMMY-JO ud83cudf0e TRAVEL & ADVENTURE
29488580,the_good_elements
29488958,Ericka Minaj
29489193,JHOANNA THERESA ~JTTA~
29489201,JasmineSamone.
29489251,Yolie
29489302,Aria R. Cato
29489339,💥
29489457,Divine Idèa
29489560,kaylabbg
29489617,Liza Voloshin
29489643,jacshuman
29489833,jamiexcarpenter
29489845,iam_lydiaeku
29489939,𝓮
29490049,Sarah
29490176,lasha.torice
29490227,Etty
29490333,Ashton
29490411,teawithhoney2
29490562,Marie Chante
29490674,Kaza Marie
29490794,STEPHANIE P. 🍒
29490819,Elaine Paola
29490823,Courtney LanCarte
29490896,Hannah Wilson
29491222,Morgan Marcell (Matayoshi)
29491288,loveyaasameenxo
29491724,mirlandethecreator
29491965,Бизнес Коуч с которым ВОЗМОЖНО ВСЁ
29491969,brianadorris247
29492196,Mesha 🦋
29492224,MUFFINTOP 🎌
29492425,jilldearwater
29492567,dani.amaducimkt
29492583,booksandpeonies01
29492725,shaylah.mckinney
29492787,jetbeauty24
29492799,kasha.ugc
29492818,hands_that_mold
29492897,isabellagfernandez
29493360,Angelina Prevete 🇮🇹🇵🇭🇺🇸
29493406,lewinglaura11
29493692,🍭VioletzVibes 💕
29493973,Pammy Hilton
29494263,Sarhue Guerrero
29494862,Meera | Lifestyle Creator
29494867,Hoagie The Cardigan Corgi
29494909,Kovu & Juno & Tobi
29495027,jess 🍑🍇🍓🍒
29495258,Pooja Rao | NYC
29495496,Audrey Hepburn
29495694,CollectPeanuts.com
29495882,Nikki  Ziggy & Toad
29496158,Abby The Pink Piggy🐖
29496205,favorazzia
29496217,genevieveharring
29496236,TERA RN  BSN🦋
29496243,yayaa.ms
29496246,ariismundo
29496259,marian_flora__
29496260,baileyoster
29496273,brittneymfredericks
29496285,sheilaabdul4
29496291,hailwelchans
29496293,makkavelim
29496301,yeaitsvic
29496366,Milkita 🐼 / LA / SGV / OC
29496522,Pomeranian Dog Yogi
29496567,Penny & Maeby
29497033,GEORGIAN STEELE
29497111,Saje 🌹
29497118,destiny.ca.surgeon
29497222,𝖛𝖆𝖑𝖊𝖓𝖈𝖍𝖎𝖙𝖆
29497287,Rachel Burke
29497383,Anvit & Isha | Citizens of the Sky | Travelers
29497598,Olha Moseichuk • UGC creator
29497705,Nicole🤠
29497821,Jaret M. | Home Decor | DIYs | Lifestyle
29498151,midwistmama
29498184,Marisabel Van Der Biest | MUA
29498190,Jo Osmond
29498194,𝐒𝐡𝐚𝐲 𝐁𝐚𝐛𝐲💋🎀 | Content Creator
29498680,baignaci1450
29498924,hbattey
29498929,erikasimone22
29499747,Jayna Rodriguez
29499748,Brionna & Jeremy
29499809,anaveska94
29499866,gheildionz8
29499918,ayakz399
29500548,skinthusiast.beauty
29500593,nakitat1988
29500637,lari.hamamoto
29500638,steph.murilloroberts
29500651,daniela8541
29500652,taressislyfe
29500701,amelypauline
29500702,lenfou
29500727,thedugans2023
29500821,CARISA
29500923,pr.babinova
29501111,meosharenea
29501158,Deadra Kyse
29501271,miriamgcollabs
29503052,BetterWithBitota
29503077,Ricky Dobbs
29503238,beachbum_fx
29503296,jonathandeazevedo
29503364,Suzie Ray
29503535,enriquepapy
29503762,kaylin
29503977,Cait Taylor
29504262,Fernell
29504681,Moses Das
29504851,Hayden Schelble
29504948,Jackson Jordan
29505200,ᔕIᗰᗷᗩ TᕼE GOᒪᗪEᑎᗪOOᗪᒪE
29505366,Jarad OneTouch Reed
29505390,Shahzeb Hyder
29506119,Neven Farhan
29506274,gabby roxe 🌹 parsons
29506505,keepingitchelsea
29506506,sarah_lutz_
29506510,laurabcloud
29506516,_rondaaaaaa
29506525,_pocketfullofsunshine
29506530,kwam_
29506539,lifewithcris_
29506543,hiitshannahrose
29506548,jimenavenegass
29506552,donyasaur
29506559,heather.berens5
29506578,justjazra
29506580,busterm
29506650,nat
29506704,joanna simon
29506928,Elizabeth Taylor
29506934,MISTY BLANK MUA 💋
29507031,emarieg86
29507180,yurithdreyna
29507720,Summer Sarae
29507915,Juss.Erin
29507961,Jaclyn Nicole
29508063,heather :)
29508626,Maria  castillo
29508797,Zachary Tate
29508847,kenn!
29508979,teearac23
29509059,im.amy.elsewhere
29509406,Julie Ann Gates
29509879,Catie Gray
29510238,lcg1987
29510599,Steph Lloyd / Las Vegas Mom Vlogger
29510986,Vicky Kim
29512995,jimmiadavis99
29513463,Edden Dreiman
29513664,Nikki Katona
29513992,Jennifer Myers
29514005,jaybrayboy
29514064,Lucia Agbor
29514081,bossroller68
29514196,darahc70
29514304,resiliencebrandbya
29514374,Beauty Bar By Tee
29514447,Tiffany Clark-Jasopersad
29514539,thatbarnmom
29514612,lewaevans14
29514622,misstyrabryant
29514666,stephaniesnipes.stylist615
29514673,contact
29514674,brianna.zoran
29514676,shajuantia
29514680,decorbyregina
29514763,ezracollabny
29514873,livinlifewithkaytay
29515154,Hannah Vander Veer
29515332,brittany.odesanya
29515359,𝕎𝕠𝕝𝕗𝕘𝕒𝕟𝕘 + 𝕂𝕚𝕥𝕥𝕪 𝕊𝕦𝕟𝕟𝕖𝕥𝕥𝕖
29515360,Dr. Porshé the Blogger
29515362,Sade Parker-Yescas
29515371,ugcbybrigorge
29515494,Michelle Reyes
29515511,marinaibrahim280
29515565,whitwill09
29515595,jessforwork01
29515668,xojannet
29515695,jordandxn17
29515698,ac
29515735,sheenasimpkins
29515758,YL Jackson
29515816,Madi
29515839,dscofsouthlouisiana
29515878,Begimai K
29515896,emileetill2021
29515963,cecarper
29516181,Jordyn Brasher
29516335,edittmer08
29516366,Joel Floress
29517621,bodydoublewithbrenna
29518316,danyelleeee
29518694,bspokehome
29518861,supra_nation
29519348,elysemichelle_mua
29519457,Madelyn Janelle
29519539,SJ
29520172,Bella Boo🥴
29520177,Grimm Rose
29520623,Gitte Tamar
29520755,Belinda
29521029,Casey Moses
29521121,Setø  17  Weirdo
29521142,Kyra irene ♡
29521280,Candice Kirby
29521411,_theylovejashae_
29522227,sharitad2002
29522539,Lifestyle|Beauty|Entrepreneur
29522544,ma.johnson85
29522609,thelivyupdater
29522617,charlotte_sandler
29522623,Marisa💖Rose💖Crowe
29522695,karyna.cast
29522728,The PoLo Family
29522767,CyreneQ
29522781,AnnaMarie ۵
29522855,goodnesshavens
29523627,Neena ud83cudf37Organization | DIY
29523714,Jenn🦋
29523880,Z .
29524346,wtfarm_girl
29524360,givememynamepleaseee
29524425,Dai Marie
29524447,dancingangiestarr
29524681,Diana Simpson ✰
29524815,brooksley
29525110,kynaston.joyce
29525201,peyton__roy
29525861,debramaye.delmundo
29525896,savannahgracew
29526933,Dennys vazquez
29526991,Petty Ro
29526994,Tiffany
29527019,vampymua
29527020,sarahokerr
29527034,Latanya • Influencer
29527122,Perry Nicholas
29527351,Nuria Menezes | UGC Creator
29527398,Ragan | UGC Creator
29527412,usatovainna38
29527442,martharoseyy
29527458,lleseniaannanie
29527463,bexoxoz
29527475,lainarenae
29527838,Ireland Victoria Betta
29527841,imerikamarie
29527854,betterwithheather
29528124,Hot Mom Style + Outfits & Beauty
29528194,jasminewoodworth25
29528457,James Atheneos
29528694,Jazmine Osborne | IFBB Pro
29528765,P I
29529088,Ana Carrasquillo
29529451,ishi ♡ sanriobby
29529568,Nandini📍Boston Blogger
29529623,Mr.Handsome🖤
29529792,Ashley | Model & Content Creator
29530501,Hi  I’m Tierra ᯓᡣ𐭩༘
29530603,Tara Patrice | Artist
29531019,Joshua Mastin | Men’s Style Coach + Lifestyle Creator
29531201,Delaney
29531223,DV
29531438,Dania
29531511,Christopher Snead
29531857,Makaela Heard
29531913,Cara Joyce
29531966,Bakari “GLITCH” Copeland
29531990,YELLY ༺☆༻
29532067,Z. Taylor
29532260,Ingrid Yuzly Mathurin
29532644,ANDREA
29533301,Joey | Miami Guide
29534083,Jillie
29535565,MARA SELENE
29536008,Roxana Carretero/ UGC Creator
29536062,𝗗𝗶𝗗𝗶 𝗛𝗮𝗿𝗮č𝗶ć
29536127,S A R A   M C C L E L L A N
29536187,Lero🐦‍⬛
29536291,Chrissy Rae
29536441,Joe Grana
29536751,Maya ʚɞ
29536764,adaツ
29537127,karrisnissley
29537131,Miya Norris
29537173,Steph
29537228,•Molly•
29537280,poebe?
29537358,Lesslye Jepson
29537386,Eva Sun | GenZ UGC & Content Creator
29538242,Lanté Ivona
29538255,Rubina da Silva | Content Creator
29538313,Irene
29538555,Tashea D
29538985,vepyrod
29538988,lavishblondee
29538990,lindsaynicoleeee
29538991,merigoodxo
29538993,yasbethespinosa
29539009,tobinmomof3
29539019,kiarajazz
29539028,heyme1985
29539032,chelseynaak
29539048,ttshopfaves
29539056,thecrunchpot
29539064,raisingoursunflowers
29539086,chanandlo
29539121,mamabrandee
29539135,secretzrayy
29539150,jaxkay
29539157,mamakboymama
29539168,ashlie_unniched
29539332,loveswfl
29539348,monrevuelta
29539356,ooouufunsize
29539358,rediscovering_melissa
29539363,pearleyang
29539367,sunshine_carolyne
29539383,ashleyreckseit
29539388,kristynbuckner19
29539393,aprilapplesauce
29539396,heyyomommy
29539401,muddy.wandererttc
29539402,savingmoneywithnia
29539403,justkeedah
29539407,justsimplyrachel_g
29539410,cocohock
29539417,janna_marie_van
29539436,curatedbysarahjhayse
29539437,kelse333
29539473,bethz_1105
29539498,Desiree Edson Sulit
29539573,O
29539680,breecooley
29540017,South Texas Foodie | Texas Content Creator
29540112,Trish 💖
29540283,Artsbyjustin
29540299,teona🐘
29541077,Victoria Bowen
29542299,cocotakes
29542306,desireesousa44
29543342,pabitra_ghimire62
29543668,Dominique M. Maysonet
29544169,arnettkn
29544342,mambontseh77
29544639,anniewilsoncole
29544645,saragiacollabs
29545022,cloie
29545114,misstanarajones
29545142,Your Clean Beauty Friend 💗
29545150,Darby Clark 🌸
29545170,Amber Thompson
29545710,Brianna Knoll
29545711,Ms. Peña
29545719,jordan
29545755,Brianna Michelle
29546051,Chloe Bands
29546205,Elsha Kim
29546240,swankymaven
29546290,ud83cudf8a❤️ud83cudf89
29546405,Sara Nicole
29546780,Hannah
29546914,Jackie Rain
29546959,Stephania Rodriguez
29547164,The Two Exotics 💙🌴
29547318,Roo
29547333,Jenna Buttrick
29547431,ARIE BRIANNA
29547573,Brittany Wade
29547607,We Still Like Each Other
29547646,Mayra Perez Romero
29547743,q.roberts315
29547993,anjolie.khan0124
29548534,Jenna
29548700,Tik Toker
29548761,Katie
29548896,Jessica A. Caesar
29549036,Ciara Latrice™
29549423,Beauty Influencer
29549469,__aissyb
29549517,Tozie.Outchere
29549578,Crissy K  Blogger
29549602,leahslayovers
29549653,Marti • SF Bay Area Foodie
29549672,Melanin Monroe ud83dudc8b
29549767,xoblancabrizuela
29549907,Lovee Kimberly
29550167,the one & only. 👑
29550259,👑Princess Mikayla👑
29550529,emanitucker
29550784,Brooke Nicole
29551310,Macy Krew 🌟
29552106,rossnerkearstin
29552191,samantinazenon
29553752,steph.atarah
29553824,sharikakendle
29554041,aeweddle
29554266,Spa Empressive
29555361,Anna Markowitz
29555957,olivianicole91
29555999,PATRICIA MYERS
29556557,nicolepena20039
29557389,wendydyes
29557607,Christabelle Sam Woode
29559027,tcraimist
29559131,rudencoolesea
29559286,style_hungry
29559803,guerlandeappolon Appolon
29559833,jaelynnjohnson103
29559878,partnershipswithshayjones
29560380,abbey.luu
29571998,Marzmade Tattoos
29578455,enhancedbycaranci
29582625,mayaoverett.ugc
29586022,TeMyaaa🧼💞
29586026,CASANDRA
29587454,Laríce
29588747,I ❤ Fashion ud83dudc57and Beauty ud83dudc84
29589238,followourpassion
29589502,nograyareas21
29589548,Erma-Lynne🥀👑
29589774,RICHON MARTENA
29589880,Olivia Fife
29590032,KeShaun West ✨
29590056,kay.nicole.j
29590276,Hailey
29590328,PrettieMajor
29590576,Lyndsey Austyn Fisher
29590732,greensagelife
29590843,CPT and Mixologist
29591297,Olio in Iowa – Megan Bannister
29591709,shannonmelekphotography
29591811,Teresa Nicole
29592018,Hailey Robinson
29592143,Carly
29592470,kenzie💛
29592638,DB
29593007,Ariana 🌸💛
29593859,Mary Moosavi  DNP  CRNA
29594018,Wigs*Microlinks*Tape-ins
29594044,jessicajspiers
29594154,travelchick25
29594195,ROSHI
29594347,Elle B
29594590,Madison Cook
29594783,Ðr. Fai†h
29595070,sherynanicole
29595174,confioentijesus19
29595339,Tricia Cardoso
29595651,mariashka21
29595725,Taylor
29595805,Tanya Gupta
29595921,bravobreakingnews
29596000,Amanda Hwang
29596087,Yamini Ulaganathan
29596145,abby davis | model
29596675,Ilianny B ✨ Beauty content creator 🇺🇸
29596678,Yasha la Bella
29596938,祺娘娘
29596965,Ione 🌙
29597023,Benilde Estrela
29597100,Mia Serafine
29597104,Jen Chavez
29597391,Ayele 🎀🩰
29597741,_jollyrancherr
29598068,Mia Belle Perez | Melanie Fernandez (mom)
29598248,tiff0406
29598401,⠀⠀⠀⠀⠀           ⠀Gena Sullivan
29598685,Oma CRAFTY 787
29598786,Angela Ho
29598879,J. J.  N O L A N
29599141,T a t o 🐶 Corgi Mix
29599285,Jasmine Lee
29599319,katemamaoftwo
29599574,jotaferreiira
29599600,𝑷𝒍𝒂𝒔𝒉𝒊𝒆𝒍 𝑹𝒐𝒋𝒂𝒔
29599645,Chicago Content Creator
29599768,Tatiana
29599916,Porcherria H.
29599981,isabella
29600384,Mikayla White
29601120,sofiarosededola
29601213,lydia ✨ travel and lifestyle
29601258,s a b r i n a ⁂
29601370,aaaplusmakeup
29601396,Samantha Boateng Habadah
29601537,Emily Ramsey
29601546,Teezy&B 🖤| Family  Travel & Lifestyle
29601739,BROOKE | motherhood + more
29601920,Hayley Smith-Rose
29602208,Jenna | Disney & Travel |
29602353,Jennifer Annor
29602437,Mackenzie Githens
29602546,laur
29602859,Kimby Anyosa
29603302,ashprofitt
29603574,Daniel Assetta
29603916,sbangash1
29604398,julia paige swendsrud
29604625,𝐀ᩚrmelle
29605178,SABREENA | Seattle Food & Travel
29605390,Dominique Eruvwu Oke 🇸🇱🇳🇬
29605561,M I C H E L L E   M Λ Y
29605964,MEGUMI Nishikawa
29606118,archu8099
29606412,Tania Vega
29607066,Naeemah
29607112,Stacy Yum
29607138,kelli.daniels25
29607274,jiheekim9
29607400,Trinyc Prime
29607411,jessicajade.hoyt
29607464,meg
29607627,lyubasfinds
29607656,connect.maxxi
29607670,brendargaray
29607696,khcreator17
29608031,makayla.weatherton
29608114,Buşra Yılmaz Seven
29608183,denajah johnson
29608193,brittneyburleson254
29608466,dickersonkourtney
29608542,liyah3990.np
29608966,Jaquasia Paulino
29609013,johnsonsha126
29609088,quinitacharnell
29609093,tracyone
29609096,nlbutts0812
29609118,marketeag
29609268,prodigy.styles
29609326,Latoya Johnson
29609580,Angelique Cunningham
29609601,katglidden
29609915,annaruthriggins13
29609945,koastubbs
29609949,asiamiller831
29609976,tamaramarvin12
29609986,Quanisha Humphrey
29609989,lapromiseh
29610052,💋 Dana Blon D
29610161,thejamstir
29610176,davis.brini
29610179,deshaaaeee
29610202,Jillian JJ Simmons
29610303,katwoooood
29610316,xokelleyraye
29610370,moyerkelsie
29610500,dykeriaaskins1112
29610519,deanna.davison1996
29610573,homewithprecioushands
29610635,avchelle3
29610717,Jilly G | MSPH  RDN
29610760,annaeaddy21
29610900,Cooking With Jan LLC.
29611015,Em Lauren
29611063,contactbiancachristina
29611297,Danielle
29611436,Angel Manuel
29611475,Hansika Silva
29611499,itslovelybray
29611538,torie :)
29611757,Brittany
29611930,Sydney Lou
29612234,dayjohnson725
29612475,That BITCH 💅🏽
29612533,shardereneee
29612740,theyannirenee
29612876,madelyn🦋
29613078,erica
29613305,N A T A L I A S A L T O ✨
29613562,brooklynbarber123
29613608,Sadé (Sha-Day)
29613852,reneemilliner31
29614035,morg
29614053,Carlos Ariel Then
29614129,bwashbu
29614256,✭ Cait ✭
29614423,tyneishab03
29615866,Teraj
29616260,tonettedilworth543
29616915,bconklin1128
29617584,houseonmason
29617921,nastasiacsims
29617970,brittaineay.pr
29618946,poshstreats
29619209,Odilakachi Hezekiah-Onwukwe
29619809,Mari
29620054,wrightsb337
29620376,trustnbelieve98
29620708,maiahsstyle
29620743,Thanyarat Poonsawai
29620806,Yissel G. Youtuber🎦 Content Creator
29620984,nicole.mamchur
29621023,Lianet Curbelo
29621242,Joshua Holi
29621334,Anna Usher
29621363,freicybourouphael
29622012,Paula | Lifestyle & UGC | Beauty | Content Creator
29623038,Ann Lam 🐑 Travel ✈️ Food & Wine🍷 Lifestyle💃
29623244,Abrielle | Nashville
29623477,smolmouse8
29623536,aee14b
29623727,Jasmine Jones
29625837,Jennifer Plemmons
29625924,Diasha
29625980,lewislilb
29626074,Ellie Dashwood
29626103,Mariela Herrera
29626217,stefpierce1052
29626269,Camille Dietrich | lifestyle & travel
29626330,Cait | GoodeyReads
29626436,Seema
29626605,Gabriella Noto
29626645,Caroline Gaspari
29626652,chakeira.monique
29626687,Juna Schmitt
29626825,jhanell.wilson95
29627444,stephanietaylorirvin
29627518,contentbyannat
29627702,sadiegr02
29627851,latrinaolive
29627855,George Carmona
29627971,Chelsea Still
29628336,jimicasayles
29628433,a.carter2817
29628642,madisonolson828
29628645,clicksandclarity
29628740,zhea.925
29628751,SDiT Stitch and Rambo
29628757,sasha_the_shibapoo
29628807,liliraslin
29628861,Brii Payne
29628868,chynajamison
29628871,Sophia B
29628915,lcmittermeier
29628935,Baby Bling Creations
29629013,shameckawedman
29629145,jamirasmith
29629192,kdeurloo
29629229,Sara Marie Keen
29629290,DaSnaccplug.com
29629664,Sadia Johnson
29629685,David Hopkins
29629761,Mitchel Durfee
29630027,Yoki Evans
29630029,Shakima W.
29630122,ladywesleyinfo
29630180,Quamiya Sweeting
29630265,Ugc creator • model • brand ambassador • that girl ✨
29630455,destinyhouston460
29630502,hi
29630523,KARLA SIEGRIST
29630543,hiottdeja
29630759,Glitter Mommy
29630770,Ana Vidic
29630900,sabbyjb1111
29630974,niacummings10
29631016,hippiehustlabusiness
29631045,dosesofcourtney
29631210,servingupugccontent
29631218,Mary Carter
29631247,Brenda Danso
29631267,johann.danz
29631381,Lottinenk
29631535,markela.jennings
29631555,winnieashpooh12
29631618,markishabarconia24
29631628,filmsbyhb
29631823,nuaddiction4
29631831,Ellliana Dream Dshea
29632005,amandadabrat123
29632070,Pooks RockOut
29634156,brittykelleyy
29634804,addielysvenero
29634840,noheanash25
29634866,Michael Asante
29634930,sweetcherries_cherrygirl
29635142,roxit22
29635267,jayerandolph5
29635298,lmjstpod
29635386,emily
29635404,kelliesigers
29635547,markittag9
29635971,tearra.patricea
29636076,lattesofcaffeine
29637004,juquillatuttle
29638040,daphmax
29638051,mrsantfarm15
29638138,hazeletienne
29638345,Jasmine Matthews
29638429,marbellarojass
29639648,Zandriah Smith
29639676,kaylawiththefro
29639824,Big Dollaz🖤
29640273,Annah Ham
29640393,adria
29640783,Lauren Stewart
29641037,carrye ann rainer
29641088,notkatiegrant
29641454,Judy Gold
29642286,naomzies
29643565,Christina Curry
29643638,Shonta Moore
29643687,𝐊𝐘𝐋𝐈𝐄 𝐌𝐀𝐃𝐈𝐒𝐄𝐍 ♡
29643745,Zakeyyah
29644390,Kylie Fly
29644563,Erika ud83dude03
29644701,hannah elizabeth 🍒ྀིྀི
29644876,fajimu
29645184,Desiree Ramos
29645375,Elle Puckett
29645900,jasschildress
29646317,hannahclairemiles
29646319,jasminejohnson112396
29646657,uniquemccurty333
29647028,suneri080914
29647075,amyrka16
29647079,Bairta Kekeeva
29647083,melayevam
29647094,krystynarud0880
29647096,jpham7264
29647110,shanazi Jackson
29647208,yvianne21
29647216,tamekiamadison1
29647312,Tracy Chattah
29647316,JUST JAZZYLY
29647320,lsview04
29647347,imjustagatha
29647373,happylee1701
29647423,ugcbydilnozarkh
29647442,savin_tatiana
29647471,bethscott042
29647478,Anna-Kay {Home Decor} 🇯🇲
29647512,krystabelindean
29647547,dns1187
29647563,Kierra
29647654,Jules Velasquez
29647671,kingchriss.collabs
29647673,samdennis103
29647727,taylor.scarlett10
29647737,Emaan Chaudhry
29647738,Sarah LaMantia
29647756,brittanidiane0
29647757,jasmainearnold
29647760,monique0928
29647823,sjvinasco
29647835,aminabk.connect
29647846,dtsquad16
29647916,jennbiggers22
29647942,karen3291
29647965,baddestjunkies
29647969,assem.ugc
29647991,mollieismomming
29648013,asukorbak2019
29648091,frankzubiate
29648130,lashawnedwards.le
29648246,tamara
29648265,Christine Lovell
29648316,asheriixo
29648344,7hueexperience
29648362,jameekiahart
29648387,igetitfrommymama.blog
29648431,Jessie Roze Pounder | Content Creator
29648450,laguna_dreamz
29648496,bri3d3
29648529,amitchell4ever
29648559,janelle.ferrer05
29648731,rugrats272815
29648917,𝗖𝗵𝗲𝗹𝘀𝗲𝗮 𝗛𝗮𝗿𝗿𝗶𝘀
29648931,laquasiaamore
29649253,Stephanie Guerrero
29649311,jeanfrancilon
29649323,gracesaphyre524
29649430,jpseevers44
29649464,elyflorida171
29649477,anyashawpartnerships
29649595,sabinasaintcome
29649599,amiracleee
29649667,jupedtorres
29649675,t.collins22
29649709,cynthiawanorue
29649729,Debbie Brito
29649982,bookiam_msrica
29650020,Brittnay Gomez
29650061,ugcbyady
29650064,chelseapuryear90
29650074,Olive the Cat 🐾
29650076,kennedyasia1
29650081,nicole.pretty1206
29650111,sofiacordero1103
29650112,Camille Washington
29650245,Ruth Charity
29650511,marty62194
29650634,yshemia1
29650662,collab.tat
29650683,Paige Rue
29650690,wynesiakey
29650711,scailvena
29650742,MICHELLE CAVE
29650822,mrs.marishamobley
29650871,elleclangton
29651213,ornelas.ceci
29651436,antioneshaf
29651913,keiarra0417
29651972,kelliemadden24
29652110,thepersiandoc
29652706,workwithantonina
29653227,Mackenzie McCarthy
29653300,hannahkirn
29653301,kviruet
29653308,makeupmaddie
29653309,simply_juliarae
29653319,Cymone
29653325,_jazminbriana
29653332,sheis_mariah
29653335,j.eaneve
29653347,Tayla Reese
29653353,aolanyz
29653358,heatherelizabethfrey
29653359,ive_michelle
29653362,lovenancy_
29653390,lorellacuculiza
29653395,glad_bernar
29653399,annelagman
29653401,karlacantuuu
29653406,momtothewilds
29653411,shanicepaden
29653412,samanthast.pierre
29653414,avamurphy31
29653421,oatey.oates
29653422,mishandjoey
29653426,trippin.with.reva
29653435,mohughh
29653494,ashleysmacrame
29653500,_shira.t
29653506,collegebudgetsteph
29653512,Deseree Brooks-Muse
29653517,blaancaaaflor
29653523,simplyyy.mackenzie
29653548,ashleyelderkin
29653550,manis.by.morg
29653554,jessicaadeans
29653555,eeyus_gnav
29653556,crisshtx
29653562,linneyloo
29653563,biggglexi
29653565,acoli023
29653567,morganar01
29653569,ashleybejarano_
29653570,brevnda
29653583,_marissa_george
29653593,denverdoer
29653596,kaylin.maria
29653616,jamietoddlermom
29653625,ashglass019
29653632,bailey2swaggg
29653634,laearthfairy
29653638,karlasofia38
29653648,hairway2heaven777
29653654,casadytayler
29653776,Brittany Smith
29653779,mslamour
29653788,bethforeverafterr
29653794,xoitsjess_
29653800,nikkiicolaa
29653802,laurenrose1212
29654003,Nicole Faulhaber
29654012,Mariam Silver
29654013,maxingoutlifeintheno
29654015,samarys.xo
29654368,jjjrau
29654638,wister.riya
29654646,Devyn King
29654750,bailey.boggs
29654996,kristen
29655524,deandreaw01
29655560,ashley
29655597,tammie.campbell87
29655647,brittneyrsuitt
29655683,sara
29655791,shamonewilkins12
29656126,amyk4peanut
29656742,varynlewis
29657670,kierionnajeffries1520
29657850,Charis Joy
29658182,Breanna Young
29658357,The Instagram Auntie
29658736,Dibora_williams
29658800,Goldera Surles | UGC & Lifestyle Creator
29658825,Dr. Fawziah Qadir
29658852,☻ HUDSON ☻
29658858,Parmigiano Reggiano & Mozzarella 🧀 Kristina & Jake
29658861,🇺🇦 𝕊𝕧𝕖𝕥☀️𝕃𝕒𝕟𝕒 🇺🇸
29658900,Margarita| Austin Tx Fashion Creator
29659027,nicolette
29659131,Emily Trofatter🌙
29659190,nizzy
29659568,Ipek 🌸
29659717,Melanie Lisseth | Content creator & UGC
29659768,Candis Rojas | Petite Fashion | Beauty  | Lifestyle
29659807,Kevorey Hartwell
29659841,iiiammadisonn
29659963,sofiasinfiltro
29659970,QUEENIE
29659987,Karla | latina creator
29660224,Iselin Juhls
29660237,PRO makeup artist | UGC creator
29660388,spookytoe
29660409,aprilmaay_💍
29660448,Poliane Souza | Tutoriais 📲
29660978,PictureMyNails
29661610,Andrea Delaney
29661700,Marisa Stewart
29661821,Nishettas Photography
29661827,caitlin_bickle
29661883,Celeste Arely 🗨️
29662207,Stacy Ines
29662533,c a i t l y n 🌀
29663138,Bluedizz
29663172,Gabrielle Kniery
29663391,kayontapes35
29663506,Brianne Limani
29664050,Yazmine Jahnaii
29664083,live4girlz
29664236,Katherine Emrick
29664309,Cor 🐥
29664501,kass
29664826,Menswear Content Creator
29664983,Preeti Kumar
29665475,Sara✨ Kid @ 🧡 ▫️Travel Agent
29665659,thaugen2
29665668,veesindatrap
29665760,Jedidiah McCloud
29665813,Niki Nash
29666205,thecannoncollectiveco
29666396,camibethrose2021
29666502,carolina.nino2610
29666841,jessicaarmstrongtrapp
29667397,yanapugccreator
29667802,msisley96
29667946,reeda82
29668142,Auddsey Dantzler
29668165,cheyannewimbley87
29668297,travelwithdash
29668349,latiawebster
29668354,siearraajohnson
29668378,Monnea Johnson
29668433,shoanne143
29668557,bourgeoisxoxo
29668584,deaara1
29668626,vrosnyc
29668713,maureenchao15
29668785,bodnaruk.collab
29668849,maracollaborates
29669544,hooping4ever3007
29669553,simsashanti
29669583,anyasindy9
29669667,shannen.hawkins
29669672,nicholaswhenry
29669757,Channell Ghant
29669962,joshuashipp290
29670056,Sasha Fleming
29670785,samahrimiller
29670808,mixson19
29671011,Shantaya Derks
29671058,leshay1991
29671297,matti.domingue13
29671305,infizzybreezy24
29672997,Rose Parr
29673003,annmarie wright
29673195,aniyuhhhhhh
29673200,marissatapiz
29673202,addisonlebo
29673330,felicia.murray
29673650,Tara Nicole Carpenter
29673697,Julie  Fitness
29673733,Shibley Smiles Florida Blogger
29673902,momentsofjoi
29674214,Karen Troy 🇧🇷🇺🇸
29674218,itsninacreative
29674408,Mariah Laneé Collins
29674475,K3
29674663,Jazlyn Burgos
29674667,CATHERINE HORNOR ⚡️⚡️⚡️
29674808,Lonely Floater
29675553,4K🌞
29675766,Mark Ouska
29676794,Courtney Kareem
29676807,Sincerity Garcia
29677267,TRENA C
29677443,Yuly Martinez
29677475,Dylin Moran
29677585,Chari 👑
29677933,Taylor Regulski
29678499,SHAE MARIE
29679085,Rylie Gower
29679103,Bryan Boyd
29679176,hectorlistensto🎧
29679777,Kayla Sauntia | Influencer | UGC Creator
29680402,slaytimewithsteph
29681345,Dr. Raven
29681804,CoutureVixen™
29682131,Your Bougie Cousin
29682329,jennasheshtawy
29682620,lexakubena
29683152,Heavenly
29683255,Sydney
29683267,Atlanta Model | Content Creator
29683275,Jaithejuicebae
29683456,SassySady
29683528,Lola Oje
29683806,pinup.felina.vie
29684052,𝕋𝕣𝕒𝕦𝕞𝕒 𝕋𝕙𝕖𝕣𝕒𝕡𝕚𝕤𝕥 MD & DC | BSW LMSW
29684082,Daniee B ♡
29684113,Lindsey Elliott | UGC Content Creator
29684146,Jada W.
29684434,davion whitfield
29684801,Mary Jenkins
29684839,Iman Eli
29684941,ASIANA SWIFT-MILLER
29684999,Tatum B.
29685387,THE MOTHERLAND 🪭
29685961,Jouvenel Guerrier
29686181,hyddie dorisha
29686214,Massage therapist | Esthetician | Comedian
29686305,ＣＨＲＩＳ  ＤＡＭＯＮ
29686328,Andrew Bueche
29686357,by.dust
29686363,Jamila Tyson
29686424,Hannah Joya
29686459,AmoiiOlivia Matthews | MsMatthews
29686473,My PB & J
29686759,Gaby Garza
29686820,Amber Smith
29687067,BeerSelfie.com
29687382,Luisa Vargas Lmt-Psych
29688224,Atarhe Clarke
29688295,HIMO
29688433,Preston & Holly : Pro DIY'ers
29688485,Miranda Deakins
29688588,Disha Sharma
29688680,Kayla Michelle
29689415,Raffy
29690254,hatfield.j2024
29690349,ugcbyquanzhai
29690512,nbspictures.connect
29690538,victoriapeyton
29690750,ChancesAreImWhatsHerName ud83eudd18ud83cudffd
29690908,Chantel Marie
29691043,aaaanneliese
29691102,Queen Zud83dudc51
29691196,kimmartinezpolanco
29691197,iam.rachelg
29691298,oliviadello
29691386,pinkpeonypop
29691444,Bʀᴇᴇ Tʜᴏᴍᴘsᴏɴ
29691493,HSH Cheerleader 🦅💛
29691513,Meagan O'Neil
29691590,amiahjj
29691787,livvargaa
29691858,nikkireishi
29691862,kinleyyelmore
29692401,starissaritieni
29692591,anniemoore0364
29692836,mpope0601
29692891,Nola Darling
29692906,Ro 💕
29692988,Georgia Phillips
29693071,Michael Amo
29693119,cloecookcollabs
29693665,megmacak
29693674,homespunmarigold
29693810,s.anitha12
29693866,chelsie.r.dahl
29693954,Kristie Wong
29694011,rachelmhobson
29694087,kierradej.collabs
29694177,connectwithchar
29694321,lexieluxe1
29694371,kdabellbusiness
29694380,Katie Crane
29694405,Madeline Yurkowski
29694848,melissa rushing
29694944,Zoe Conley
29694947,collabwithraq
29694967,macsbeautystudio
29695010,jaena Michaels
29695045,fahever16
29695065,Micah Robison
29695192,atoz.ugc
29695213,prettyjanellebilly
29695333,Pooja Patil
29695387,jullenysoriano96
29696099,jessicaaa.davis
29696149,Jacqueline  Garcia
29696312,bstacey2191
29696479,Kaitlyn O’Hara
29696655,BeautyFood
29696750,D E A N A  J.  P O R C H
29696872,TERRINEA 💋
29697175,Morgan
29697224,Hair by Lexi Ciara 🇺🇸
29697564,ᏆNᎠᏆᎪ 🔥
29697725,Cache' Olivia 💕
29698285,Ashley Shackelford
29698518,naq57
29698528,Jenna White
29698680,Caressa Gentile
29698938,priscilla
29699029,ms.taylorjames
29699133,Keyondra Young
29699181,yvonnetnez
29699229,Mili Chirivella
29699242,Hailey:)
29699283,cindypanzer07
29699430,Diana Guirguis
29699663,stephmariea_3
29699752,Tia✨R.W.G Lexx 💕🙏🏽
29699815,teydie.baby
29699869,lyss
29699871,Grace Mcgrade
29700055,Ki
29700084,tyvianaaa
29700226,NIKKI AMINPOUR
29700710,Kaelyn Nicole
29700800,Ariel Boston
29700824,YM💎 (One in A Miłian)🏆
29700906,Chan Cosey
29700932,michelle o.
29700984,Dacia Redmond  cau’23
29700999,Jeyda Elyse
29701016,tigga.thaoie
29701142,Stephanie Watts
29701337,Camryn Ivey
29701440,"Larekia Dior ""I’m her"" 🍀"
29701568,✰ Adriana Milano ✰
29701781,itslizzmmyy
29702112,Travel 🌎| Beauty💅🏾| Fitness 💪🏾
29702221,sc. @sarahhiggy
29702374,tx.
29702398,Scotto
29702734,Sammy Schultz (Achterberg)
29702773,Jay.
29702873,Pri💖🌴💸💎
29703544,Sabrina Sclater
29703624,Scasha
29703688,RO'RO🌪❣️
29704219,Tate Smith
29704648,Tiarra Taylor-Williams
29704843,briannag127
29705254,GOOD BOOKERY | Bookstagram & BookTube 📚
29705538,AJ Gatio
29705669,karinaatenciop
29705840,Jenna Danielle
29705998,Jenny
29706288,Sarah C
29706393,Shannon Ray
29706667,Claudia | Wardrobe Stylist
29706726,Yarden Haham Nissanov
29706875,Thamyris
29706943,Brooke
29707343,Trayce Cooper
29707398,sherricollins017
29707782,𝐆𝐑𝐀𝐂𝐄 | 𝐀𝐔𝐒𝐓𝐈𝐍  𝐓𝐗.
29707806,Betzabe León
29708099,Vee
29708106,Yve🪐 [ i:v ]
29708314,Aruzhan Toleubay
29708397,Aiman Riaz
29708920,Katherine Kate Heredia
29709334,kasharostick22
29709640,Jehnie Mariee
29709694,Carson Sanders
29709837,Robyn
29710104,Ashlynn
29710145,HERMOSA | Charleston Model
29710602,Candace Rodgers
29710604,Kelsey Campbell
29711056,Jessica Mickelson | Magic Maker💫
29711622,Melitza P
29711749,ThisIsJrock
29712036,mitchell.shanika
29712461,Trip Bloggers
29712935,Nicole Ellee
29713302,samanthabrookecontent
29713422,boluwatife 🇳🇬🤍
29714202,Payton Burillo
29714292,Sydnie Maiava
29714327,Angelina
29714352,Dennis Herrera    |    Photographer 🦉
29714375,jaelynnlo24
29714663,Samantha Jo
29714672,Kiersten
29714945,Sydney Leifson
29715080,GRACE CHEN
29715907,elen.ch.ugc
29715983,elizabethgpineda
29716591,jenn.belcher
29716845,Mrs. Gaza Brown
29717334,gcazeau
29718500,Cassidy Cooper
29718517,shakiylar2017
29718518,wayneisha3
29718521,LaKeisha Washington
29718523,kamaya.hollloway
29718532,lverner13
29718552,charliejzanderson
29718559,rubylnewberry30
29718567,e.c.langrum1024
29718572,B. Davis
29718573,nedatheastrologer
29718574,hernandezfam458
29718578,chantelle.todd1989
29718583,joeylj33
29718589,JoAnna Howard
29718633,milissagreenejones89
29718641,andreona.gregory1
29718649,candice.lewis151
29718656,rickaidam
29718790,syria1229
29718866,lakeesharice29
29718879,shuntelle124
29718946,inspired2win
29719020,bridnae98
29719057,nieshataylor
29719106,amitete85
29719108,graylele12
29719162,chihirothehusky
29719166,npencola
29719167,Vee Hughes
29719174,tmparks14
29719200,mendyharris7
29719203,cwrenterprise24
29719243,Lakeisha Burrows
29719270,shunrenae704
29719343,rw497318
29719352,demetriuswilliams1217.dw
29719361,destenyglover
29719502,Basimah Bradford
29719793,shawnphyll.chambers
29719856,jametta26
29719882,mahoganyfishback07
29719919,mommypap
29719937,Patierra Knight
29719970,Honey Ray
29720033,Destini Smith
29720094,pierce_myesha
29720100,Shaniqua Webb
29720261,sonequaburrus
29720295,Dominique Cole
29720463,wissing617
29720496,yanildlcm1
29720787,sheenajbrown
29720882,travelwithmorganebissa
29720895,Raeshelle Downs
29720917,ud83dudcf7Elsa The Photographer
29720963,floori
29721051,LILY ✰
29721129,Brittany St James•
29721172,🔹Ý į ł Đ ï Ž🔹 [Marie]
29721183,lizzie coffin
29721464,Shelbi Woodard ✰ ✰ ✰
29721523,Asia ✨
29721598,𝓈𝒶𝓇𝒶𝒽 𝒻𝑜𝓇𝒷𝑒𝓈
29722115,Jhozaé Akai
29722337,Katie🦋
29722411,Keyla Vasconcellos
29722418,trinitykelia
29722473,jos
29722491,Ashley Grace ud83cuddedud83cuddf9
29722672,Emmanuelle Danielle ®💕
29722744,kyra williams ☾
29722803,Kristina Waters
29722957,zayinjones
29722963,brianamystic
29722987,MissDeenaDiva
29723192,Queen D ud83dudc78ud83dudc8b✨
29723302,marissa.goodbody
29723386,Culture Trekking
29723415,Monique Cartwright
29723455,ᐯ
29723564,🍓🍓🇪🇨🍓🍓
29723577,Queen Heidi Cee ♛🧸
29723585,Julia Venelli
29723658,🤍The Hair Therapist🤍
29723846,dessmonet__
29723849,Lauren Morasky
29723863,imanaradd
29723966,kennypoo97
29724109,Jenna Desmond
29724171,jojosnob
29724314,ANUSHKA MUNDRA
29724393,kee.sace
29724405,Nelly
29724413,hi.susannn
29724418,paigedostiee
29724419,rockiozai
29724512,blackgirlseat
29724688,Bryanna Ontiveros
29724765,Annabel 💄
29724925,𝕭𝖗𝖆𝖙🦋
29725086,Ann Whitney 🇭🇹
29725276,misskassidyj
29725941,Matias
29726505,Darius Garvin
29726578,Mr.Bake
29727115,shanicewilson26
29727442,Augie Bello
29727514,Jordan Haber
29727994,hammondmya03
29728119,stevonavugc
29728222,desaray749
29728232,itssugartimebyvan
29728261,akarianmartin510
29728282,Naia Armstead
29728349,leandreaw93
29728392,mistysosa94
29728606,Diamond DeAsia
29728722,morethanmkup
29728828,Stephanie Redhead & Myles Lewis
29728924,lwrmom
29728933,nessac.business
29728963,Desi Nashee’ (chasingdestiny)
29729883,oraj22
29730048,farmhouseonahill
29730748,knitcheek
29731233,Benson B Mestaz
29731234,Mike Montgomery
29731312,Larry Johnson
29731451,Lesley B
29731452,evolvingmedic
29731473,Kelsey Donlon
29731576,Asante🇯🇲🇺🇸
29731604,quayyyyla
29731606,josh_dennis
29731609,mulan_millian
29731614,priabia
29732476,ugclbb
29732749,Veeta
29732762,onlydejavuu.collabs
29732813,akcruz0311
29732818,jenngabriellaa
29732887,liudmyla.yasinska3
29733007,johnson.tanesha.84
29733161,tarastravelcollabs
29733303,tristanx428
29734525,rookwoodkennedi
29736222,Christopher James
29736441,Bernard Ssentongo
29736933,Brandon Coleman
29737180,lexi.naylor
29738997,Mike Sick 🌎
29739109,Sean Muniz
29739187,Yannie Tan
29739204,dewitfortheglow
29739971,James McCollum
29740275,Spencer Ebba
29740554,arleneeashleyy
29740563,mikaylamotyka
29740570,ayedizwhit
29740574,sierra_joost
29740575,gianna__mancini
29740578,melissareyezz
29740589,baiileyniicole_
29740590,oliviamarie232
29740591,Sarah Stack
29740592,nursewithapursee
29740597,bbrookecuttingg
29740602,ezziii23
29740608,nathanners1
29740609,ugcangely
29740610,kmakaylab1
29740616,brookehmelton
29740622,bethanychasejoness
29740628,kath11een
29742210,creativetouchbytam
29742263,shanna
29742405,Jenny Tran
29742643,lashandapk22
29742693,Lady Damfino
29742791,itsdominiquerene
29742806,joeannahicks
29742819,workinmomma4babies
29742827,Audrianna Skillin
29743441,Faith Kosco
29743512,Emma Hudziak
29743773,wilburnreactions
29744222,tiaisone
29744659,taneshyia.smith
29744677,tbletitout
29744876,rlimontas
29745475,Mikenzie Chambers
29745487,Katelyn Nicole
29745556,dm for promo 💰
29746330,Lindsy Wood
29747484,Eril Moore
29747535,paoomorillo
29748021,dairanna_
29748095,tcherariellakhema
29748636,Siobhan J. Middleton
29748997,Juliet Sikora
29749426,Lynsey Weatherspoon
29750007,Stylish by India
29750352,Jackie Knowles
29750735,🖤Megan🖤Delaune🖤
29751981,Najah Jana’e
29752111,coopcancook
29753925,chinaj91
29754510,jmchandra97
29754652,andreabhandari
29754795,carriespires
29754867,mckenzipowell
29754913,A B
29754915,Gerika Odom
29755023,jseivad
29755228,evanandheitor
29755245,nicolestarroberts
29755325,roneesha0417
29755343,hnsledge
29755406,jadepettyjohn
29755451,breianaduncan Duncan
29755457,jerela86
29755523,shanteriaharris3
29755608,Laila United States
29755619,Terell Watters
29755658,Chasity Sandidge
29755741,lwilliams7399
29755752,Irma Villafranca
29755795,Takiea Lashay
29755868,mamascurlock
29756047,amiae25
29756086,Kyle Kyson Clark
29756094,Arneda Truss
29756127,theresakudrle
29756137,Ashley Russell
29756148,ashleyjenniferrubio
29756258,Cassandra Fuller
29756421,franziskacontreras.collabs
29756432,grace
29756479,bookseriesps
29756496,johnsonjanasia
29756514,taylor.sommer
29756589,laneishia.maxwell
29756651,Annie Baker
29756876,colabwithjent
29756934,knakreations326
29756992,natasha beem
29757052,Independent 🦋
29757139,dimelinedance
29757224,Ariz Chiodi
29757922,Jordan Blake
29767847,indrakhatiwoda
29768125,Carla Lee
29768416,Jaz💎
29768432,Mary Jane Livingston
29768611,Avery Wentzel
29769078,poojajpatil05
29769359,Bridget Kathleen
29769509,Stefanie
29769774,hola.nia_
29769775,lisavillafana
29769789,Amanda 🧊 Habrowski
29769879,throwaway
29769885,Rebekah T.
29769889,shanni_nicole
29769892,hellomarianicole
29769898,iamjasmahshanay
29769903,breianabrown
29769911,whitsaidso
29769914,shar.sathya
29769917,laurynmh
29769918,megha Patel
29769919,siennawymbs
29769920,KARMA l Makeup Tips • Mom Humor
29769924,devuswrld
29769927,Kelsey E Murray
29769942,Deevon Lives
29769958,xoxojay___
29769959,jadeywad3y_80
29769975,ruthwhatever_
29769976,carospina
29769977,cassidy jorgensen
29769987,sahiti9
29770059,gorudi
29770115,Iba
29770124,jordantwiss
29770126,kimbaberay
29770153,natuckerx
29770166,laurenpaiges
29770169,vanessaaiileen
29770173,zastepartyof6
29770179,brebabyfit
29770191,𝑪𝒐𝒂𝒄𝒉 𝑵𝒊𝒌𝒌𝒊 𝑺𝒉𝒐𝒓𝒕𝒚 CLC✨
29770192,kailaasky
29770203,Megan Slesinski
29770204,Ivette Moreno
29770205,Patty Torres
29770243,issabelgarciae
29770250,Shauna Russell | Miami Makeup Artist | Influencer
29770266,kennedy_linn_johnson
29770268,F A I T H   C A V A G E
29770270,wellwithbrielle
29770276,𝐋𝐨𝐬 𝐀𝐧𝐠𝐞𝐥𝐞𝐬 𝐌𝐚𝐤𝐞𝐮𝐩 𝐀𝐫𝐭𝐢𝐬𝐭
29770291,lelabrown6
29770296,hannahsuewilson
29770303,flaveiia
29770305,LeAnn
29770306,courtneyelizabeth_xo
29770308,queentings
29770311,Marilyn Smith | Fourth Grade Teacher
29770414,Layla 🦋
29770490,Layla Boyd
29770659,kellyschroder
29770689,LaShae D. Rolle  MPH  CPH
29770695,Tianna.Lashay
29770703,reseyx_
29770707,sammy_shields
29770729,Stephanie Boateng
29770731,Mikah Wilson
29770913,makeup.magic.merlin
29770916,thetonirayway
29770920,arod.princessvibes
29770932,madisonkeleigh01
29770938,dynastimonae
29770939,Diane Henkler
29770940,Lindsey Mitlyng
29771053,Jen Leslie
29771060,aanwu
29771090,Brittany Lashae
29771439,Abby Bakersmith
29771480,Dominique
29771483,lizzie mayer
29771488,Roxy 🤍
29773389,Kim Ivkov
29776251,contact.khloefifty50
29776815,Franchelle Obrien
29776852,N I A  A S H L E Y
29777091,Loriza Ibarra
29777132,Lexi Kelly
29777213,kennedyk662
29777294,Emma Jenkins
29777481,ashtoothrowed
29777493,Carla Lee
29777661,x0x0meaghanelizabeth
29778076,mapes
29778489,Madison Cook
29778820,Yolanda Capote Uz
29779006,hairby_ridah
29779413,Angie Fernandez ㋡
29779500,sydneytawfik
29779662,kamana__p
29779870,raquel zaragoza
29779908,Camryn Shumate
29779921,✰ s h a n n o n ✰
29779965,𝓔🥂
29780120,I’M JADA🧡
29780415,J.
29780461,catharinadiaz_
29780472,Juliet Gamble
29780537,Taylor 💙💍
29780580,katie olivero
29780619,Deandra |  Faith & Fashion ✨
29780763,m.elllatv20
29780852,𝒟𝑒𝓁𝒾𝓁𝒶𝒽 𝒜𝓁𝒾𝒸𝒾𝒶
29781582,Fatoumata Boakye
29781677,GlamBy Tai
29782418,Tasha Gaye
29782770,katiemadisondesigns
29783245,Kevin Cruz 📈
29783341,Bhargavi✨Travel & Photography
29783473,Jennifer Rocha
29783720,LaShae D. Rolle  MPH  CPH
29783746,Naa Asheley Afua Adowaa Ashitey
29784329,Aisha Patterson | Breast Cancer + Farm Life
29784461,#Aintchu9eleven
29784651,Monica Thomas
29784763,Morgan| Running Warrior God’s Girl
29785077,🦥
29785122,Eliza Eshelman
29785643,The Traveling Black Women™️ Network
29786037,Tamara Anastasia Syby
29786042,bridgetkaathleen
29786078,jade6autumn
29786088,Sirdarius Rashod
29786201,ktvacco
29786248,Leila  PA-C
29786360,DiLaina Shea
29786389,sswurie1011
29786405,Asya Irvin
29786463,Nick Cox
29786472,Kylie Klein 🌹🌙 Glamour Girl
29786481,The Hungry Dollar | TX Foodie & Traveler
29786492,madison_silotti
29786525,Tifah| Content Creator
29786574,Dr. Honey  LCSW  DSW 🦋
29786677,Renee Pacis
29786805,Lauren Leinani
29786810,Amber’s Plate
29786962,kimberleelaske
29787063,Diana Frutos Mendoza
29787150,cmmdesigns319
29787304,brittney eanes
29787332,giuliaqa
29787552,_shygotassets
29787563,Yocheved | Texas Travel & Outdoors Blogger
29787570,Ashwin Jacob
29787609,Andrea Bee| Faith + Working Mom Coach
29787672,Hannah Zachmann
29787673,Christine Bird 🕊️
29787753,Chelsea Carson
29787790,qeiahri1
29787798,𝘼𝙡𝙞𝙣𝙚 𝙋𝙞𝙧𝙚𝙨
29787820,Cody Watts
29787948,jamieadevault
29787970,Hair & Makeup by Caitlyn ud83dudc41‍ud83dudde8
29788232,Sweet Life Housewife
29788358,Samantha Robbins
29788376,ampetry57
29788597,Victoria / Content Creator
29788609,Amanda Hoye
29788633,Content creator | UGC | New York
29789060,nulookbylex.co
29789176,davislatesjat
29789253,Casey Caitlin
29789392,Raul Jimenez
29789653,MARCY MUNCHIES ♥
29790375,Desiree Mullins
29790407,breanne_idell
29790574,tarverebone
29790917,thehaneyhome
29790949,✨ De’Ja ✨
29791097,konig_tkid
29791244,skincarebyjoannemua
29791630,energystar2844
29791682,Amber Rose Head Ahh👨🏽‍🦲🥀
29792018,toemilym
29792107,JauNisha Williams
29792206,shmtmtmt72
29792272,itsmytime1992
29792314,Velma Harris
29792893,amyyhuh
29794276,ashley.hand
29794544,Caren | Solo Travel  Life  UGC
29800174,amanda
29800196,resteasygranny 💚
29800243,Quinn Willard
29800254,•Bella•
29800264,Ericka Price
29800319,Kai Bleu
29800391,Kaitlyn Payne
29800438,NEZI ✨
29800455,arithemystic_
29800466,𝟙𝟟. 𝙻𝚒𝚋𝚎𝚛𝚒𝚊𝚗. 🦋
29800548,zeiana
29800619,Yemi A’shianna
29800629,mikah leggo
29801102,Aubs
29801116,Marlene Turner
29801121,dynezdennis89
29801189,Single ud83dudc8b
29801202,Laura Nicole Harrison
29801377,Mikaylah Duffield
29801380,ugcwithemme
29801418,chvndler
29801516,Camdyn Lee
29801595,Magic Of David Feather
29801609,claudia moon 📍
29801724,Kiara Williams
29801853,CRBN | NY Interior Designer
29801963,Aydan | Home  Food  Wellness & Lifestyle Content Creator
29802037,jennifercuevadiaz
29802068,Hailey Sutton
29802205,Certified Clown
29802930,☆ emily ramirez ☆
29802967,Rozeyy Redd
29803087,🏳️‍🌈
29803306,perlae.xo
29803425,lejla mujaković 🐉🐉
29803652,_iamcurvyc_
29803699,Jeremy Caparas
29803710,Mike Newton
29803818,Destination Wedding Hair & Makeup Artist and Educator
29803868,Skyler Seviola
29804023,tea.martin
29804293,Cassie Oquin
29804718,kahlasiamonae1
29804930,lindsay_holley
29804939,Dileesa
29804975,Savannah
29805031,Brittainy Newman
29805157,Joi Carrillo| Wife |Twin Mama|
29805268,keyonnadashelle
29805362,C O C O
29805367,S A J A N I
29805607,Noelle Bertram
29805700,Kahlasia Hatter
29806204,Brittany Bertuzzi
29806211,jrox3d
29806319,Soha Saiyed
29806385,Portia Gilliam
29806794,Amanii Wilkes
29806823,kenz 🦋
29807154,Chiara Meier
29807418,jomarie__
29807929,Jamie De Vault
29808022,Sarah Meadows
29808551,lashae.c23
29808613,Teresa Miranda
29808758,cheryld126
29808767,Michelle Joseph
29808784,crazielilpoet
29809018,Dr. Honey  LCSW  DSW 🦋
29809232,Gina Michelle Ortega
29810040,contactamandaweaver
29810114,tylermaxx
29810227,Emorie Vadana
29810625,kaityarellano10
29810649,Kim Daughtery
29810724,millieg130
29810990,deidraford21
29811167,Angela Blaha
29811489,Cornesha Mobley
29811551,NICOLE ╳ CONRAD
29811723,sophiesslifee7
29811833,cstarlight1177
29811895,xirixesparzaa
29812029,Karla Bonilla
29812386,Jakaylah Presley
29812387,bkmorela
29812396,Christy Heuglin
29812413,Deevon Lives
29812637,millerthegoldy
29812698,Paris Visone
29812736,amandafleming2011
29812851,sevilayunlu50
29812852,_makemeovertrice
29812875,shaunna.spiveyspinner
29812893,tanisha lashawn
29812952,cymari_stivers
29812959,Shawanna Phillips
29813066,sandra_kay26
29813086,darsitybirling
29813087,tianna_lashay
29813093,isabel Garcia
29813210,lovelylevelsllc
29813278,Derek Pehanick
29813501,Emma Claire Spring
29813566,amytaylornyc
29813658,a.gooden
29815068,daiyahx
29815796,jocelynturner23
29815975,diamondlake23
29816310,𝔻 𝔸 ℕ 𝔾 𝔼 ℝ🇩🇴🇬🇾
29816350,Cailey
29816770,m
29816906,Angela♡
29817197,A D R I A N A   R O S A
29817247,𝓛𝓮𝔁𝓲𝓮
29817273,07|27 ud83dudc51
29817576,jordenashley2497
29817750,mia
29817823,rhoshima
29817889,NIJAH😩😍
29818126,vanessabooke
29818820,Nicole Tanner
29818851,bvrbellbvddie
29818888,meghanbuchman
29818894,Samantha Camuti
29818924,nyx.at.nite
29819165,lifeofrutvi
29819244,Kelsey Vincent
29819261,oliviahnie
29819490,Faith Cavage
29819605,jas_xoxo
29819655,Kelsey Reffett
29819805,Clarissa Advincula
29819895,sophiaedmunds
29820257,Farrah__h ❁
29820260,Tori Levy
29820567,Kiaundra Jackson  LMFT
29820585,dadime._
29820680,Queen of Light 1111ud83cudf1fud83dudc78ud83cudf1f
29820999,Jo Jo Shaw
29821048,daebrannon
29821168,Lady Driven GTR
29821189,devonia2.0
29821257,🌷 Mercedes
29821301,LIVIN’ LA VIDA SOHA™
29821320,.
29821478,Heather | Chosen To Reign™
29821483,MeetTheBlackz
29821710,Kamrie pittman
29821814,Justina Mariah
29822353,Stephanie Owens
29822500,jai.fitt
29822572,estevezhild
29822822,Dr. Vassilia Binensztok
29822899,jayne
29822909,Kinga
29822990,Cathy
29823049,Beau Jai
29823460,thelovelycharity
29823551,Rabiha Sami | Cookie & Cake Artist/Content Creator
29823812,My Dishes Diary
29823962,Raquel Maximiana
29824077,Kathy Nguyen
29824360,Iuliia Medvedeva
29824419,azmeesh
29824435,Limpy The Toilet Trained Cat
29824542,Ezgi Taşçi
29824640,Wendy ♡
29824886,Mara 🏳️‍🌈
29825091,Tania Khan
29825142,✨𝚅𝚎𝚛𝚊𝚗𝚒𝚊 𝙼𝚘𝚕𝚒𝚗𝚊✨
29825213,liya___ray
29825466,ki.keys02
29825614,Ada❥Arguijo
29825643,karenly29
29825966,karinawehbe
29826244,Stacey J. Contreras🇲🇽
29826247,nikitaskye13
29826266,Hovey Family
29826772,angton6582
29826798,Aprender Jugando con Denise
29827085,cruzlabrada22
29827107,saraaahgrace
29827316,smokinht22
29827871,Hanika | Foodie | Twin mom
29827876,Carrie | Texas Travel & Living
29827909,Rva food + things to do
29828020,Dara *Motherhood Creator
29828311,Yohana • Detroit Foodie mama ♥️
29828847,danielaffiliatedaniel
29828939,stobosamantha
29829653,erikka@eycoagency.com
29830134,sgayton95
29830470,sacoryahbarron
29830513,sparkle_fromwithin
29830516,sydney
29830619,danniscratches
29830738,Ann Muschette
29830766,kramerrylie
29831270,brienasantonocito
29831689,skylerseviola
29831818,darkaviajacobs
29831915,lakiaahaynes
29832012,zeldanadine
29832121,Cam
29832200,furmidabletails
29832254,naomiybrown
29832320,charlemiselormil
29832340,tishikanicole
29832351,Erika V.
29832355,Bethanni Vargas
29832571,Angela Lian
29832621,Wesley Lindsey
29832782,not jules
29832860,justaskday
29832931,beckotto487
29833011,ud83dudccdSt Pete  Fl
29833013,candace elizabeth
29833083,Hailey Sutton ♡
29833262,Asia A.
29833265,laurenkirlangitis
29833645,𝒜𝓁𝑜𝓃𝒹𝓇𝒶 🖤
29833679,tiffany.carrier
29833727,Janci M
29833790,audreyhagmeyer
29833799,switzeram11
29833813,tylariathomas
29833909,gibbs_quanteria
29833925,KiA 🇨🇲🇱🇷
29833952,christina.hunt03
29833980,bintasbudget
29834196,ezarate23
29835103,Rachael G
29835212,tami_beier
29835224,KTAY
29835370,tati🌱✨💕
29835725,staciadkelly
29835835,ramona3757
29835900,bevsguidetogorgeous
29836349,Dana Freeman
29836447,Anne DiVitto | Family | Biz Owner
29836708,Iam_HerStylist♥
29836814,misskeycollabs
29836819,Zarιana’s Boutιque😍
29836912,Naha Armády ud83cudf19 22 Teachings
29836998,Bailey Dowling
29837334,_samarascott
29837391,caslaughter7
29837627,Monet
29837970,Syerena Orr
29839105,poeticmoment
29839279,Watch My Videos! 🎬
29839367,Sarah Rillon
29839730,Ahmad M. Robinson
29840093,jennlacatena
29840178,diana lim
29840941,Carie Michelle
29841142,tyshaeugc
29841598,Serenity Perry
29842081,Jeanine Duchess
29842631,Aijha Blackwell
29842657,☥
29843286,Ⓒⓗⓐⓡⓘⓣⓞ_ⓖⓡⓐⓜ
29844368,wumscollabs
29844398,maggie.tehan
29845242,jgray01523
29847060,infokayanova
29847226,baddicted89
29847235,llcoolway
29847477,Jeremy Clayton
29848944,maikahomeinteriors
29849421,shebridecor
29851124,lauren schwartz | gather with lauren
29851543,simplylori24
29851600,Tricia Keleekai
29851623,Lindsey Chastain
29851648,danielle.stringer
29851671,Candace Fulton
29851726,Emily Lewandowski
29851745,KeAirrica Richardson
29851749,itserikamerriweather
29851776,jasmine.idarmia
29851790,Elise Kaneshiro
29851833,Heather Parker
29851928,Yaumara Mijares
29851982,kelseybrussell93
29852040,Angel Beasley
29852049,lourdgilyn01
29852058,Yesenia Ortiz
29852077,madisonweast2014
29852142,nhv541
29852286,Hayleigh Gronostajski
29852374,cotteecarli
29852422,kurocreativestudio
29852426,marytodd18
29852725,kysiwaa
29852764,jesstincase1
29853322,Exenia Rocco
29853429,winifredyork
29853652,gilreath.kayla
29854188,Kurt Conley
29854252,amethyststatestudio
29854544,Cari White
29855493,Cassiane Tormes da Mota (Cassiane Law)
29855820,kittykatzmd
29855868,sweetsilva4ever
29856088,sterlingretzlaff4
29856089,laurenicole2
29856508,Brooke Huston
29856514,A m a n d a
29856526,playbakecreate
29856537,theeblackbombshell
29856539,Michelle McQueen
29856541,jadedonaghe
29856545,kaitinverso
29856559,makeupbykristenowilliams
29856560,yadeswardrobe
29856562,mrstiffanysullivan
29856567,moniquesmomlife
29856570,katesamoreid
29856572,designwithmelissa
29856580,c.andreacp
29856581,eleesha.yvette
29856597,mirleartice
29856603,carolineharville
29856607,craftedbykkayla
29856622,dollfaceporsche
29856624,zhienbay
29856630,brookeannreiss
29856632,mckennareide
29856636,tmaefoster
29856640,kanchu_stha0
29856686,CHEETO
29856700,Goodness
29856839,sarashepinyastep
29856851,katelynnnjeaneee
29856853,homeonarborpointe
29856858,kassidyrayy
29856864,ashleyanselmo
29856869,selenaafelix
29856873,rafakirchn
29857713,DeeJayyyy
29858004,Tez Huckleby
29858050,Javon Jefferson
29858739,solointhecityofseattle
29858740,shashajones
29858990,Chris Barros
29859411,Simran Ahuja
29859671,daberry.llc
29859733,SoggyNoodlez
29860268,taylorhayes0405
29860580,Robert Francis
29860702,McBeeFarm&CattleCo
29860885,SUCKMYKICKS!
29860972,Henry Coffie
29861090,Michael Biya
29861763,JML
29861796,dena
29862002,YesReneau
29862167,Christianna Johnson
29862193,Dawanna Parks
29862307,Junior Berruecos
29862873,Anna Spaulding
29862976,Victoria Smith
29863227,Marissa Bangura
29863377,Shannon Baker
29863700,Cheryl Nelson
29863708,Ruth + Sonia | The Honorable Aussies
29863869,antoniettebrown
29864086,Brooke Roberts 🧜🏻‍♀️
29864320,Nick Andrisin
29864366,꩜ aurielle sayeh ꩜
29864988,Rachel Elspeth Gross
29865005,courtney.simone08
29865014,Bonnie Tsang
29865053,Kenneth Daughty
29865235,Melanie Estrada
29865539,Abbie Rose Attaya
29865787,gethappywithdestiney
29866160,Yesenia De Avila
29866464,lifeofkemisims
29866672,Edith Aguirre
29866955,rsullins16
29867193,𝕊𝕥𝕣𝕒𝕨𝕤𝕖𝕣𝕤 𝔽𝕣𝕖𝕟𝕔𝕙 𝔹𝕦𝕝𝕝𝕕𝕠𝕘𝕤
29867805,stephsings22
29867870,Mom life|Beauty|Fashion|Home DIYs
29867963,Dr. Melissa Gray ∣ Optometrist
29868091,whitney lauenstein
29868166,ᴍᴀᴋᴇᴜᴘ ᴘᴀʏs ᴍʏ ʙɪʟʟs®
29868429,Melissa Rosado
29868484,Phiona
29868486,Photographer | Content creator | Los Angeles
29868488,Sam Kublin
29868740,🤍Elizabeth🤍
29868873,Jessica
29869237,Whitney Schutt
29869540,dejagonline
29869561,gionewman213
29869574,kroland2112
29869580,vibes
29869996,imayyamusic
29870173,ashco07
29870192,szofi859
29870232,Robin Wight
29870310,Courtni Patterson
29870376,iamkiannabr
29870391,Lauren Segovia
29870444,hellotatithomas
29870573,itsdariosworld8
29870620,Raven
29870637,giljennifer01
29870661,Lakysha Brittain
29870667,denice.adriana
29870720,diane.lowe
29870736,clara.cardone
29870743,Kayla Baker
29870745,ifemuoneke
29870747,lifewithkeshia
29870758,lynch.nadia
29870764,mariareyes8415
29870775,cocobrown0615
29870779,thecourtneywashington
29870788,vjoanis759
29870885,rhukiyahw
29870896,briananicole50
29870916,maya conde
29871016,tahleiasherree
29871030,Tessie kay
29871066,leximccoy7
29871089,Christelle Tambwe
29871134,starrinmaren
29871135,Victoria Beaty
29871162,kacihoffman8
29871298,tajixmonroe
29871312,cartiaerae
29871356,arianatrtmn
29871363,jennifer Argueta
29871467,amanda.meade
29871475,Jennifer riley
29871488,takarapurcell2002
29871528,simplybrandy1986
29871715,bracamontev23
29871784,christinapotter1029
29871857,naminahmanagement
29871944,glamtravelermo
29872118,gncasteel
29872123,Tricia.Wehner
29872140,morgancristinav
29872147,mikayak18
29872169,brees7336
29872187,Marita Knight
29872200,marcsoleatl
29872212,blackmore.brian
29872214,katmflores
29872253,thefemmeeffect2020
29872302,Jenna Grife
29872332,4joshuasgrandma
29872354,tadai35
29872401,frontporchfairy
29872437,paidwaytravels
29872554,rickyyaooo
29872588,nkechisgw
29872626,lifewithhil
29872675,symyldrm86
29872681,seasonbyseasonroombyroom
29872692,ambergibbs1
29872708,1805hernandezs
29872783,Morgan Sawan
29872840,laurenarmenta97
29872965,debhermann1120
29872971,rmarlene.ascencio
29873016,Farzia Zaman
29873060,morgiegreen
29873159,kim711fl
29873165,lyratime13
29873258,create.jennybeth
29873338,imanidevans
29873603,elisehspark
29875330,msbrown2225
29875620,HouseOfAesthetics
29875774,Frankie Nofugazi
29876127,justmadisonjo
29876131,marifernandesugc
29877615,Blake Leon
29877882,Praise
29878154,#DrinksByDez™
29878204,Chi
29880079,🦄 The Vanity Bear ✨
29880512,John-David
29881161,Hair Colorist NYC
29881358,domiwilliams17
29881393,Jace Summers
29881408,Sharika Kendle
29881482,jamaystokes
29881538,Jojo Needham
29881632,omeshia28
29881735,annadepoian.ugc
29881895,wbender4389
29881899,rachellkaye1
29882184,Tany Padron
29882226,gracenkolasa1127
29882237,gwenbeckley
29882703,duvets_sella_0r
29882719,lashedbyonna
29882737,bookwithami
29883012,j_evans1997
29883050,vanessakatkinson14
29883058,mrswoodard1988
29883067,slf620
29883075,thesuperfunpartymom
29883078,dymondt51
29883085,eadeskayley
29883116,huntie27
29883149,cvelez958
29883213,hellolittlemariii
29883256,lynn ellis
29883259,Shakira Williams
29883364,Jada Mccoy
29883410,chlodaves18
29883438,torresshellie65
29883442,duanadraper
29883457,Lachanae Pagano
29883551,homedecorbyjoanna
29883592,meka ageous
29883662,Moments with Ashley turner
29883706,Jessica Blevins
29883783,thenvrselog
29883944,brianabrown1022
29883960,thekenziebrooke
29883964,cookkarsen
29884075,baby.casian2003
29884079,dream86862016
29884139,sheia.tasker
29884151,nasheakadasia23
29884676,wendyrandolph136
29885284,thebluehydrangeagifts
29885390,brandieutsey
29885392,imbawsy
29885514,kelliekmclaughlin
29885699,Lissa Velazquez
29885703,Melissa Doubrava
29885737,tais.fernandes94
29885886,Ashley Gelpi
29886510,Tiffany Thompson
29886714,The Edmonds Family
29886716,cfraanklin
29886753,decorwithtay
29886772,Ashtin Cope
29886781,manisha.holley
29886786,Marya Riley
29886798,mazrim1720
29886849,Toya| Credit Repair & Biz Coach |Side Hustle🔌
29886869,clinkttesa
29886876,iamboujeebee
29886919,Nyetta Meaux Moore
29886980,Amber
29886991,marytyus2286
29886998,Jasmine Richardson
29887008,amanda.rodriguez0316
29887020,mzhines51
29887107,shakirashakira311
29887114,ellenjohnsonenterprises
29887171,cartconfessionz
29887206,yulixoxo63
29887213,withsophia.mb
29887214,ariannabunch5523
29887216,jprest144
29887219,Taj Johnson
29887238,cmsageeave
29887262,cheldowd
29887280,yakaira.munoz
29887303,Tierra R.
29887312,roxyndamiddle16
29887372,dentjennifer227
29887400,billionaire.girl.boutique
29887414,Sydney Blain
29887433,kaitlynbrown06.14
29887453,DaVon Miller
29887479,Ebonee Joshua
29887536,Leslie Ortega
29887595,mims_jamie
29887612,dspencer783
29887638,Joslyn Kataroshi
29887652,msbonds88
29887706,anjelika1993
29887742,iidopechics
29887755,jprincess544
29887758,lwright2107
29887781,Janay Roberson
29887788,marjishgarcia
29887882,contact
29887940,Jatorieia
29887947,coneafreeman
29887998,holdencourtney
29888036,sudipa.lovee
29888045,snurkitt
29888050,eterakadavis14
29888058,Sena Ford
29888233,stephaniejames3131
29888482,travisafterdarkxxx
29888909,vforney88
29889090,ganayawbullock
29889091,autumndavis915
29889594,Leo Cagape
29889897,whitetim37
29889964,2 Wheeled Rider
29890507,dessydessy2011
29891199,jilliannhatfield
29891260,Derek Carter
29892073,ggcaree
29892717,Rask (Roswell 🌈)
29892991,Jessany Martinez
29893274,Elly Watson
29894200,keonia_w
29894391,Terressa Dorsey (FlyGirlDiva)
29895932,Tayra Perez
29895944,FREE
29896110,Chloe Hennings
29896792,Joey Duran
29897284,DJ London
29897730,Kaitlyn Mohr
29898225,Zabbai
29898606,Dinner Plus by Scot Louie
29898779,🌶Joshua Kim🔥
29898861,Austin DeShayes
29899110,mercerik
29899190,Katherine McNamara
29900939,knee_ahhhh
29900941,megancrawshawathome
29900954,marlicranford
29900959,isabellaahilma
29900963,user_andrea_
29900972,abickley91
29900979,bfieldsofdreams7
29900985,bostonstrong64
29900993,ileanahdez985
29900995,dnllpena
29900997,shopdream.style
29900998,lash_gang
29901000,_kimberly.clark_
29901001,ladyoftheh0use
29901002,desiriwhite
29901011,sarahblue1974
29901012,jesslsullins
29901017,meg_nowell
29901019,delores_ford
29901027,mareshah3
29901036,kathryyn
29901047,zorangie__
29901052,thegirlwith2firstnames
29901054,ameirahhsays
29901078,saracreecy
29901096,jules.b0nita
29901099,theonlybonquiqui
29901110,biancaguadarrama98
29901271,KIM
29901289,Zates’e B🩷🎀
29901304,yasxmarieee
29901310,Amanda 🦋 LIFESTYLE CREATOR
29901311,esmilopezz
29901316,n.anahi16
29901319,lisirenaa_
29901320,makeupxmariaisabel
29901322,marisolelongo
29901330,seiraiseverywhere
29901334,michylovez
29901344,jhocelyngmz
29901349,corrina_elizaaa
29901351,_rayleemaye_
29901354,jessica.rader
29901358,maggiebellairmorris
29901360,stephivee
29901368,Madison Brehm
29901376,adelaideelise
29901379,Fiona 👼🏼⭐️
29901380,telisha3.0
29901390,curlsbysomya
29901399,shannonwaszak
29901411,sub_sub01
29901414,maureentabby
29901417,autrho
29901425,jdoll520
29901433,2macks_andamom
29901434,this.is.abi.g
29901441,simplymonew
29901502,adri.raindrop
29901512,kiana.kahn
29901513,thedetrayfam
29901515,bobbimariexo
29901520,mrstsmith2012
29901530,meganwright703
29901532,ashtootrippy
29901533,faithyferraro
29901541,creativeexplosions
29901547,re.becca.lynn
29901549,pittiemamaof3
29901556,iiamevyy
29901567,mickmac21
29901572,miagabriellexox
29901579,carmen.e.mua
29901584,archerygirl60x
29901594,Jennifer Shrewsberry
29901596,Carolyn Gardner
29901615,lovingantoinette
29901616,starr.des
29901622,mrbirdiebook
29901627,stephy349
29901648,wheelershelby5
29901652,dasmonique_
29901656,_daisyy94
29901657,_stacinicole
29901664,lifewithgeorginaa
29901672,cristy1340am
29901673,madaboutcookingathome
29901681,stef.p20
29902013,emilyannmcgill
29902045,mamamorgannn
29902055,melainemariah97
29902058,marissrey
29902060,toporganize
29902066,celiguevarax
29902089,sparxdynamix
29902090,dikshu.adk
29902094,parsonagegardens
29902111,petuniaaa17
29902112,mamajerrica
29902133,jlh_95
29902139,ugc_kaylinm
29903697,khill3design
29903846,De’Rell
29908243,Tatiana Plakso
29911663,Ty Please
29913561,sewfulmama
29918372,brookeatimmerman
29927832,naquiellaj
29927953,missbineyy
29927998,jennifercollabs04
29928096,vikkiponce29
29928147,Dominique  Bourne
29928215,miacastrodu
29928242,Kelli Washington
29928324,deannarae09
29928684,rhounim.bushra
29928685,login.porter
29928701,laurenintheland
29928723,heatherhowardcollabs
29928765,lshatnaya
29928769,Jennifer Sutton
29928854,gaiana95
29929117,askewdanni
29929171,kylahlundy22
29929310,Precious White
29929313,mcewen_shelby
29929500,marochellelivai
29929536,joelpujols11
29929541,melissa.kartler
29929549,Baddie in Chief
29931050,djladytee36
29931141,anamg1024
29931233,styledbyshay18
29931298,tammybolden
29931346,epitome1980
29931362,andriannapromotionmanagement
29931462,fernanda.maria181110
29931582,michaelaswinehart
29932533,Coach Wes
29932724,Regi F.
29932745,Eliecer Contreras
29933383,princekingse
29933850,Justin Agee
29934810,Princianna Durosier
29934871,Rachel Mueller
29935101,dman123.lc
29935229,danae Mangold
29935759,sabrinagontiktok
29935900,Adriana Santiago
29935902,kristinlarue
29935919,Demillion Roby
29936200,houseofolson.id
29936619,aweber1998
29936675,Danielle Corbin
29936946,swensenje
29937313,Jai-Leta Colvard
29937482,ambermariecontent
29937554,hello.elleruy
29937740,tiandrafla
29937781,jerenshbusiness
29937800,sowkarthi.madan
29938188,erriccadanyell
29938308,nancyvangxyooj
29938365,Kia Hensley
29938889,Ariana Coles
29940186,madifeezel
29940922,premiobin
29941214,Marianna Torres
29941238,carlosgandica
29941254,joynersam9
29941315,brittk247
29941364,tynate212
29941403,Tomica Bonner
29941420,sierragrider1026
29941434,purelymegs
29941957,Keirsten
29941963,bre
29942872,kriziagrodz
29942934,Yamieka Gaines
29943272,handmadebysarakim
29943439,fermechaw14
29943462,Sarah Bryan
29943645,Bailey Flint
29944309,𝕵𝖆𝖒𝖆𝖗𝖎𝖚𝖘 𝖂𝖆𝖑𝖑𝖆𝖈𝖊 ♛
29944328,Miles king~👑
29945272,Chris
29945397,Dabbah_king420
29945628,ChildRebel™
29945921,paige_luv
29945964,Cheri
29946083,Rayven Renai
29946234,_jaydueces
29946329,meandmissjones
29946598,kurlyhairkilla
29946637,Nikki Johnson
29946687,Kaitlyn Kovacs
29946763,_kandidlykayla
29946773,Jooliana Krummel
29946958,devonricmedia
29946976,mira.pruitt
29947382,jahne.hunter1
29947432,lakiaf
29947599,shanaribrown
29947624,gina
29947753,Danasia | TheLabel
29947824,nevoyfaith
29947828,Paola Mariño
29948035,Toushonta Hogan
29948041,Lynsa Glenn
29948063,ugcwithjennifer
29948067,kiraamil
29948087,Angela Fuertes
29948096,catsteading44
29948103,simplymonikaxo
29948105,Jada
29948139,Kananda Mendes
29948143,athomewithg7
29948152,carterkrishauna96
29948180,kierra.williams74
29948234,Kayla Sue Roberts
29948288,dmr
29948297,floyd_mz
29948310,ardasia.faine16
29948349,neshaforever19
29948384,dtejulieta
29948393,Jamacia Dorsett
29948403,Mia Odom
29948430,ricedd1987
29948539,shaylajwhite
29948612,melissamhoang
29948629,ebony.st32
29948728,mznisha86
29948808,Roxanne Wiggan
29948819,laurenruhl33
29948859,Morgan Dean
29948974,Kiara Davis
29949018,tiaraw01
29949047,Karlea Lynné
29949082,hannahfaith022194
29949103,ashleighlashawn
29949144,sammymowrey
29949253,thirilattt
29949278,jakobyinvegas
29949414,Daria Khuzina
29949420,thehausofblaq
29949438,marajamai
29949502,gregoriokanemi
29949629,dondadapromotions
29949632,Dorothy Caskey Podzemny
29949648,tijinee.luxe
29949726,imvictoriabrown
29949733,gabrielleeire
29949735,mekkamp4
29949743,Luz Milanes
29949751,deedeeg3776
29949815,Mae Cosello
29949876,renitaobi
29949879,4vhomesllc
29949913,brittlandrew
29949934,Jasmine Mayers
29949989,giftedtouchdecor
29950002,nikkishops95
29950038,javiagaskins
29950096,stephfisher_
29950115,Susana  Lopez
29950131,donteil
29950149,Jessa W
29950163,mmacbrewi1
29950173,chelsea.labaume
29950190,bestmegan
29950201,Shannon Evans
29950260,Paula Trujillo
29950266,dysonjoram
29950345,nikkiugcnyc
29950416,tkeith518
29950683,anthonyhaynes109
29950863,pepetheginger
29951102,bell.jasmine0
29951145,jackiemixon10
29951167,andreab28.collab
29951282,yolandareviews90
29951836,Imani Buie
29951931,itskaylagross
29951936,shesgottit09
29952136,briana.luna
29952277,Neel
29952383,Sofia
29952968,Yita
29953067,rebekah molloy
29953084,riann
29953103,jessamie french
29953299,Katherine Garcia
29953620,kmor.23
29953656,teamdariann
29953905,Teniesha Biagas
29953921,_xiomua18
29954038,tamiashayonna
29954075,z o ë  w e a v e r
29954149,jayj504.jervon
29954196,˗ˏˋSavannah Harleyˎˊ˗
29954448,Kai 🇹🇹🇧🇧🌈
29954829,Antonio X Lemon
29955033,laurenpaterni
29955222,Jon’Queria Kijhona Tyquaye S.🌹
29955897,zerimar0606
29955901,Stephanie
29956188,mulreninb
29956613,Tiffany Bell
29956628,estimstep
29957608,shaniquaross.sr
29958077,Meghan Kraft
29958165,MURZBO
29958503,kate.roxana
29958717,mirrfitness
29958728,Marina Angioletti 📍NYC Food | Beauty | Lifestyle
29958733,mrsamberturner79
29959192,Begimai Temir
29959478,☆ Katie K ☆
29960690,Chance 🐾💙
29960710,Deazy Lee
29962646,Martina Mikhail
29963552,kianna_carmo
29963992,bessiebaee
29964010,claragrugz
29964018,Boldaslauren
29964019,Mikayla Kaufenberg
29964039,anniesneed_
29964043,xjessicv
29964057,brysrna
29964091,lwi_method
29964105,bbrendagab
29964113,simpleascasey
29964121,KAMBRIA LEWIS
29964122,khadmuh
29964138,yasmine.luther
29964142,mic.kayla
29964145,anastasia_shahh
29964168,That Geek Family
29964741,Chelsea&Fam|LoveThatTranscends
29964948,Kourtney Iman King
29964963,Cerwah Prempeh
29965015,Biena Griffin | Wellness + Lifestyle
29965238,asherjthomas22
29965453,torrriiee
29965631,Dan Adkins
29965824,Jake Howell
29966225,Claudio Conde
29967000,Jeanette Davila-Rivera
29967066,Brandon Taylor
29967895,Jamila Reddy
29968147,lissie cox ❣️ ur fav deinfluencer 🍅 idk what i’m doing 😔
29968298,Flower 🌺
29968622,Erin Jennum
29968812,Charisse Marte
29969174,Luisiana Madelin Paula
29969445,Kait - @readwithk8
29969849,Denisse Íñiguez
29969911,UGC Creator | Content for Brands & Hotels
29970044,Kanisha Anthony
29970773,sammycitrus02
29970972,Deepa Christine
29971008,contact
29971204,kilosmith
29971205,Hanni B
29971239,Raquel Cowan
29971301,Hannah Huteson
29971318,babygator572
29982993,debbym46
29982997,approvedbygod
29983102,Maya Elizabeth
29983538,nyeisha.page
29983839,JESSETTE☽ NYC
29983882,Jacqueline Peace
29983955,M A K E U P  A R T I S T
29984534,Gifted ✨
29984596,meritthemini
29984817,𝓒𝓱𝓮𝓵𝓼𝓮𝓪 𝓙𝓮𝓷𝓮𝓽𝓽𝓮 🦂
29984828,BREADWINNER 🤩
29984847,Shaquela🌻
29985019,charise.horton
29985190,brittanymflournoy
29985460,H a n n a h
29985848,cwillisatjo
29985859,amandasmithh020
29985931,gabbydoesntcare_
29986105,Jazmin LeFae
29986165,richardskendaysha
29986182,Danielle Thomas
29986292,jaque frazier
29986761,Shely Benitah
29987070,Krista
29987108,ud83dudc51 v a l e r i a ud83dudc51
29987297,makharri
29987438,maria_jaramillo
29987617,Queen Layz ✨👑
29987786,JAZMINE RUBIO 🌙✨⭐️
29988229,partowevents
29988514,desirajemison
29988702,QueenStatus4Evaud83dudc51
29989072,Dayna Furgiuele-Pack
29989179,1 of 1✨
29989685,lilniyaaa
29989742,Audrey Davern
29989965,kylee.seymour
29990145,taylorlnelsonn
29990467,jeeneyim
29990820,danielle
29990831,xo.haven
29990931,ddt.xoxo
29991142,Maggie Edenfield
29991380,helloarantxa
29991683,thenedraroots
29991753,osparks1716
29992297,cocopuffdispensary
29992457,Jennifer Ford Berry
29992523,kbroomf121
29992558,Laura Radus
29992642,lexidanielleee
29992651,Hannah Berkovsky Bagley
29993462,level227ent
29993522,sabrinapr3
29993541,asiamuse.ugc
29993593,Denise Hazime
29993692,mycopyandpaste
29993742,Imani Annese
29993750,haileyrayk
29993775,Kara B
29993842,Traya Young
29993900,thecozydesi
29994348,vanessaduran.info
29994786,Jason Jaimes
29994835,lisa
29994871,Yusra Iftikhar
29995012,shamhad_broades2
29995094,tay.trent2010
29995116,kelcyhercules123
29995309,mlokenau
29995320,shaneicenicole03
29995501,assweetaspye
29995525,shantelgabsanchez
29995594,ashleyadams.0224
29995596,Greta Luna Priego
29995745,arosek2002
29995832,Kyon
29995922,Iyanla Clark
29996553,eevecastings
29996658,Prince Kelechi Amukamara
29996788,Elizabeth Sanzo
29996934,campos.l.maria
29997078,ngannoona
29997096,Leticia Downing
29997191,compassoutdoorspnw
29997199,selinahcollab
29997235,thethompsontwinssugc
29997377,bigaga1
29997396,molifetravelsinfluencing
29997673,torrie.info
29997781,josh.smart
29997857,Mercedes Sapp
29998235,thenickidipietro
29998241,nisahhh___
29998349,Genesis Matos
29998369,🌾🌸
29998541,Raya Joseph
29998806,tiff ✨
29998836,theavaceleste
29998954,NOELLE LUCIEN
29999093,C h i n e l o   K r y s t l e
29999397,meldrossner
29999579,janee.monique
29999672,kacey.
29999688,nysida.m
29999789,shailynmercedes
29999810,itsadunniade
30000007,afiaxowusu
30000240,kayleeshermannn
30000329,Nassera Bougherara
30000349,julia christine ✨
30000357,court!!
30000492,Bella
30000882,ceceflood
30000905,Asia Dawson
30001070,Cuban Link
30001244,thegirlnextdoord
30001797,Tiffany Bacener
30001873,plantbaenicolee
30001908,dess_imani
30001912,ericaanthony24
30001966,futuremrswhite
30002002,brodiessecretss
30002639,chelsfbaby
30002681,NiNi NGUYEN
30003029,rubyraebecker
30003046,shauna_33
30003156,kimberly.tunell
30003527,trisha.patricia
30003537,charelinks
30004119,Tara Shay Montgomery
30004187,17🤪👑
30004226,15
30004239,Zy🤤
30004275,_heatherchris
30004547,Jacqueline
30004765,travelfaithlove
30005180,shaye.w
30005181,yeezusraisedme
30005372,Skylar Economy
30005396,michelle sanders
30005411,jessicayanet
30005637,kipanitlc
30005720,MelanieNicolee 🤍
30005764,kaylen.berling
30005946,cassydeecabaron
30006170,anissaclaiborne
30006311,Noelle
30006363,myapfeifer
30006595,Diamond Hunter
30006767,jennajueco
30006906,skyler stachewicz
30006975,shanesesosassy
30008322,damatomediagroup
30008531,isabelle fang
30009225,Bunny Hou
30010212,Hillary Dixon
30010243,Candi🍯
30010258,celycel11
30011226,thetaylorhouse
30011343,Dawn A.
30012017,Ashley Sanders
30013256,nora craven✨
30013304,abbiejoyc
30013540,ryanabocanegra
30013572,Martina J
30013899,abbieaturner
30014877,kelseylynn33
30014985,sherrydabneyy
30015002,jay.jnaee
30015088,maricely14
30015487,kenyaabenya
30015495,monica
30015555,sweetlifeofjmm
30015882,richellestyles
30016081,aboveandbiancs
30016161,Monica Melber
30016533,Olivia Lancellotta
30016816,dariana nieves
30016821,☁️LEANNA NARCHO☁️
30016929,woaah.tinyy
30016933,Bri Cameron
30017027,Jazmin
30017287,jussviv
30017292,kenadyelizabeth
30017615,Shawntil Howard
30017708,Cici Rose✨
30017886,Gizzi
30017965,evoninichole
30017990,Asia Danielle ♡
30018228,bymorganayers
30018277,Jaicel Asegurado
30018304,lorelvis rijo
30018306,Tan Gamble
30018329,suburbancrunchygirl
30022418,Lashonta
30025712,M C C A R T N E Y
30025790,_brittneystar
30025791,q60s.karen
30026191,locksbylibbybrenner
30027012,Jimmy Presnell
30027063,Monika Davod
30027658,Kourt
30027791,Barbie 🎀
30028150,jenn
30028363,bizzybbie
30028520,Shirley Nascimento Campos
30028602,Beauty Content Creator | Samantha Yvette
30029276,Kaylee Dimling.
30029454,Layne Henwood ud83dudd2e
30029903,kathleenkennedyl
30029934,Tee
30030405,jasmine.dpoblano
30030483,Brigid ॐ🦂
30030592,iamme_12
30030611,Latina content creator| Chicago
30030704,danni
30030815,annafergusonn17
30030819,jasmineboyer98
30031474,slothpixie
30031672,Clara McKay
30031731,anastasiamykh
30032023,neverbegenderspecific
30032225,DANIELA CERA | Lifestyle Blogger
30033971,Linna Love
30034143,Victoria Michelle | Online Coach
30034226,ugcbysarahcross
30034585,Ryan Antonio Ingram | Online Fitness Coach
30034661,partnerwmonique
30035226,HOOD SOMMELIER by Jack Beguedou
30035758,annamaegilberti
30036104,rebeles19
30036571,whitney
30036770,jferg108
30037028,lilixramosmedia
30037531,Gigi Rademacher
30037775,keepingupwithqueenx3
30038004,londonandreaa
30039280,madz weathersbee
30039680,Avery Perkins
30040735,Danielle Templin
30041374,reinshuttlechaney
30044656,katherineeontiktok
30044723,The LeGrande Family
30046804,najahcitizen00
30046832,latea235
30047141,Jennifer Moreno
30047550,maria
30047567,carsonmkj
30047690,weahruth0
30047755,Lena Severe
30047759,blr093088
30047785,earles.kyla
30048219,Grace Joseph
30050012,edaughter2
30050034,cols.robinson
30050282,fitfurr
30050579,zoetaylorfit
30050615,kristin
30050623,Ty Lay
30050831,sumaiyamarzan6
30051057,kayanagraham
30051090,Kia Sharay👑 M.B.A.
30051118,trinam2511
30052308,Justice Zamarripa
30052474,tessteresita0
30052942,speckofsunlight
30053099,Zette Zbinden
30053419,naomihege
30053867,Breya Birdsong
30054358,Makeup By Karen
30055234,SuperSmash2DS
30055259,Step Boy Bleu
30057044,jacquelenedeeke
30057440,wendy.n.truong
30057909,cozyandbased
30059072,monique Saulsberry
30059254,Lolita Dickson
30059450,Lina Soto
30059616,designsbydemaudecia
30061432,t.afashanu
30062380,wendycespedes118
30062407,bookjusttjc
30062419,Lashelle Z. Farrington
30064871,raydasianae98
30065096,melanielavon57 Hamilton
30065265,jmonaneka
30065709,tcrichatl
30065894,mimamorris
30066151,samanthacrad
30066309,rkilpatrick22_6
30066329,makeupbytiffanyantionette
30067157,thaidelynsamuel
30068403,ebrajameh
30069843,klq4ever5
30070210,jillmtiktok
30070490,deesfluffyfriends
30070667,jeana.abnet
30071812,hannahbreecampbell
30072931,nakiarashawnn
30073165,Jasheil Chupuico
30073844,collabs.purelybryce
30074031,sanaasmommy23
30074128,sollunasanctuary
30074355,collabxnoor
30075260,Antonayah Modeste
30075708,Rosana Marquez
30076103,thebrilauren
30076742,Christine Tention
30076791,bellasbows
30076862,jennhardy623
30077170,lilliepannell24
30077425,jonesfaith56
30077837,Jay✨
30077891,kelsiepoplawski
30077978,ivonnedavila18
30078653,Chris and Reg Travel
30078817,giovanniejones
30078895,destinibennett50
30079336,steven_sings
30079477,iidrisaj
30079607,Mikayla B
30079780,Jaris Scott
30079820,cchloesantos
30080122,Jackie Kido
30080550,Brandon Sirota
30080638,Noah - TheNobleCrew
30082109,liannewebb1
30082810,T
30082819,ronniekrazy
30083657,turquoise.holly23
30083683,KING JAY 👑
30083961,thedaniwhite
30084406,Samurai
30084588,Julian Reacts
30084617,vivianvieira.ugc
30088353,collabwithryleigh
30088409,business
30088436,bitesbymak
30088447,Amanda Silber
30089097,savvy_snickerdoodle
30089101,purplediamonds0215
30089102,itsashleykelly
30089108,kevaweeva
30089112,stephanieanahivelazquez
30089122,mirandadramirez
30089141,bishuwish
30089149,kareniskarma
30089151,mounjaro_chrissy
30089162,lifeasyourmother
30089177,samiha.m3
30089181,shestrulytasha
30089182,coopergknee
30089185,lenaslittlelife_
30089186,marymarthawarnock
30089192,lizzylou221
30089193,keepingitcraftyy
30089196,ilianaschelstrate
30089198,sharonp077
30089200,makeitmiko
30089203,ramesorrolon
30089209,_clauds44
30089214,glory.jefa
30089224,tiffanydiviney
30089233,yanaaustin
30089249,mjsshoppingcart
30089296,nola_whit
30089305,lifewithkellyc
30089309,hayfi_
30089689,jimmydgillentine
30089791,Mykel
30089840,rkhines5
30089856,Pauline Bujnowski
30089893,ebonybroadnax
30089900,lilyxisabel
30089987,Jaelyn
30089994,omarsapothecary
30089996,tuhleequh
30089998,definingmyessence
30089999,Yares
30090007,dee.sdvl
30090016,jadaraquell
30090017,larrissarandolph
30090020,Veronica Kilgore
30090038,iamdestinywashington
30090042,mommynmedia
30090045,shadriana.lyrae
30090051,Cristina Sanchez
30090053,amanda.sweetlucille
30090054,chloejensennnnn
30090063,monicagoeskaboom
30090064,mykengoin
30090086,domdeneufbourg
30090094,kasluna
30090111,meganxcarroll
30090181,msimon00
30090195,meeppmob
30090264,jariahraemc
30094567,brisbin.renae
30095630,SAUMYA RAI • NEW YORK • TRAVEL BLOGGER
30096382,M. “Cozy Feels”
30096441,Ashlee Tesson
30096470,lukedclay
30096714,Nayokia Lyons
30096855,kayla.olesen
30097324,Kayla Manning
30097347,Courtney F
30097481,Mel Emnas
30097519,Arianny Lino
30097595,Brenna
30098555,Lena
30098614,👑Kenny Sweets the Barb👑
30098688,𝚅𝚎𝚗𝚐 🪬Curly hair queen
30098998,Janee McGee
30099021,its_me_keish
30099278,Shawna Medvec Barfield
30099648,Tamara Jackson-Morris
30099923,Fashion | Lifestyle |
30100325,Wily Rivero | 𝕍 𝕝 𝕠 𝕘 𝕘 𝕖 𝕣
30100385,Berachiah
30100444,CEYA 🖤
30100453,Jay West
30100571,LauraJean
30100638,Jasmine Forbes
30100694,Asha Steele
30101078,breezyk1516
30101182,BIG $HANTI
30101221,ĸɑʏʟɑ 💕
30101333,Vanessa Oliveira
30101455,Klarissa Colunga 💘
30101525,Ashley Taylor
30101824,ASHANTI | PRETTY P ✨
30101989,Michelle Raymon
30102067,Joelette Osorio | UT
30102529,Ana Soleil
30102714,Teresa Lynn Flores
30103376,gueritaa.dco
30103554,Jemiah LeGrone
30103566,bridgetroverturf
30103580,laweryanika
30104015,Mia McCombs
30104163,Kimberly Strickland
30104169,mrsjacquelinecorona
30104424,ugcbylydiah
30104426,cambryajones200
30104749,sheisaworkofart
30104833,thegaidaview
30104842,Audrey Lund
30104941,coolkarinicole
30105043,elizabeth.ugc.90
30106357,hishemaiahdenise
30106623,karess301
30106996,afroprincesses
30107362,chiavanchiwintour
30107427,acreatedhaven
30107432,makaelacj
30107439,kimi.avila
30107857,Mikkoh Chen
30107918,deaundre_w
30107951,hygienistdentist
30108014,contact
30109316,kyler|tate
30110217,Jamie Tancowny
30110715,raayaray
30111432,elliemadison0
30111483,ashleyenglebusiness
30111588,jessica.baeder
30111594,kimiaestrill2
30111605,Daija Smith
30111662,shaydanielle27
30111667,cms4354
30111678,Ramona Edie
30111811,jtamia020
30111959,ambrosekl
30111962,shyanelaas
30112016,brookebarryyy
30112019,its.lindersurprise
30112067,GLP-1 FAQ
30112080,ivorywinters
30112412,jasminepitt81
30113359,j.elenady
30113651,kairothedawg
30113747,christina.tattory
30113935,A. Savoyyy
30113936,Jaimie
30114110,breezloft
30114236,LÉ MARI L
30114304,eden.rees
30114309,kilayecadogan
30114348,ashleylbaca
30114459,egrant86
30114491,xoleaahxo
30114589,bookwithkrissie
30114846,thaileetv
30114957,thirdxacharm3
30115016,marveshiaa
30115033,amich1991
30115038,jollysourcingllc
30115048,Gee
30115055,kristinapolandugc
30115154,juswrightllc
30115164,lnbennett2010
30115293,barbaramajeski
30116050,Teriah Whitlock
30116251,Shaylyn Reyes
30116263,mindee.diehl
30116341,Errica Davis
30116369,adysonbanks04
30116548,Samantha Strand
30116562,p.nelson
30116896,debbiebusinesspr
30116950,thepatternbreaker1
30116957,andia.dimraj
30116983,nkaujshua8
30117067,sherwanna20
30117131,shawnteyana
30117567,charlestindachna
30117592,Cyletha
30118045,truluckstudio
30118169,tanesha.clemmons
30118401,Sunrise Hill Ranch
30118408,Katie
30118506,Fatimah BSN  RN | NC Lifestyle Influencer
30119095,Erin Nicole✨
30119364,LadyLavinias (Cat)
30119377,Prasad Romijn
30119408,Isha Verma
30119932,Paige O'Neil
30120648,Clivi Vilela
30120881,Beth
30121001,Linsey Davis | Photographer + Creator
30121187,Karla & Jim Billings  Design  Renovate & Decor
30121554,Joy Partylife
30121697,MIYOPET 미요펫
30121721,✿ 𝑺𝒉𝒂 ✿ | @𝑺𝒂𝒊𝒍𝑾𝒊𝒕𝒉𝑺𝒉𝒂 💕
30122082,Sharon Chai | Budget DIY & Home Improvement
30122390,Kayla Currier
30123447,Emily • Travel + Lifestyle | Flight Attendant | Motherhood
30123456,mattdavis5470
30123846,Mich 👩🏻‍💼 + Mila 🐶 || dog-friendly lifestyle
30124066,susandsouth
30124228,🌱🌸♡Emlee♡🐸🌸
30124305,Viktoriia Vynniuk
30124479,Elizabeth Chiorando
30124684,Leah Nitchie
30125007,𝚃𝚄𝙴𝚂𝙳𝙰𝚈 || UGC creator
30125777,Samantha Vassor
30125866,Carmen Aurianne
30126114,andiotero3
30126134,Destinee haro estrada
30126366,hayworley4
30126375,wgillani.bese18seecs
30126532,Taylor Cox
30126533,mamabear9389
30126557,Logan J
30126950,mrs.stubbs2014
30127026,Cindy Reyes
30127333,jamiekesterson2014
30128022,darickandersonmgt
30128047,Evan Cabell
30128252,edlinemaitre
30128553,Hoosier Homemade | Holidays ❤️
30128632,ridd.sin12
30128798,Jacqueline 💓
30129515,emmapowers36
30129568,juliepactol
30129660,sloane.kiuilani.hi
30129718,Raylene Thompson
30129799,pebbiles19
30129980,yennyghorton
30130001,cicidbaby
30130089,Ashley Herring
30130121,Paige Miller
30130147,shadrekiafoster2
30130156,maclapoint
30130159,briananl.ugc
30130348,ehgartside
30130450,Christine Edwards
30130456,casseycrisco
30130527,Courtney McCauley
30130546,kysmith.collab
30131428,wakeelahshropshire
30131470,marita.rodrig0212
30131475,digitwithglory
30131696,Julieta Iglesia
30131943,April J Lilmamma86
30131970,dhbusiness7
30132477,Rubybelle baby
30132619,killyw
30132766,temporarywaffle
30132785,life.as.diana.danielle
30132792,livingsimplybyheatherleigh
30132799,minifashiondiva
30132809,familyfunplaytime
30132813,thatssojulia95
30132815,maybe.ambs
30132829,vaidajenny
30132834,victoriaschimbatori
30132922,glamwithkeisha
30132923,thatgirlkierstin
30132926,iown9cats
30132932,xo_xiara
30132944,prettypablette
30132953,kimberlyvcruz
30132961,flawlyssface
30132964,lexiillamas
30132967,fabiolatencioo
30132971,nevaehlajoy
30132973,nicole_saxon
30132975,daniellajo
30132979,leighann_0913
30133018,samandda_m
30133020,datesndisney
30133036,jessmcgann
30133039,ashleywheelerof8
30133040,jadatyshene
30133062,tammimcconahie
30133071,dianarosem8
30133114,spookylilweirdo
30133119,b.rare
30133132,fnandreamnmarie_
30133139,jhaileniyanna
30133145,lyricsimoneee
30133148,fearlesslymol
30133150,certifiedmomojojo
30133162,_thegirlkk
30133170,sandynaaa
30133181,orsayor
30133212,Karina Rina
30133231,keyairapugh
30133274,projectjunkeez
30133435,lindseyharbison
30133456,true.crime.mama
30133469,jxcilyn
30133472,defnotyourelateacher
30133473,missbrandee1
30133474,psshwhateva
30133484,lauraholly222
30133524,ACE
30133737,lexybolmer
30133743,buckley392
30133746,notelliemikla
30133751,sweetlifeofannaa
30133753,thisis_cynthia_
30133775,jocelynmaiaa
30133820,kensmom825
30133826,nnekasvibe
30133861,maxineellertson
30133868,Taneisha  M.Ed 🌺
30133872,marligoodman
30133875,_maiyam
30133916,kimmyarenz
30133958,nicadabigboss29
30134129,dominique.d.harris
30134156,Yasmeen Anderson
30134549,naeemahmckenzie
30134775,Gabby Mazow
30134980,shaqueladawson
30134991,tiesharamee6419
30135116,hendersontakyra
30135322,78jones.k
30135641,elizabethmariama.collabs
30136836,sherrae_williams
30137914,hollinsprinceton70
30137989,kcsarah11
30138194,sheritamccauley25
30139363,karrie775
30140425,Marilyn Ingraham
30140452,phyllisfranklin97
30140601,lilahlash00
30140820,joniquewells
30141087,Rachel H.
30141244,ldmccullough32
30141545,whitneyjames1986
30141585,typerecoder
30141602,anyamos.creations
30141739,businessyas23
30142021,gabifcarr
30142025,sampledeedee
30142090,Jamie Silva
30142109,TIARA NICOLE
30142834,teleighapeavy
30143133,yeseniarpsl
30143253,D'Anthony Jackson
30143343,Sir Kyren Garel™
30143380,plantsaredecor
30143681,Azure Harris
30143942,👑
30145920,Logan Michaels
30146634,child Of God
30146857,luisasings
30147357,brand.content31
30147760,shanice.crum
30148057,cowellmyijah
30148457,Andrew E.
30148861,Kyle Pearce
30149388,anzee6104
30149418,jordynchaission
30149872,Billy Winowitz
30149890,Keinon Pierre
30150750,_hypey_
30151090,tryitcoco
30152034,Lady Fritz Christoffersen
30152359,Sireen Badr
30157240,famousslex333
30162792,jelisa0831
30174679,Akeryah Lester
30175868,kindrabrabson
30198757,beautybeyondpromos
30198799,areanamarjai
30198825,Breiah Daniels-Charles
30198870,iamdaphnemarie
30198935,karlarx8
30199163,wellnesshives
30199180,ysa_avendano
30199238,tifftiff07078
30199239,S T
30199344,daelamariaa
30199345,aaryana1234
30199357,Monique Medina
30199398,simonemci.inf
30199410,biggmyamitiktok
30199432,veronicaa.elrod
30199618,sklaich
30199771,ugcbybrunaps
30199878,Meron Siyoum
30199886,Lana Watts
30199946,Desta Zerayesus
30199956,shanavjames
30200043,charles.michenaider
30200065,tashanghiem
30200176,rachejp25
30200421,megynpowell
30206889,brycecollabs
30207332,freshta16
30207558,Tlanii Ykoia
30207568,Jillian Fiorello
30207699,espressobarred
30207705,thevictoriaargenzio
30207711,melinda_scott_
30207721,returnofthespookymac
30207723,jessda_best
30207730,emmagguerrero
30207751,prabientisss
30207752,itphn
30207756,missyysparks
30207760,kjovanya
30207764,its.jojo69
30207769,lyfewithmika
30207774,theabraxasexperience
30207787,gabbydevlin
30207795,samanthaa..renee
30207803,thekierramariah
30207829,maricruz0928
30207830,angies.curls
30207836,tiinny_lessly
30207837,nae.m20
30207846,lizzsarah
30207895,campinerin
30207902,itsdasiavouu
30207909,nyanna.f
30207910,mynameisciera_
30208035,pdx.dez
30208042,brianaa.lizette
30208043,karlyradickmurphy
30208049,sea0992
30208060,lissytasticx3
30208077,shannyleighh
30208084,notken60
30208086,mimicita.xo
30208090,lifewjilli
30208094,avakariann
30208108,arelioruiz
30208109,shrinkingwhilegrowing
30208119,blairfry9
30208120,victoriaeickhoff
30208195,Yiliam Rodriguez
30208203,_jennifersun
30208211,thatonechick33
30208225,chasekieper
30208240,myakidd_
30208245,ezmi_143
30208250,mega_meg6
30208272,joyceepixiiee
30208297,fishingwithchels
30208303,michellenunez00
30208304,michiecg
30208564,jordyn200110
30208798,Elizabeth Howell
30208803,TAMIEKA SMITH
30210184,speight.emoni75
30210330,andrewpedro18
30211986,Logan Clopton
30213668,jadafantaya
30213672,luis
30216351,AJ Bates🫀
30216527,Sidney Nicole Brooks
30217468,Tara B Tillery
30217609,suigeneristate
30218739,Patty Dominguez | Miami Mom Family Blogger
30218959,Kingston The Doberman
30220044,Raphael Wright
30221090,Parkineer
30221113,Hi Voltage & Performance Racing Team
30221987,Jennifer Lee
30222263,Daniel Gmys-Casiano
30222558,Cooper Koch
30222892,Andrew Lawrence Charles Cooper
30224412,Jorge Amadeus
30225374,Quincy  Davis
30225470,Jordan Mendoza
30226129,brooklynlepard21
30226614,parismctizic
30226728,Jaden Ryan
30226864,robin.m.johnson87
30226982,nisaoner6637
30227003,laraekt13
30227005,nicole
30227411,inimfonv
30227455,theargylecollective
30227460,sanchez19_84
30227604,stacywr
30227635,rashonna0110
30229110,myers.atlee
30229290,Naiylah Archer
30229831,monae | ugc creator
30229879,Hevidar | Beauty | Makeup | Skincare & Life ✨
30229929,Kayla Lucena
30230093,Maggie B
30230100,Matilda Norton
30230241,contact.caseydreux
30230497,Nevada
30230754,Bruna Kuwahara ₊˚⊹
30231174,hildaf2095
30231185,Grace | Beauty Reviewer • Toronto  🇨🇦
30231196,liv_tolman
30235234,Samantha Vera
30235676,niamh verity
30235731,anu prasad
30236407,Catherine Velasquez
30237659,kenziebabyugc
30237693,auroraxmarieeugc
30238224,kaywill0825
30238272,nebeausejour91
30238357,Ireland
30238816,donutbutts
30238916,Matthew Brian Bowens
30239796,Luis Guajardo
30240133,styledbytammy_
30245031,frankie.inc97
30245141,fcarolina28
30246510,Somer Giles
30246546,taylors924
30246848,CR7 Air
30250543,srayle
30250608,Jahniya Holmes
30250906,Lex Cherie
30251554,Yanet 💋 Miami ProMakeup Artist
30251607,samanthaa.nikolee
30252739,clarkemj26
30253427,Teriana Jackson
30253520,andreasfigliomeni
30255109,jmillspublish
30255111,bbrunk49
30255309,hannatstrick
30255456,Monica Skinner
30255522,kyliechang02
30278193,magic.tiktok.pro
30278226,jessicapaigepr
30278288,ariellemcinnis
30279413,shannon.michele92
30280532,jordanpthomson
30280546,luckylaini
30280566,nimilolu
30280571,killjoyproject
30280577,maritokoven
30280587,uglygirlsworld
30280592,faithblackshear2
30280600,ugcwithbridge
30280601,not_tash_s
30280612,madelyn.gw
30280613,lizinnyc
30280614,lizsimp_
30280617,eileenis
30280621,saristimets
30280626,hannahvandenkolk
30280631,kendylparla
30280641,amandastella195
30280653,olive.runs
30280657,rupley
30280659,ciggybiggytiggy
30280669,nguyenkatarina
30280673,Taylor Seri
30280704,krista.schaudel
30280713,stephaniecoleinteriors
30280724,wfhdani
30280730,farranchandlersummers
30280744,michaelaswrld
30280745,jackieteachesyou
30280757,emily.perk
30280763,claire_marchant
30280783,samanthataylorblog
30280806,marydominiquee
30280814,taylornpoblett
30280821,sarahhchia
30280826,injectorpachar
30280850,rynelly
30280884,UNOFFCL by Amanda
30280900,subwaysavvy
30280917,Stephanie Lacock
30280934,isabelstimach
30280935,marissacstahl
30280982,beewithbritt
30281050,cargobikemomma
30281058,simplyliana
30281076,myoutfitlife
30281751,Marianne B.
30281761,Melva Simpson
30281790,Rosemary
30281976,Shemara Pittman | Gifted Lenses™️
30282175,Jeremiah M Williams
30282190,P A T T Y ☀️
30282464,Kelsey Neyman
30282486,diera325
30282777,🅓🅔🅢🅘🅖🅝  🅐🅝🅓  🅓🅘🅨🅢  🅑🅨  🅕🅐🅘🅣🅗
30282797,ℕ𝕚𝕜𝕜𝕪  || Lifestyle Content Creator
30283184,Lyndsay
30283787,Ki’Ara Cheyennee
30284311,aka Chebo 🍒
30284317,I’m Just A Girl. 💕👸🏽
30284382,Zarana Gandhi | Lifestyle Content Creator
30284411,Dulce S Leger 🇩🇴
30284630,Taylor Monèt 💟
30284842,Blair Tate
30285254,Mrs. Darnisha Parker
30285387,Cathryn Jenn
30285392,Anna Keehler
30285412,Sam🌸
30285423,Amy Sarfo
30285666,Lisa & Yan | IG + UGC Creator
30285701,🧘🏽‍♀️🦋✝️
30286129,Nellie J
30287727,basicbookz
30287735,ellettocs
30287758,taymas15
30287863,juliarem2
30287876,mycuteattack
30287994,sj_villafranca
30288045,ninaabellla
30288056,zuls_lookbook
30288120,happy_imperfectionist
30288127,jajar_bubbletea
30288930,Noure DAMAJ™ نور دمج
30290609,Jordan Harkins
30291871,chasejosephson
30292323,vanitamwilson
30292397,crampedlivingllc
30292541,kristen
30293389,lorigardnerugc
30293544,mercedesarana0
30293989,lauramegan34
30294225,Asia-Rene Robinson
30294482,triva Starks
30294561,aieshahimed15
30296116,cleanwithchristin23
30297374,sadebobb
30297380,Dvnté
30297720,thedishpan
30297834,Sunaina Bhagi
30299748,Brandon Brown
30300014,Izail Brooks
30300135,Surya Chandrasekaran
30300233,Gene Park
30300239,HUNCHO
30300242,Rico
30300436,isisn.prteam
30300878,Anthony
30301644,drew✖️
30302868,Reggie B
30304068,tyrasok88
30304678,sonyahenderson333
30304680,Kia Diaz
30307971,janeshagarrett92
30307980,eliyahhawkins06
30308263,heylatriece
30308697,kellylaia81
30308703,ayselshirvanova13
30308714,selinediazdiaz18
30308821,akimova.av
30312208,amberjackson1994m
30312247,dbushrod78
30312385,Ari
30312429,Shadae Rahiem
30312684,ourhomeinarizona1
30313662,anastasiacreatorburhan
30313842,lu.anaya.3
30314772,Jonlynn Brantham
30314823,angelmcneil220
30314877,bardrell_boykin
30314887,jasmangreen.holdings
30314892,steproseme
30314959,vrdavis45
30315320,nhuffman65
30315323,janaegutierrez
30315593,jessicamarieavila
30315637,missindependent024
30316289,Maryam Fatima
30316572,christinecmendez
30316764,Velton Flowers
30316974,anadebeaut
30316978,sarah_influences_you
30316989,mamaceeraaww
30316994,aciredynasty
30316995,stephurbina1984
30317036,onthemovewithmegan
30317076,emmylayne.myers
30317082,arielleelizabeth3
30317087,livhendyy
30317123,kennedygoebel
30317149,_lexibby
30317161,ashleeyy.ramos
30317172,Umi Abdul-Mateen
30317217,lilhoppytoe2.0
30317474,thelabormama
30317490,briannatongret
30317506,kndybarroso
30317516,anna444banana
30317521,vivianxpena
30317533,maddienorton47
30317535,annadiblosi
30317537,chloebartuska
30317556,gemma_noelle
30317564,tiabranson
30317570,adeekshyagrg
30317583,nicolesieee
30317609,hollierill
30317610,itz_fierceness
30319216,fata.acquoi001
30319239,evereann16
30319399,daynaamaier
30319520,megannthompson228
30319529,paigecarlson96
30319757,h4yleeb
30319986,lauren.beeman7
30327632,fhrabowy88
30333602,Madison Hildebrand
30333881,racheldwyerugc
30334079,Janea Early
30334394,hello.sunshines
30335566,jordanjbarta
30335695,Tiara Johnson
30337352,charlieandcyn
30337721,ayemaricontent
30337749,terrica_dorsett
30338128,hotmess_meg
30338163,brittanyleighmae
30338179,jnjacks5
30338740,Jessica Boyd
30339779,Vannessa Diaz
30340556,Mehdi Hosseinzadeh
30340838,Shena Humbert
30341152,isabelbprice
30341478,Tad Franks
30341684,brermahaffey
30342647,gibbswiksell
30342648,decorby.fanny
30342948,ravenaninn
30343048,neciadhungana75
30343064,mauricioiris6
30343191,darien_markham
30343234,Miranda Garavelli
30343322,coffeeinconnecticut
30343411,thatgirlrachelh
30343439,homeandolives
30343587,emily.reagan21
30343594,torihouse02
30343607,happylittlesouls1
30343687,monjori.is
30343778,Saiyda Miller
30344071,angelakharitonov
30344139,demimiller61
30344162,mrs.macystanford
30344173,ugcwithpenelope
30344643,kiara.g.cervantes
30344667,Celina Fizell
30344674,njohnsondesigns
30344689,hardaway.brittany
30344691,mccutcheon.tcm
30344719,coleimani77
30344726,ItsCleo Patra
30344747,Modish Girl
30344750,leahbarthol
30344836,randolph.marq
30344930,thatfamousfamily
30346996,drsims.tkg
30373147,ansleygordon
30388759,S 🌴 Los Angeles
30389337,Skincare 💫 Get Your Glow On
30389392,Dog Friendly Living
30389723,Brittany Anjanette Jitta
30389900,Deborah Mele
30390347,Witty Smitty
30390712,Danielle Lampo
30390720,diana Mohamed
30391008,Géminis Orellana
30391171,Genesis Mogollon
30391695,joc
30391773,Esther Rezvani
30391865,Danielle Park
30392034,GlambyItti | DMV Fashion & Lifestyle Blogger
30393183,mcculloughbaby20
30395376,bleumoneynae10
30400405,smgiannaccari
30404787,brandisellerzjackson
30424234,itstoyawhite
30424352,emandmonaecarlsongrimmett
30424445,huberslaikeu
30424529,Nicole Flothe
30424706,Jenns
30425084,letyourbeautyspeak
30425144,bellaraeradio
30425195,lansa
30487734,josiethelabradood
30487941,daphney.neston
30488058,l.m.thompson
30488112,brendayze
30488289,Kasim Kabbara
30489878,lxpxt98
30491434,collabs.skykellisa
30491441,danielle.mcgee12
30491480,jordyd.contact
30491557,joyfullybuilt
30491835,Kenice
30491896,gabydrm.ugc
30491913,niyeaaaa__
30492176,sharadan
30492404,our.cozyluxe.haven
30492417,Cathy Shipman
30492802,Teneice Permission (Teneice)
30492916,Sarah Bailey
30493201,Kourtnie L
30493566,Andie Ogando
30493577,ematel715
30493762,kcaillier2
30493778,jlanthony_90
30493973,gatherandglow.ne
30493974,emilymkresse
30494201,stefaniellise
30494342,nicolebibiano.business
30494416,emblakeleycollabs
30494634,naomihunts
30494699,carrih909
30494772,cindydemerson
30494785,mirella_zamarron15
30494799,brooke.pavel
30494816,thegirlcris
30495042,Zanedra Martin
30495140,sabarakati
30495163,lahill.collabs
30495182,christinaaabg
30495293,Kait Williams
30495310,vsolomon04
30495596,klocafff
30495598,justinwayoro
30495698,larae_sturm
30495875,Rafaela Mattevi
30495934,Ambitious Beauty For You
30496297,ssduncanson
30496484,kristinafraker
30496506,Maby Guazozon
30496748,Tiara Grant
30496878,sarahpytleski
30496981,Katelyn Pelzman
30496987,luara.parceria
30497081,CJ Zucker
30497160,herlende08
30497230,chanelraedecor
30497297,gloseguerastyles
30497323,laurajadeprado
30497343,lenvixochieng
30497413,britany49
30497511,Kathleen Capstick
30497515,jonathanjacobs89
30497726,Tatiana
30497835,Yvette Michelle
30497916,affiliate
30497946,brooke
30497965,nbarrismsw
30498011,knitsbydrea
30498148,kjewell137
30498277,team
30498286,iam.nichole.ugc
30498421,Vio Sych
30498426,sichyar
30498479,queen.mandy88
30498501,keraboone
30498505,tinacharlot
30498527,toniwright33
30498531,thehawkmom
30498562,cassidymhanscom
30498564,parkersonthego16
30498582,Uliana Grabciuc
30498599,Rebecca Mrazek
30498603,nikkrank
30498609,Nikki Mincey
30498646,mromo00
30498715,shayshanee58
30498731,jackiemills401
30498735,pawesomepixel
30498769,tristarr3
30498775,mstansbusiness
30498814,Devin Wyatt Johnson
30498905,rayofsunshine025
30498910,barmarkey
30498959,clutchthewheel
30499047,ashlie.love2
30499084,suz.conway0726
30499097,subversionz
30499099,lexxflexlexx
30499147,sotoerika25
30499157,Casey Voeks
30499189,tonya
30499231,styledxjanay
30499248,murdoughem
30499250,meloguyeatz
30499392,mayraplaterougc
30499492,camigc.nc
30499626,simplelivingsamantha
30499635,bettymengesh12
30499800,evyncassidy
30499868,soytopmommy
30499891,aarti40
30499926,bouzammourchicago2015
30499995,sandersmelicia
30500012,mstoyafaye
30500042,Kelly Schubel
30500052,shelbyhayes792
30500060,zzz_yu
30500198,itsmackenzieclark
30500209,Chris Thacker
30500238,jacki
30500400,marcherie
30500403,desiree_c_henderson
30500435,rosugc17
30500499,bzahne12
30500587,hooperjulia27
30500693,sannysan32
30500789,mothang27
30500791,jenn
30501125,rachelrayy03
30501162,sumairaahussain98
30501416,Chasiti Jones
30501460,oakothsharon
30501474,haykrishauna
30501700,Justine Monae Law
30501708,divineguide333
30502241,moonsheradon9
30502318,divinatmedia
30502804,brooke
30502807,stepha722
30503613,iamrebageorge
30503893,Stephany Sanchez
30503974,Moni Delano
30504038,kassandrefloyd
30504056,Carrie Mathison
30504114,Dara Manuel
30504435,Danny DeOliveira
30504740,Sam Speedy
30505555,Veronica G
30505599,Avery Paulen
30505606,kaylamarielink
30506064,Sharon Nicole Photography
30506085,itzz_ashley18
30506184,danzycollabs
30506268,lucindamareel
30506272,michelleaescobar
30506284,Jennifer Spearman
30506303,preeyasharma
30506317,ugcbyruthie
30506322,katlynexo
30506325,jaxxsophia
30506326,ourdohertylife
30506341,selfcarewithnikki
30506351,mags.livingston
30506353,gabmireles
30506363,goldfishybrain
30506368,baretti.la
30506380,highlyte.beauty
30506382,mariestoneee
30506385,rejae_chanelle
30506391,melinyv97
30506395,cocobrownnutt
30506465,Danielle Hernandez
30506991,ajhan.xvii
30507044,yana_sukhobokova
30507063,m i r a n d a   w r i t e s
30507084,wildwildginger
30507254,Tori
30507329,tyraataylorr
30507415,Mickayla Coutinho Brandao
30507442,margaretbrennan1
30508187,jenniferpinard99
30508579,amiemcpherson1
30508598,Deevaani Williams
30508607,nory.olivia0464
30508618,tbarnesmba
30508733,maiyaugc
30509046,tatjanabluchel
30509048,LaShandra Woods
30509307,kbohanna2013
30509313,iamyfbl96
30509574,marieburse1
30509671,Hannah Lee
30510138,geeshanice87
30510669,boujeewitht
30510796,lilyyfeinberg
30510832,ah•deh•nee•kay 👑
30510913,coach.patty
30510990,themonicamonique
30511002,thatsofetch
30511070,Αngeℓ ℓια 💋
30511842,Jean Carlos
30511861,Ayanna C
30511899,jaylamirandaw
30512162,sarbani25.sinha
30512213,gsmontoya4
30512359,mrlockett86
30512612,maddisonjaye13
30512666,hjhammon
30512731,kiyahcjohnson
30512749,leekaceecee
30512802,earliss30
30512819,marina demoraes
30512973,otecousr
30513177,pramirez9311
30513207,Em
30513428,Jessica Von Hoven Jordan
30513486,mcculloughzamaya
30513647,roshelle.brandcollab
30513688,adrianbradleyla
30513849,flavorfusionbistrollc
30514004,ireasiaac
30514043,Marketa Glass
30514072,trinawesson714
30514084,amanda.fischer86
30514146,saraovery1
30514558,rebecca_passo
30514708,j6250young
30514799,Hayley Nicole
30514958,wendy1422
30515114,hjoselyn11
30515123,taylory103
30515226,brownbethany14
30515256,syleste.knudson
30515711,Jasmine Y. Johnson
30516262,Yasmine Harema
30516342,Sarai|Makeup & Skin Care UGC
30516976,Mica ✨| bookstagram
30517196,denismosquea09
30517224,Kathryn Barnhart
30517517,zrs0008
30517599,Derrick Gichaba
30517648,tammyzmedia
30517713,Anhelina Smith
30517973,Diamond 🇬🇭| Beauty + Lifestyle + Travel
30518088,boverojayda
30518096,Jessica J  B.S  MPH
30518216,maryryan
30518229,corinarjs24
30518729,shaeedugar01
30518902,abbyperez421
30518920,briaja
30519521,john
30519633,biancagreen.home
30519693,brittanykelly.content
30520320,Елена Марютин
30520391,katiebethcraig00
30520561,sam.gagnon1216
30520568,Anthony Arias
30520901,izabellaefaw
30521113,Helen Hernandez
30521591,Kristina Hagan
30521867,madisonm314
30521960,lisenbeedeauntay
30522350,Tash Wright
30522458,contactjasandreaa
30522497,Ren
30522504,Fiona Attix
30522997,Michaela Rose Langford
30523834,jessica
30525337,Kennedy
30526437,Claudia Bencomo
30526485,DÉA
30526616,elizaajasminee
30526927,jenniferjones0207
30526980,emmewistrom
30527057,arlett
30527060,Ashanté Harrell
30527142,dherron011
30527180,collabswiyana
30527440,skye.macaela
30527461,Its Mari
30527471,isabel.wherry
30527512,cozycraftmamab
30527565,hofmanncynthia
30527566,carlymascitti
30527664,ashleysimeon96
30527915,ldujanovic
30528091,Katlyn Brown
30530521,aneissaclark
30544285,dina medina
30544293,Erin Rundle
30545034,c.rae4626
30545042,carolynlowe913
30545167,Ben Sherry
30545549,fitjunkiefitness
30546800,gabiscavarda
30546809,_lovelyny
30547056,Taylor  Leary
30547057,Jessica Weaver
30547280,beautyandthebeastbuild
30547316,lydecornell
30547441,diybydeebs
30547986,selflovewithmaria
30548296,erinhoward78
30548413,carrashelea
30553265,Anna Benvenuti
30553270,Rakiyah Jenkins
30553693,eboyles24
30553995,trainwreck10
30554048,lifewithkeighly
30554049,tikagoesplaces
30554059,megs.faves
30554060,_kennedywarner
30554067,hellosofiaaa
30554146,morgankwo
30554182,madisonzetaa
30554218,stvrhauls
30554221,brookieowens
30554334,sydneykwinn
30554344,liaaquinnn Kelly
30554349,efergss
30554350,itskreneee
30554367,marieegee_
30554388,noelleechurch
30554394,sarah42078
30554415,idarivera186
30554622,trinity.woodbury0
30554678,destinyna4
30554912,dandrestevenson11
30554989,nelsontajae
30555011,shaneece.thompson
30555231,Whitney Lubin
30555491,Brittney Burna
30555515,Dusti Trent
30555522,ahmeirstan
30555531,Shaniah Eubanks
30555539,carrie_e_larson
30555683,daniellecolontino
30555921,kareenanddevin
30556003,fostermom702
30556027,brandon.rutley89
30556056,s.odese17
30556064,Amber
30556785,kaylajohnson842
30556829,tiffanycwright81
30557317,mollyymillss
30557436,Genesis Rodriguez-Marmol
30557640,myahbllake
30557838,Aysha Harris
30557899,c4migarcia
30558369,tgarcia1021
30558370,Home with Chanelle
30558455,RYAN M.
30558460,Grace Flynn
30559150,jackierayextensions
30559533,claire senatus
30559774,xolovecassie
30559957,jasminelily807
30560234,Dede Hopper
30560252,rickaylabush01
30560866,S T A C E Y 🌸
30562507,mckennajford
30563801,jerenbusiness
30563981,kinahmone
30564022,antish45
30564053,chelseadawnbarber
30564115,rachelemoravec
30566501,thepinkflamingirl
30568162,iamflorepr
30568636,REM
30569019,katherine
30569994,slewis0310
30571724,heybrebaby
30572187,Kaylee Coon
30572268,Amazeshia Triplett
30572312,amylaurengrant
30572404,leahastew
30572479,collabwithdominique
30572554,kellydknox
30572593,angela225
30572617,reneelakewoodcollab
30572684,akrodgers11
30572728,Antonia Gooding
30572740,porshiastylez
30572922,Chloe Park
30572989,kaitceasar
30573050,aseabasplace
30573060,msremyrose
30573145,Gianna Akiko
30573351,vaneckrude
30573401,Paige Lund
30573489,ariellahirsch3
30573731,abbeybowen117
30573866,edmunda95
30573877,Brittany Lewis
30573931,joyapr2026
30574214,thegovernmentgirlie
30574922,Sillyy Martinez
30575169,dana_jade
30575492,Morgan Gust
30575705,Kelly Koegler
30576259,nikki.vahabi
30576263,zoexio
30576273,smariahbolton
30576290,merazvane
30576291,nicoleeolivierii
30576303,_ravendenise
30576306,itsjordanharris
30576336,julia_brainard
30576345,austinbnntt
30576350,laurenmenno
30576363,lifewithdarek
30576383,justin.giordani
30576396,omgitsssariah
30576400,miliornelas11
30576410,bailey.tarr
30578777,tdsb520
30579772,devinraimo
30579966,lifeofawheatonmom
30581604,silver.entj
30582085,marquis.norton
30582246,A.B. | Gardening • Wellness • Sustainable Living
30582497,adaijahwilliams
30583873,brooklyninspiress
30584672,Wilbania Pimentel Martinez
30584879,mileny.burdier
30585259,ohshuks_
30585262,andreavirginiabeauty
30585272,cryschau
30585282,Life With Murland
30586665,Sasha Toro
30587646,linoshka.collabs
30589022,ericksonbiz123
30589054,dasha
30589606,lulushen96
30590124,sharris482
30591421,contentgamz
30591465,Grace Vaughn
30591474,maiandouglas18
30591594,sarascarbo
30593674,stancliffclaudine
30593848,Ayana
30593898,karlaglowup
30594096,TheMagicJunkDrawer
30594956,karriewithakay
30595779,Raygine Reid
30595783,wc97fann
30595823,Samaria
30595878,lifewitharmaniii
30596488,jairopompa53
30596571,cinthiawithani2
30596632,mblake855
30596659,blog
30597535,inciarte.elizabeth
30598552,Gigi Hess
30598604,Mellisa Patterson
30599302,collaborations.keianna
30599422,hannamae.rn
30599534,gabriella.avakim
30599570,Courtney Wills
30599658,Vanessa Wylie
30599998,princessblack133
30600036,mrsnnekarobinson
30600803,nelly_jac
30600815,melanieelisaaa
30601741,nicholsariley
30601898,Kayla Fisher
30601906,jeniselebron
30602595,asiapw01
30603140,Keosha Thomas
30603221,Molly Hite
30603245,leidy.gs
30603251,notoriiousjojo0824
30603253,emilywdonohoe
30603323,elida.sahm
30603349,Stephanie
30603358,yaretparryfarias
30603370,itscassidy.lynn
30603375,happyplantgirl
30603382,everydaydianna
30603450,ericka_gx
30603484,2under2plus3
30603528,thespanishchick
30603681,rachel.clariceee
30603763,meeno.x
30603936,mawacamara349
30604397,Shannon  Gladen
30604678,jasminediorllc
30604838,Dre vids
30604883,kelishasmith
30605360,Synae
30605410,aonestibrooks93
30605462,Ashley Bridges
30605517,Just Goddard
30605770,shannonzike
30605980,Christen Camacho
30606319,chcharliie98
30606496,zm.zoerhoff
30606535,Tyana Monae
30606634,Brittany Anne Doyle
30606663,𝘋𝘦𝘯𝘪𝘴𝘦 🌺
30606692,• S a a d i a •
30606718,yontaskafepeyi
30606761,Brianna Olamiju  MD  FAAD
30606772,Emily
30606873,lyuboviva
30606894,Jessica Battista
30606899,Dimpss | Metro Detroit Makeup Artist
30607101,Asmita Puri
30608300,Corriena ud83dudc95
30609907,emmy♡˚✧
30610015,D A R C Y | Comedian 😂 🤣
30610113,iniffad
30610121,Molly | The Bookish Mom
30610155,megtg3
30610683,ʟɪsᴀ sᴀɴᴛɪɴᴇ
30611193,𝐃𝐚𝐧𝐢𝐞𝐥𝐚 𝐋𝐞𝐞 ⚡️
30611483,Lina
30611589,shanicehenderson_
30612650,Jayla | UGC Creator | Atlanta Model
30613321,Kiara Ohlde
30614943,darechristian
30615020,lesrob1997
30624163,rbresha92
30624189,design
30624308,katevinnik.ugc
30624362,Chloe Elyssa
30624395,lcsaidwhat
30624428,offthemodelolena
30624527,carol.tocco
30624784,kwanugc
30626223,kristy.lovee85
30626273,browntaikaylin
30626326,tyreekherbert366
30626885,Nikki Rev ASMR Plus
30627125,Lili Younsi
30629481,Dx Sassy Resuello
30629685,baublesnbraids
30629697,meletaufaafu
30629699,Samantha Garcia
30629713,ashlynnbensonn
30629718,lexisb___
30629723,spagshley
30629726,heyitsdennisze
30629739,killereats.lt
30629740,preciousbria
30629748,toya_c1
30629827,Madeline Lloyd
30629835,gabbynapoli
30629840,jenkkilgore
30629968,avery.gipson20
30629996,thelynslist
30630218,paigem.norman
30630345,thebluesprucedhome
30630673,Lynn Burnett-Lacey
30631964,theblackhousepa
30632816,courtneycutting
30632836,worthingtonmarie
30632966,amandaasiamah
30633268,meggswoh
30633305,shennelcooks
30633769,marianasenra89
30633916,ashleighmaupin06
30633935,khris_01_g
30633970,Jessi Williams: Journey wit Jessi
30634271,Rita Wilkins
30634726,marianaarrazola
30634797,Jordan Davis (Enigma)
30634818,katieneedsabiggerbookshelf
30635056,felice anikstein
30635069,jlwatt2000
30635193,Dana Garth
30635284,breniya_bj
30635454,miles.ebony
30635540,Bri Williams
30635554,Melina Santos
30635773,ourhomeshenanigans
30635851,mindydegering
30635852,tianamonaebcollabs
30635857,tracey
30635926,temisamuel2005
30635969,Ashley Hankins
30636003,anna.samsonidze
30636244,sanziajai
30636309,megcangemii
30636350,bdashgirl
30636451,jamiewattles84
30636479,Chardeney Mason
30637590,info.giselleespina
30637991,aubriilooney
30638107,starudlove
30638276,kelacam
30638709,julie.grovak
30640787,collabs.amberathome
30640874,elyse
30640887,floritafoster1
30641117,tblus0617
30641176,Ashley Michele Stanley
30641451,sanchezkaty2408
30641931,bailsred2
30642476,djaghab13
30643061,Rebekka Mathews
30644462,karly.pimentel9803
30644548,Uchi
30649268,keisnkelz4life
30649598,hildej88
30657136,Yoga Faith
30663388,Zarina
30664264,vdbennett
30665156,Amelia Colomb
30665199,simplysimonescreations
30665696,jade.perkins3
30666137,artkingunit
30666403,Living.Dead.Doll
30666910,brittanyrincon30
30667391,selectionsbysteph
30667397,mase4ka.dyaksvska.0031
30667430,dannieb02
30667888,vernadettevelardi
30667968,Janire
30667976,Tiffany Kelly
30667987,Adaobi Onyekaba
30668003,tugcecakir1299
30668324,Tiffany Roe
30668336,kiracreator1
30668514,keythehairstylist
30668540,nichole43080
30668563,smoncoeur2015
30669151,kellywest43206
30669952,djikamanagement
30669990,Megan Spaziani
30670408,Britta Tabor
30670492,Cici Mitchell
30670520,Mika Ross
30670784,eiramnevar
30670927,Jessica Freedman | Your Birth Bestie
30670943,Janani Viswanathan
30671110,Lanie
30671181,Vinitha Jagannathan
30671282,Jessica Faten
30671338,ethangarland223
30672166,madeupbydolll
30672167,Domonique Brown
30672562,Kenyatta Richards
30672980,DIANA MISHC
30673284,Pardeep Kaur Dhillon
30673468,Amelia ✨
30673622,Iman Derya
30673665,Toni Jamè | Fashion Inspo + Lifestyle
30673878,Vanessa🦋
30674557,Ruth (aka Lo) ✝️🧿
30674641,Emely | Belleza 40+ | Humor | Mamá
30674648,Stephanie M. Ferguson
30674779,Jamelle Petrice
30675010,Devyn Dodero | Breaking The Ice Podcast 🏒
30675270,Nikhol Francis
30675288,Julian
30675550,Isabella Nicole
30675822,G E O R G E 💐🪩🐆🍊
30675899,Chardaeodessa
30676020,ellieriversmusic
30677405,montbusinessinfo
30677995,faceby.kayla
30678001,embourg08
30678131,interiorbydnd2
30678255,slimtru123
30678378,Lenny Marte
30678399,herladygigs
30678484,Raquel McIntyre
30678822,Amber:)
30678946,jmonologuemail
30679774,Nichole Serrano
30680035,sydnelius
30680168,thejoyleemarketing
30680264,keyleugc
30680767,Karissa Spann
30681609,figueroafl.business
30682093,ddixon2787
30682204,ashmeenacreates
30682272,candacemcnickles
30682286,amber  Romero-delgado
30682289,nikeyaw
30682302,sarahjenehey
30682380,erica.cardenas
30682381,tmelcolm78
30682553,lovekearahmedia
30682767,mayaelizabeth
30685843,unravelskin
30685851,sgeffrard3
30686499,Demetrius
30687082,thatpinkgirlie
30687566,rachel wiseman
30687606,kaybertina
30687626,lisaameyy
30687641,yourmajestyhannah
30687654,universeofamna
30687658,tiffanyerinsheets
30687668,annemarieisamie
30687671,recommendedbyangie
30687698,tayfed91
30687721,_nailxglam_
30687735,shopwith.vanessa
30687737,mariahhxmonet
30687764,dahlia.bri
30687792,jeza.crafty
30687795,kenyatta Magee
30687799,zennnny_mahat
30687827,_tressaaa
30687836,christyayy
30687841,thekovacs22
30687848,tinyhumantamer8
30687856,lyndseyyy_smith
30687874,brookeceleste.0
30687876,graceeharmer
30687916,happyhourx96
30688008,Muna
30688030,glowingwithmary
30688075,normatouchette
30688108,skinwithsandykim
30688148,iliobsessions
30688241,Shely Castro
30688891,niecyshine
30689308,jsang27
30690183,kimari monae
30690931,loveofluverne
30691639,karinafont18
30693475,nimras87
30693532,roseyjay
30693803,fashionslaywithshay
30695503,vergarapamela126
30695622,collabwithvw
30695642,videodiaryofthatgirld
30696627,karleyrlu
30696745,sciara.gia
30697549,mariahj1619
30697648,Jessica Smith
30698092,sincerelytaquilla
30699428,chandleryates95
30699476,tamarind
30699492,Chantice_at_home
30699507,Bryan Rivas
30699525,Vivian Barkley
30699695,dwanetperryugc
30699712,Asia Humphrey
30699768,nadia.exama
30699791,Sheryl Pardy
30699809,cherylgullo
30699832,Dyani Boykins
30699901,hannahmason080393
30700008,michellellorenteyt
30700023,sonia8469
30700094,thedestineechanel
30700116,edk4509
30700139,sariahpartnerships
30700211,gina.d.haywood
30700357,kcpinfluencer
30700599,klnjded
30700658,Jennifer Fernéz
30700766,Nikita Grayson
30700784,niefy_clarke
30701006,dobbins.jamie
30701013,morg.elizondo
30701017,flufftobuffdiva
30701046,white_tabitha
30702109,sameeranindita
30702451,Sophia Kim
30702649,natacha.flerimon
30703410,LeJewelia Jamise
30704225,lydiathecreative
30704840,killmankrista
30704932,bonnamaynigo
30708338,wellnesswavess
30708849,acwyles
30709633,shannenolan
30710164,amillrich9
30710368,orittshop
30711048,bybrittanye
30711279,Travis Williams
30711281,shay.lopinski
30711730,Ambrielle Aug
30711740,michelebentonart
30711968,taylonaislinn
30712341,jefferies.ashlee
30712831,luv444rii
30714138,nelsonscounseling
30714654,Viviana Vazquez
30715028,shantayhillmon13
30715258,verokolesnikov
30716473,collabs.justbrandi11
30716708,nicole48952
30719578,katrinaflan
30720001,savannah.dunbar
30720161,EddieX
30720169,toctocpanda
30720175,birianderson
30720177,mymely98
30720185,jessinchicago312
30720192,Melanie Rivera
30720203,hannahhaeun
30720219,sweethippie92
30720230,pedsnp_kk
30720495,Luke Higgs
30720699,Recipes  DIY & Craft Blogger
30720723,xokrissmarie
30720730,a.abbascia
30720733,sarahn.dudley
30721453,maciechristinem
30721458,mirandapapiersky
30721466,contentfordays0
30721467,heyjustbekind
30721483,kelley_mama_of_2
30721485,sydmlima
30721492,gisselleh_
30721494,jackie.fuentess
30721496,pebblesmelanin
30721497,christianfreakinburge
30721504,nicolelorane_
30721514,adh_dee
30721519,hcarrollcollabs
30722077,Ana Ruiz
30722557,hermindonmission
30723499,Rhea.Up | UGC Creator
30724498,monlucasrn
30725663,Erin Edgar
30726131,Shonte Miller
30726254,Debi.Joyce ✨
30728287,Andrea Lopez
30728760,tanya.despins
30729144,Ely Huante
30729188,amberlypineiro
30730197,Nicole Dixon
30730293,stephh8710
30730473,catarellano22
30730634,warren.phoebe
30730832,vanessacarrera002
30730988,Ashley Thompson
30730997,stacy
30733471,kcustomdesigns01
30734109,brittany
30734288,kumbichigs
30736004,Amber Blackburn
30736366,getwigdout
30736674,Erica Transou
30736724,firdaoussi ouedraogo
30738610,Silvia
30739967,Kylie White
30740996,k.nicolepartnerships
30742957,noreen.refai
30742965,Marcela
30744928,Cody Conway
30745566,lscgoddess98
30745922,bearleevirga
30745949,Stephanie K
30746189,jadafranklin16
30746397,Audrey O'Donnell
30746648,Magen Embry
30746756,Jhontia green
30746766,meghan.beaver
30749327,taylornicholemorris
30750467,chicandtailored
30751839,maddyhopeck
30751849,diana
30752347,Catherine Dohrer
30752418,Camila Reveron
30754236,lowcarb_and_glam
30754506,lezromero
30754537,k_i_m116
30754677,a.lissssaa
30754746,abbiewithane
30754778,sydneypaigesway
30754864,Yuh Love Delly
30754873,itsmira.hicks
30754874,xhulja.mulla
30754879,whendee99
30754881,mirandaboland_
30754888,lisaprimmnotproper
30754889,micheesebesta
30755087,waves_for_dayzz
30755111,haynothayley
30755116,lipstickgawwdess
30755122,chocolateketi
30755123,natwhitlark
30755128,candidlynoella
30755147,chavezmarisleidy
30755153,hannahmarie_sahm
30755155,ameliameskerem
30755177,beatrizm03
30755190,manderzmindset
30755205,kya.taylor
30755214,moresparklelessstigma
30755215,lyfe.with.nadi
30755226,brockilini
30755495,Megan Butts
30755536,Roxxi Zayas
30755818,Amariyon Green
30757336,itsrositarosas
30758436,timelesslikeolivia
30758547,radames.pina
30758690,yogertcollection
30758873,Nicole Hogue
30761910,Portia J
30763825,Lucas Herren
30765338,stephaniecardwell59
30765354,maddiesticka24
30765575,Sophia Berry
30766890,plouffes
30767472,jmreviews305
30769462,ssakhibova0109
30769521,bsummersx3
30769780,lexxkenj19
30769925,tiararecio
30770303,Maggie Stacey
30770664,taylor.arduino
30770826,tonya.mills1975
30770845,Barbara Herbert Morris
30771129,tayknorton
30771156,kaitlynmorrispilates
30771239,tiffany.gtz
30771558,southcat843
30771655,ashleigh.hunter11
30771699,THOAI  NGUYEN
30772058,Racquel Houston
30772182,anxiouslyambitiousaz
30772234,Stacy Zant
30772655,afterfivefashions
30772934,jennylemery2
30772968,leslie
30773161,onesoundministry
30773342,abby akilas
30773595,nevtshawish
30773694,zeynepnedas
30773850,astrokjay
30775528,layahsmommy
30775978,Jenny Coleman
30776425,Helen ud83cudf49
30776480,PAK  EUNICE
30776487,aarushi
30776550,kaitlyn.r.ellis
30776648,christine
30776704,Devin N Misha Geter
30776937,evonbiondi
30777000,jessica
30777165,kacie
30777435,mspooh2007
30778353,lovedesireemarie
30778858,kerristaggers
30780003,shechillslife
30780033,mia.marieeeee
30780034,kouperstown
30780041,sarahwysz
30780058,simplyriannaaa
30780077,brinwright
30780088,chriistiianaa
30780095,Reese Hearon
30780102,abbiieeee
30780104,genavievesusana
30780111,luisigq
30780130,emmaandbrandon
30780134,hellomynameisgabriel
30780135,gabbyingrade4
30780145,brookeandbobear
30780178,thecoco.twins
30780236,kaylaa_breianne
30780245,paisleymadison
30780251,xbreannaaaa
30780270,sydneyylevel
30780278,azaeliua
30780283,leonellaf
30780290,meisanjar
30780295,msdananguyen333
30780310,itsriraymundo
30780313,vanesa.gardiner
30780314,karlaolivama
30780315,carolineccarr
30780318,christylynnrodriguez89
30780334,sophiaoden24
30780342,torrrancee
30780346,nevaehlyyy
30780356,tanyatwee
30780360,miracleolatunji
30780366,madisonlcombss
30780382,desireestanley_
30780386,Shana Carter
30780400,..urfavarabgirl
30780421,rollin.with.eve
30780423,dani.culver
30781245,ashleyhylton64
30781362,moboylelux
30781597,Denver Williams
30781602,Temi Ibitoye
30781981,mmedina328
30782033,laurenclay91
30783713,Adrianna Builtron
30784323,Emily Hinton
30784497,emilyjwagner.01
30784657,katzhangwork
30784942,Dana Kramer
30786008,savannahmckee2
30786610,curlygingy4
30786680,yanakravchuk1798
30786813,jzmnmakesit
30786967,Nyeka A James
30788357,edit
30788602,lcda.leonett
30788626,mailgirl2008
30788779,bstriepe
30789122,Gabriela Trujillo
30789200,Lynn White
30790697,Mandy Phythia
30790821,samantha
30791690,Sam
30791706,Kiara Blue
30792186,blangoashante12
30794122,kasidiepeterson84
30794282,Patricia Menegoto | fashion  wellness & mom life
30794284,Ayesha
30794387,Keeks | Lifestyle + Beauty Creator
30794675,southerninspired59
30797027,silverwings1944
30797891,merandadysartbiz
30798612,victoriasf95
30799042,Nathi Toledo
30799112,ash
30799137,queenzluxeb
30799456,william
30799759,drsthomaslcsw
30799808,starsdsagi
30802009,sandyvlogz1
30804030,Taylor Mcintyre
30807371,thebargainholic
30822489,A N D R E S S A
30824826,user1069537697228
30824908,graciecwurtz
30824918,morganandasamiller
30824926,meowica91
30824945,emanne923
30824947,joyfulhems
30824948,thais__thais
30824965,bereniceb9
30824967,createdby.mollie
30825096,Brittany Abrams
30825145,crishawnwil
30825172,justthegirltoo
30825173,lifeoflilyam
30825194,micaiah.ella
30825197,gesellepolanco
30825508,jae.james_
30825509,sarah_j_81
30825511,iamdominicfranco
30825516,brittney.schroder15
30825520,nessa_3290
30825521,ms_sowell
30825530,sotelo_addy
30825539,susannagrace.com
30825545,biancabetsey
30825546,7307132026955777066
30825551,mamax5sahm
30825556,vanessaj21
30825560,just.melisaann
30825561,ugccreator_a
30825564,mamamarshh
30825565,jordanterra
30825658,hayleylmoore
30825697,DMs don’t work
30825783,imcourtneylu
30825815,ashleyhuacuz
30825844,aj.remigio
30825850,sofiamirate
30825907,arzoousman14
30826212,trosadoandrea2024
30828271,sunny.yazdani.design
30828973,theeverydayeditbycoley
30829276,Myesha Knibbs
30831225,shawnakay.waugh
30831391,trystinnnn.creator
30832253,mistyrudy
30832693,Leslie Carney
30833770,j.lee4466
30834388,Rachelle Edouarzin
30836748,Chrishenda Dawkins
30837284,Marangeli Aviles
30837340,India Huguely
30837818,creativelymii
30837948,ninawong01201
30838080,thetimelessnest.ry
30838282,Betchela meronnis
30838576,singhtiku89
30838839,katyrose121
30839623,Akiah Karriel
30839882,heatherohm
30839939,kocoabear002
30839997,mollymcshane13
30840068,Tuni - Thu Huong Nguyen
30840575,bookerkamilah
30841028,Andrea Wright
30841358,vhome.decor
30841451,Britny Owens
30842973,Kristina williams
30843574,margo.and.ozzy
30843801,tammy.hampton1965
30844247,figandfarmathome
30849455,hulyakubick
30851020,Ofelia Ornelas
30852325,acajaacb
30852593,inmymotheraura
30852690,kayya02.mf
30852745,beltrankaren31
30852920,ryliebooth
30852929,megannorkus
30852930,jaepack
30852934,abigailaa
30852956,emileys.drafts
30852958,momtoks_
30852968,dicielynne
30852981,_liacortes
30852986,petunia8564
30852994,thayden
30852998,wintheinch_wintheday
30853006,relovedfinds_
30853011,miracle.744
30853035,mommycurlz
30853044,the_homesteading_nurse
30853051,dream.motivate7
30853057,ashdermpa
30853058,jackieyoung0919
30853061,esther.jkim
30853098,determineyourbeauty
30853103,kaygiglio
30853108,liveexcellentlyinstyle
30853120,myloooonlizzzzie
30853130,niafromnyc
30853173,shreyaaaaxoxo
30853177,eliana__.98
30853193,sonitavlogs
30853214,meaganinmotion89
30853216,collreads
30853236,leeannstyled
30853260,cordellconnections
30853268,coldpillow
30853272,diannateresh
30853274,courtneylynnmcelwain
30853314,kennedyypatton
30853483,marta2012t
30853783,annaclaireirene
30854044,sophia seringer
30854471,dobetterjonathan
30854721,dynamicduotruereviews
30854901,shanique.javelle
30855136,jiyah.jene
30855144,jakariaaniya
30855145,emilyyunger
30855664,Mila
30855743,keyanadeshe
30855904,itsbigmikefromla
30855968,Nicole Evans
30857132,kaitlinkehler
30858035,acarmody100
30858207,franramirez.ugc
30858295,approvedbymac
30858791,myndimoss
30860992,jessicaellis1230
30862283,kt4198
30862985,Nancy Mitchell
30862989,ovi
30863380,chavisharma981
30863397,Laura Vinasco
30863677,03liliafer
30863932,brandyhosker
30864045,jenniferamerie
30864198,tawnylpowers
30864238,quinonesbeatrizz1
30865361,angelene3coronel
30865679,Zunilda D
30865732,andreareverett
30866727,montague.kathryn9
30866905,emmieheils
30867004,veronika Ilyshenko
30867204,momwifevibes
30867451,marypatap2014
30870183,flykicks85
30870300,asyajanae
30870483,christys.management
30871139,tarabbloom
30872396,brittanyleigh2
30872509,Martha Gulley
30872726,Ann Rivera
30872980,lovabledreams3
30873060,brigitteboulay
30873342,Sydney Yuska
30873422,morgan
30873482,iboughtit.youlllikeit
30873769,rollanddesignerdisneybro
30874253,annakatherine.kirk14
30874580,mishj111
30875294,Cheerockafellaa
30875309,Charlotte Sendi
30875313,Renae
30875336,Nijah Williams
30875373,K Y L I E
30875519,Peyton Lindley
30875545,Bendystraws
30875549,viviana 💓
30875691,rashaaak
30875858,Onochie Lives Well
30876466,pinkglitteraesthetic
30876531,scarpacheco610
30876754,samanthaculpcc
30877663,Charlette Harper
30877788,jennifer_posas
30878783,quierramitchell
30881177,ayana.hamiltoncontent
30881434,nheberlein24
30881534,kasandrakendrex
30881774,ourhouseonhomestead
30883342,mylasnyder23
30883455,jsbaum2
30885485,Annabelle Garner
30885694,christinadherrington
30885758,lisabartoletti
30886000,coupongirl2026
30886016,Mandy Ziebarth
30887762,barbarazorak
30888504,happilypaintedhome
30888670,Megan Carlton
30888699,ashlyn.mann31
30889888,averylouise
30889958,taylorchaggins
30889968,nicole13sherrill
30889970,beeandherbirkin
30889990,danielledchung
30890013,misstee_94
30890021,janiceestrada.sahm
30890022,madisonljackson
30890170,beautywithpearl
30890184,dramathegoddess
30890237,shuree_letise
30890238,hannahelainn
30890245,peytonholsinger
30890277,hdptravel
30890278,It''s Binh (Been) Repaired & Everything Reviewed
30890388,wifeychat
30890389,goldenoreoe
30890419,atldessertguide
30890440,mainlyjilli_
30890445,lannirivera
30890467,demonol
30890697,Kaitlin  Capaccio
30890760,marlenetaveras3
30890936,hannahgrenz
30891188,NICOLE LANIGAN
30891553,irbkayla
30892201,sofiejerina
30893117,Danielle Rech
30893293,Tina Torabi
30894069,brittaniperry2013
30894097,Grace Marchand
30894146,nateouzts
30894393,marilurebeauty
30894476,noelle ajie assanga
30894827,Kristie Jones
30894860,suz.pagel
30895211,apinkn1
30895328,nicole.lincoln1991
30896012,colero06
30896141,ellisnancy_ugc
30896672,jenniacook
30896836,anakarenherrera_89
30897042,Kyllie Taylor
30897170,victoria.mattoon
30897556,Christian Ashley Brayboy
30897804,lovedbyjade
30898275,mommabooktok
30899306,contact
30900503,wilson.quesha
30903573,hannaherrn
30904947,Boston
30905023,Kayla Roberts
30905268,_lovefordecor_
30905288,_randa.g
30905295,goodnightkisses2
30905303,patience.n.grace
30905324,jessisladoll
30905326,barchichat_home
30905350,Nuri Joseph
30905377,lindsey.winn
30905382,stickynotemom
30905413,natbrat83
30905428,nicsofancy
30905438,mommyjas777
30905470,kristianhenry
30905525,angelinamontoya98
30905541,lifewithnancyfancy
30905543,erin_highway3
30905554,skinmantra
30905558,wvgurlkella
30905567,ashleighcsnyder
30905570,mombrain.brittani
30905571,kwheeler1996
30905603,lifewithkatelynedwards
30905604,juliacolon86
30905608,itsleslyjiuselt_
30905609,lauren.m.morello
30905616,kaitlyn.diaz11
30905617,julisaaaxvo
30905625,colocraft
30905631,kushterbeauty
30905637,jv_love_coffee
30906113,contactimjujup
30906488,Natasha Diaz
30906856,J Serrano
30906866,lifewithezzyy
30906871,genevievelfranz
30906873,afiorelli1986
30906938,styledbyxibo
30907073,kristen.bowles
30907090,contactdeannadr
30908018,Tanya Romero
30915994,Jaanna Curse
30916309,gennellet
30918606,diamondmonae25
30919117,favierisarah
30919486,asiapurnell
30921778,danielleray64
30921796,m.rochebeauty
30922137,crys.bosse
30923975,monixo.ma
30923982,tonyrconaty
30924284,adriennejackson908
30924345,jndngirl
30926211,odellaminata
30926581,j.rob65
30928451,isabel.xo0715
30928943,avatro23
30930480,kiara.arielle
30931284,Marissa Wheeler
30931314,janelle Leon
30931348,mimundoconcupones
30931458,M
30931499,candysenette
30931513,Angie🦋
30932098,kelly
30932182,davidlpeters1
30932783,Nikki Nicole
30932978,ferdijudeline
30933002,kianastadlerr
30933103,quettashabam
30933221,Rohelyn Matas
30933514,Elise Elbourne
30934127,thelupusfiasco
30934337,desertdiyer
30938135,Jordan Weems
30938980,dvkotarivers
30939558,Niki
30939728,Kim Tran
30940225,lorieveugc
30940824,Libby Loving
30941260,Grace Desbien
30942030,Kelly Gomez
30942037,thatgirlgunay
30942040,y_yatsenko_
30942041,kateshytry
30942044,Christina Luu
30942051,heyitsemy1
30942052,gabrielaabm_
30942061,ashleymoya7
30942075,productsipaidfor
30942088,emilygbiscardi
30942089,bahafreshhh
30942227,juliammurphy
30942239,bellaaswansonnn
30942244,juliahere0
30942254,kayscloset_21
30942258,jasylinecuebas
30942259,felici_khan
30942261,kelsey.autumn
30942262,lizagwrm
30942266,amyrosehutt
30942273,helenafilipe
30942278,brittpaigem
30942403,hannahhbanana154
30942428,neeks_me
30942431,sydsupersecretacc
30942436,lexii.xe
30942453,sarahedougherty
30942454,charlisvob
30942455,luciigabi
30942456,Ari Deprey
30942476,thecookediaries
30942743,fiji.ayisha
30942756,Pearline tan
30942769,_jenifer___
30942808,carocarocaro104
30942862,kimberlyshuman6116
30942873,msdee_931
30942894,pretty_perfume
30943406,cindydastine
30944046,franshescax
30944059,chloepersily
30944363,Bre Evans
30944643,mjpakolaa
30944775,Taylor Banks
30945335,fadeolayusuf
30945473,nayarittavarez
30945767,leah.k.bayne
30946012,jennavandertill
30946236,leylacreates.co
30946678,karamataele
30947848,ninybett1992
30948013,lewis1life
30948531,Made From Scratch
30948916,maggiesouthern3
30951709,rennaecreates
30956468,Abby Sheehan
30958113,charminghomestead
30958711,debbiediscoversatlanta
30959546,ctatianad
30959550,samiiboodavis
30959802,lowery147
30960272,Guilable PR
30960387,sbond72
30960734,tessstickles.ugc
30960923,lorib.ugc
30961008,bad.fam.mom
30961096,hannahoverman1024
30961111,reviewswithav
30961313,Catherine Johnson
30961319,roombyroombygv
30961690,smckessey
30961818,Tanya Close
30961849,ugcsairepnc
30961874,avamarieschroeder
30961908,Fernanda Abone
30961963,mamaashleyx4
30962205,mebhohon
30962343,todianaaa
30966503,catherineugccreator6
30967078,orellanayusmeli4
30967434,saragracemauldin12
30967870,toriscollab
30967991,jazzelejones12
30968001,collabsbygiharyar
30968019,karlacoorderoblog
30968291,pinkwithsonshine
30972974,mamamorganrn
30975238,thatarabgirly
30976842,traceyparece
30983703,manicole2007
30984438,carolinejulik5252
30984850,Emily White
30985266,robinson.petra.14
30985387,sabrinarempp
30985396,lexxjenn
30985423,ykreneeee_
30985435,shelly_innovative
30985467,sncraven
30985468,soleil.beautyco
30985522,Michaelah  Ducharme
30985532,kaurzeye
30985537,shoppingwithsky
30985544,themommichelle70
30985718,monicasvaultllc
30985783,Brittany Yeahl
30985790,vichkey_
30985822,higgybear20
30985823,amberjoy99
30986443,avelina_p
30986557,amanda.discipio3
30986563,Hannah Scarcella
30988003,niajugs
30988914,Ashley Howard
30989230,Veronica Carr
30989302,megpatel0515
30989566,berkisfg05
30989636,laurynwiltshire
30991581,Emese Dine
30992179,olsonmorgan2012
30993615,Lena Ramirez
30998532,caihenson02
30999115,kfcmmngmnt
30999283,mohurst73
30999863,mzraiyne
31000065,drepugh90
31000164,thomas_torrie
31000205,brickbybrick1223
31000342,Rachel Liang
31000402,Jewely Emerson
31000694,cepedasonia
31001042,myajeannine
31002514,kristen11kj
31003668,imjacitee
31021269,Meg MacPherson
31023018,trohimenkoola2
31023088,detroitdope.management
31023185,paige.mccormick409
31023335,susanpodrez
31023998,mcmasters.kate
31024732,thatnichmom
31024747,ana.mom.life
31024882,thebreejohnson
31025584,mld8597
31026124,stephanie
31026632,lori_sawyer
31027119,dinafmass
31036601,rosecarpinteyro24
31036628,jmnb22
31036687,zahriaharvey
31037069,brittanygibbs324
31037909,Cassidy Jones
31038351,survivingmomstyle
31038804,cgeesa
31038905,itsyenyv
31040362,swati.642.soni
31041771,jaylen💪🏾💪🏾💯💯
31044224,kimberlycarterbowens
31044384,Eduarda  Ferreira
31044590,frankisca
31044692,sammeliaw
31044709,thejasminefleet
31045795,driacollabs
31045858,vandiawilliams
31046157,Daisy Vaisburg
31047502,softlittlestyles
31048026,andyeltoro17
31048467,Lorena Rodriguez
31049640,Brit
31050034,brianneclymer
31051814,Cynthia white
31051975,liannemadorsky
31052152,Carol Jakubowicz
31074827,rogers.bria818
31086470,osieeelaguilar
31103684,suramirez1791
31106700,iamkeyhorn
31128643,hcwells83
31129947,johnnyshomechatt
31131861,rudy.miles
31141303,nasthiamercedes
31142253,Marissa Castello
31147926,gmtnmom
31149579,axibontrager
31150588,mbadensky29
31151220,selina_sterlingrivera
31156259,Tracy Martinez
31162191,jdjohnson204
31166623,createovercompete
31172180,lulbaby645
31172837,jharnems
31176828,Selina Gissele
31184927,thedrderin
31205161,beemh91
31207003,Afro Elegance
31207004,Chiara Zuccolotto
31207046,Jandira Macoba
31207146,kelliw54
31207333,sugarmckay
31209487,latoniayoung6
31209606,mckennacollabs
31209629,Lindsey Bruno
31209649,sammiecorrentehome
31209822,tkachcreator
31211493,brookejosserand
31211953,mariamvillane
31212762,Markees
31213504,Twecker
31213572,ChanceTheRapper💚
31213631,codijackson
31214545,barrierislandid
31215953,khaela_l
31216906,atlpeachyeats
31217113,Shannon Jones
31217269,Tevin Milton
31217810,Savannah Jones
31217890,laurenmariemiller
31218144,jaykharroubi
31219470,ugcwithaudreyy
31220216,ugcbyclaudiaa
31221528,Deirdre Duddy-Kennedy
31221958,caroline
31222064,lydiarutherf
31222659,keyshlacasillas21
31222965,caitlynhardesty5
31223616,lilapeden
31223823,latonyacutno
31224217,oleseav_chiu1
31224917,forsuchatimeasthis1277
31224961,Chelsa Suls
31224972,jpoloniecki
31224999,ladyk1386
31225005,xjaelovaa
31225020,ayah
31225029,akearahj
31225035,janemkshin
31225256,veggiemagnifique
31225282,itsyvngkb
31225302,Vion Britne
31225311,okayshristi
31225321,livingthelabradorlifestyle
31225325,sheaqueen07
31225338,anh_lee0114
31225848,thefancymom
31225962,jayejrosee
31225995,the_olsons27
31226013,bymariferarve
31226014,silvannajim
31226940,julia.rao94
31227223,Michaela LaVerne
31227241,moeshaabrand
31227719,emmapulley27
31229067,jennidelacaridad20
31230741,heyjaree
31231365,diybandit
31234173,Kuulika Tavares
31234441,Elizabeth Jorgenson
31236423,Danae Cole
31236864,collabs.tata
31237276,cmelhorn
31237900,j6pack
31237926,andreina25.ao
31238221,courtneyljohnston13
31238633,India J
31238642,devmclaf
31238906,ashlynsaurie.collabs
31239062,masltaniya
31239750,tequitra.gray
31245917,cassieseger
31246045,kattnotjustamom
31246613,meganelizabethbritt
31246673,mekaovang
31246959,Mary Sanfeliz
31248725,meka092479
31251748,hi.immikka
31252135,renauandco
31252384,juliesummers0709
31252433,jennastarr6
31252481,laurynbullock67
31252620,auquaydean2002b
31252707,lisa
31254245,terricamoorman
31255046,stefanyg_26
31255485,wrightbrandy75
31255560,czimmerman2025
31255678,booklaurenjai
31255749,Carson Williams
31256115,Maggie Widener
31257038,Miranda Dynowski
31258335,brynn.page
31258555,ugccreatorjoyce
31258872,jamie.leigh.123
31258880,mzkittyboss
31258884,centedcece
31258887,lizmarymarie
31258917,la_jones4
31258927,glowupwithnikita
31258932,jassyxoxo0
31258938,lore_maikel22
31258955,k_a_t_i_e_1234
31258985,sammies.bakes
31258993,kristenmilauck
31258996,button.n.bangle
31259022,lifewithmarleew
31259028,lobster.bunny
31259038,meghin.furniss
31259078,cierapinkerton
31259096,bayleerandle
31259101,photowithlaurenb
31259112,meaganadams_
31259114,stephwendle
31259121,michellebaub
31259140,imhannahcarr
31259143,hannah.juliet
31259145,mrs.addisonruss
31259177,mrskarina
31259180,juliana_renda
31259182,shylebracharles
31259189,torie444
31259203,gloriacolleywade
31259236,sarahxtr0n
31259246,briofmke
31259280,chelsey.ritchie
31259290,ryrymariee
31259329,michel_felix_
31259375,Savannah McCarty
31259451,bmchampionn_
31261983,Dayna Godsey
31264543,kennabrown123
31264752,Zapora Searight
31264896,ugcwithelli
31265070,Zena Slaughter
31265080,beenabeantopia
31265102,aarnoldcreator7
31265318,Kodi Hayes
31265591,Torri Williams
31265667,sadejordan004
31265710,cardenric
31265812,ricocrb13
31266319,Ro and AJ Burgess
31266421,Nicole Ward
31266891,katcollabsugc
31267176,Elizabeth  Espinoza
31267269,Jennifer Turner
31267373,shanteriasmith718
31267641,nicodanisfran
31269778,pamelarivasfigueroa9210
31271475,Brittany T
31271567,cristinaking121
31273108,marwillreyesc
31273181,nicolemfussell
31273506,daniafernandezmgt
31273996,jenneiferjones
31274423,gretaaanderson
31274453,darcievargas
31274465,ogclaunch
31274493,triniwc
31274496,lifewithdewitts
31274511,ogxari
31274522,gms30616
31274547,kaylamomfinds
31274554,cindyjewel2
31274560,jackieanddebbie
31274562,anahiisilvaa
31274653,beautywithjas
31274676,kyjahxrose
31274686,stephanyrey
31274701,boymomminute
31274706,daceeyyyy
31274708,abbbbbeyyyyyy
31274710,vikiwithlovee
31274713,sobes__
31274714,samstephens__
31274729,kaydence_lynn
31274730,taylor.dyne
31274733,living_with_linds
31274735,celyrecs
31274740,heymegco
31274741,jannel311
31274744,sammiteeooh
31274750,eileena_marie
31274775,narasamuels
31274784,kellyykerbyy
31274838,theylovegabby95
31274840,brit.xo
31274863,lindseytaylor_
31274866,mariashomestead
31274867,shaniii01
31274874,breonashanel
31274890,ajchanggg
31274891,tiajamone_
31274962,mayeburitica8
31275271,nberenboym
31276158,rubysilvera
31276290,ceciliaunpingco
31276804,Lovey Edge
31277083,americahenry01
31277448,ashlee meridy
31277483,Amanda Mays
31278314,chasingryans
31278435,diazkelly.2020
31278504,Andrea Hayes
31278561,usriyusro99
31278596,kishacreatesugc
31280911,beba210221
31281323,mariolicollabs
31282786,azjah
31287404,parisfranklin98
31291558,irandyru3
31296927,mynetriajones7
31305515,carsondailycollabs
31309029,contact.rosieaurelus
31310545,arlothegerman
31312717,andriiana.hrytsiv
31330221,Ria Janay
31330895,Aimee Benisti
31332225,leiyaunam
31341546,Tesha
31347396,yourdearhome
31349191,Catherine  Suriel
31349446,sparrowhouse.dc
31350371,trellasboyz
31352429,brittanyderoche45
31352961,styledbybellecreations
31352966,imamyna
31353016,mariauxi1789
31353301,harryandebonyclay
31353924,meli4ccc
31369050,kelsea.wolf
31369121,anaittayem
31369691,bebesinthecity
31370332,vicki.beachlifeliving
31370371,janeeleecreative
31370948,paigeoliviacollab
31371529,michaelfrs09
31372050,jensteele0723
31372123,raquel.romero56
31372235,kristennicolee.pr
31372268,heidiannhan
31372355,hello
31373008,thishomeinspires
31373107,cece4lyfe13
31373350,kccrowell
31373363,caitlinroreilly
31373391,chelseacorrado
31374014,Taber Feltner
31376713,kailey.burress2006
31376860,thekristen.mikayla
31376955,itzelmtz929
31377086,joanneashley23
31377207,yoha56
31377272,cjackson816
31377286,pinedaheidi12
31377516,jrminfluencermgmt
31388196,lauracarolina.blossom
31388342,melyguerrero26
31388364,lisaa_mmarie
31388367,carlymandax0
31388368,skylarkeen40
31388376,elle.tts
31388395,njh.197
31388432,delmimcuellar
31388437,ivethresendiz_
31388451,nikelakeya_
31388453,sophiaelliss
31388454,krissey_weighs_in
31388456,learnwithmsr
31388457,rachelandstella
31388483,sparklesteph77
31388495,autumnkatee
31388503,mamamarieofthree
31388511,cambri_dean
31388512,iam__fabiola
31388520,kq.lovesyou
31388526,shoppingqueenri
31388528,jesssica.blanco
31388531,madison.mcgowan
31388537,kailanspage
31388538,akneeland7
31388539,yourbestiec0urt
31388541,amyshamblin01
31388549,celinempaone
31388558,monirithy_
31388566,missmedtechtoker
31388576,yourdarlinglucyyy
31388629,courtneyahoward
31388633,udontknowselena
31388646,kylie.meyer
31388657,kayladianna_
31388670,michellecastrosnd
31388675,janie_kamaka1
31388676,loloasaksu
31388685,brooke_ingraham
31388709,coleeworlddd
31388719,amina_siddiqui
31388723,monicaramos_va
31388751,courtneyyy.ccc
31388755,mugetuna
31388760,ajolynnn
31388763,imjustababynurse
31388764,kaileesdumpster
31388765,j.anneli
31388770,suzyyperez
31388784,lexileap
31388800,▫️Shanice▪️
31388827,cambriajean
31388829,ceoofnapping
31388835,lateshiab
31388836,mrs.jax.on.that.beat
31388957,jadencholder
31389202,Carrie Dodgen
31389569,planesandplates22
31390073,Tiara Makia Baker
31394451,garciakimberly21
31394785,hi.k0ristina
31395578,hbuc32
31396206,sschoop06
31398394,Lauren Brantley
31398571,rhondasdesignco
31398593,espinel.betty98
31398747,kayypaola
31398838,mmmwhite3
31398930,findsbysloan
31398951,stefenia.thompson
31399075,ivory.home
31399121,msdee3
31399334,Nuwoe Wornor Toe
31399361,otsacredscribeworship
31399485,hollies.hotlist
31399569,Ryan Lavender
31399591,michmacpaddywak
31399593,neyacollection
31399771,Wayneisha Jefferson
31399936,jaiyvette11
31400032,Jaclyn Lone Elk
31400069,cberciaga
31400075,slosssweeps
31400122,ugc.contact.vp
31400192,essharess
31400310,brookeeberceau
31400341,Kadi Crowell
31400363,meadowbrooksouth1
31400376,Francisca Shaw
31400377,bamodei77
31400462,keylahomedecor22
31400747,rmr204
31413263,nettie.clark
31413567,sudhapoppy
31413694,shaynabode9723
31414438,philipnvu
31414445,imvictoriaryan
31414693,ashleynoehring
31414775,laylqpolanco
31414836,the.camo.cowgirl
31414865,xoxomarg
31414880,catiesanchez
31414886,fluharty.christina
31414891,internetprincessemma
31414894,andreabz_
31414896,gisellemonique__
31414900,kayleen_hewitt
31414904,jessicanicolemerrill
31414931,_moniqueyyy
31414947,queeenkiii
31414977,ladylugoooo
31414980,isabellasiniss
31414988,drs.hoyt
31415041,facekardbykofoj
31415042,maurakenttt
31415045,kuwsteff
31415050,frenchbulldogbehavior
31415055,dajianchristinaa_
31415062,shannon.nicole.be
31415063,carringtondemayo
31415077,mrandmrssniff
31415081,freedomjimenez
31415086,amiesbooknook
31415107,bunandmaddy
31415111,itsjustjanette
31415119,Sophia Hofer
31415156,mayyonays
31415166,jazmyn_janae
31415189,jendemchuk
31415190,carlypic
31415201,_ella.katherine
31415203,ken.johnstonnnn
31415206,famousgirlontiktok5
31415214,francescajacquelinee
31415270,thejazminguerrero
31415273,sunkiss3137
31416472,lacey
31417147,tiffanysherris1
31428946,anerdcooks
31429015,Josh Borden  Food + Travel
31429196,llcjkebusiness
31430390,russoamber24
31431598,samstylehomes
31431751,ashlyn_scott
31432114,Guest Account
31432311,upon.the.wildflowers
31432320,sheenasells
31433472,veeology1
31434220,amaathie
31439563,kylebush2000
31447448,collabs
31447591,Karina Rodriguez
31448002,weiss.abbyj
31453942,kamcrosbyugc
31454254,lifewithtiffany77
31454732,carolbell129
31454752,haileyjonessssssss
31454787,thechefandthebakerrva
31454864,sanjayranchhod.dre
31454950,birchhomemarket
31455075,cupcake.queeenk
31455082,olgakarely
31455124,hoperomeo56
31455214,lindseysawyerugc
31455741,latriciabylatricia
31456280,courtney.peterson77
31456896,joan.d.scribner
31456978,camille paquette
31457422,thebowfamily12
31457423,ohhdanielle
31457459,bookingmadisyndior
31457526,domoniquewoods4
31457624,8cycledwood
31457628,ruhamah
31468394,hmarynb
31469380,reenata.candido
31473349,kyriedk
31473854,familiaunfiltered
31474025,Taneshia Blackwell
31474677,sweetsunflower8869
31474741,Akila Hunte
31475291,favefinds6232
31475608,Lindsay Pohl
31476349,hello.graceyjacobs
31476552,brazier.cade
31477146,ebnflo.collabs
31477220,archillechery
31477236,livingarchiveco
31477529,creator
31477557,Jessica Bishop
31477643,juliebreslauer
31477707,andreajowdry
31477919,Cieraa Wadley
31478080,bookingkvmya
31478323,tasnimislam220
31495246,𝒦𝒾𝓂𝒷𝑒𝓇𝓁𝓎 𝒢𝒾𝓂𝑒𝓃𝒶 𝒬𝓊𝒾𝓈𝓅𝑒
31495295,awildclinton_
31496352,style.fetish
31496356,hbabyy.xo
31496413,stephdevirg
31496415,bitsofeliza
31496420,ourlittlestjourney
31496434,ginger19665
31496446,lissetswenson0811
31496459,ashmona_tv
31496473,shannongraziano
31496477,janay_ttsbestie
31496483,chant__33
31496524,bysimplydanny
31496635,lifewithbabyoande
31496662,hannahecampbell__
31496667,dgrosklaus
31496705,bshaylam
31496708,gabrielljocelyn
31496710,jamitagill
31496716,Ruth Obadeyi
31496722,karisiiu
31496724,Sydney M.
31496740,jerica1322
31496743,danirenebeauty
31496752,charlotteradice
31496759,gabbi7922
31496768,lizarita901
31496772,karinaperezra
31496929,janane.tan
31496930,makeuplayground_
31496937,gentry.1
31496945,abiggaaaaiil
31496962,karensuarez17
31496985,sara_smile00
31496987,establisher414
31497016,thekristyguffey
31497022,mygirlessence
31497024,kelliecreates
31497025,savewitherin
31497028,blahitsmebri
31497034,joco_llc8
31497036,andreaeespanol
31497063,agnesetoska
31497958,atlgemz
31499022,Shanon Ford
31499023,chardonae30
31506248,averyebowden
31507240,E'Layjiah wooley
31519339,businessbygenesisllc
31519399,erin.cosentino6
31519634,Chelsea Fields
31519718,Sakeya Wilkins
31529908,simplyhappyboutique1
31535032,kiandra.daniels7
31536602,Francois-Yves Auger
31539204,Sade Mason
31539680,Jahmar Hill
31540034,thedailycaragan
31540890,gakosyam
31541042,claudiarosebarr98
31543756,sabrinaxugc
31544153,betseymia
31544246,ugcbyolena95
31544620,gibbsrushona
31544652,miacollaborates
31544664,Amber Prince
31544759,pennyscroll
31544764,shelbygracem.partners
31544897,contactanniech
31544909,Mary McGregor
31545008,SpoonFedStudy Team
31545197,Jenna ZoBell
31545674,michellesicble
31545827,brittanymigas
31545840,glantonsylvia
31545902,Wendy Yates
31546225,itzbritt99
31546550,kima224
31546568,kareemwilliams1991
31546619,janz.nailz
31546712,elexisraiford
31546724,nataha_shaw
31546739,kelliequintanilla
31546871,tjordan0507
31547282,bellsbeautyxo
31567590,tamikas.ascension
31567913,tatarozerdesign
31568881,luxuryvibesonly
31570593,victorias06
31571640,sarahhemmila
31571660,shatoria.douglas
31571685,i.11krasnovamarina
31572488,marjasanee01
31573546,Stan The Man
31573804,rubyramirez860
31573913,anthro.apologist
31573924,exquisitelyunremarkable
31573925,joelletirri
31573953,franczeskax
31573963,Michelle Zad
31574004,paintitupchesnee
31574926,jilldonnelly8
31575100,houseofamechi
31575456,raysa2325
31575651,baiifernsss
31575749,gowithgunardi
31575929,homeagainwithmeg
31576005,ashamybasha
31576119,Kathy Buczynski
31599917,findmaggiemay
31599926,embenderdesigns
31600820,sashar646
31601275,Monica Brookie
31602802,garden_and_grace
31603028,addymurphree
31603104,cfazenbaker07
31603378,sincerelyfarahh
31604119,sarah
31604913,kassaundrabretten
31605183,Tasha J.
31605299,The Mommy Pro Shop
31605638,hentonkaitlyn2
31605645,Stephanie Dattellas
31606032,grob0802
31606590,smithdorothea67
31607027,jordanashmarie33
31607091,felicia22790
31607107,martyseagren
31607195,memesunshine.ugc
31607220,jamelianh
31607327,tomasikbooking
31607809,brittany.watson.ugc
31624168,amandajones.pr
31624300,minipaige2003
31625987,Madeline Mayer
31626025,michellemamann
31626064,mslatiahopkins
31626135,Andrea Gault
31626338,adrianna.berry
31628600,bellhausstudio
31629072,nmoering
31629116,michellemakesloans
31629226,taylorlowcollabs
31631268,deytondeller
31631735,jocbenton
31632429,kmooredecor1
31632601,isabella.s.doherty
31632731,ᨏ B A T M A N ᨏ
31633053,taryn
31633120,jacqui.elliott
31633123,collabs.mariahs
31633257,darlingducky.adv
31637383,tanyaelizabethcoupon
31654760,deja.anderson.ross
31657392,daniweatherd2021
31657744,lexxmasee
31658321,bri.schappell
31659077,sincerelyennitra
31660583,kwin_mina
31660873,carolyncweber
31661183,oksana.9327
31663049,Mrs. Kiara Monique
31665407,Jess Grimes
31665768,abreonabarnes
31666109,michellelamuse
31666113,Jaici Lott
31666114,atiya.massenburg
31666155,Shenell Mays
31666408,Tatiane Camparin Raso
31667019,mrs.sharayvoss
31667954,tiffanyorozco.rn
31668673,India Chism
31668681,brishonw
31668870,olufunkdebz1
31669000,rainbowloverbruna
31669083,prettigirl.meah
31669222,Andrea MacKeen
31669661,anaozoria504
31669745,kmbr_lee
31688544,mofenty376
31688650,jasminekembel
31688820,chefkimbow
31689932,doe_jane3k
31693082,tiera.graves5
31695763,ababbley
31696025,sahri9809
31696329,lifewithraudel
31696346,tyshaadkins1781
31696740,innerbeautycollabs
31696749,jared.gravatt90
31696879,fjunious
31697050,tiffanybryant4321
31697082,adjoaakuffo
31697862,flawless.miak
31699559,catherinebontempo1
31699625,mcintoshme
31699643,thecurateddwellingco
31702532,muuvaax2
31702569,Tamera Sanders
31702588,Artieka Townsend
31702604,hannahleiburns
31702636,Andrea Watts
31702769,simplywelles
31702818,work92work
31702876,Skylar Greenberg
31702943,kambrebrown205
31702964,ritzertshannon
31703032,jenntuerkcollabs
31703431,fivetrailshome
31703783,pimperphotography
31728064,colesteven11
31729014,mmcghee417
31729330,jericassimons
31729429,pboakshop
31730162,damaris.ordonez14
31730235,Brandy Nelson
31730678,yasmin.ponces11
31731062,Tamika Ramonda
31731124,Shyama Bhatt
31731636,kara
31732629,veestastebuds
31733022,reneawilliams876
31733029,jfaubus2
31733319,jackie.latronica
31733364,naomi.graycollabs
31733662,annbaty90
31733801,Sherry Corgiat
31738342,mariviavilae
31761327,daviaperesolak
31763774,kaymustapha
31766303,honeystyledhome
31766461,energy2radiance
31766921,shelbymixon_
31767133,deaviahill
31767749,martaskaric
31768410,tinebeancreative
31768606,dlynnsmom
31768618,shantiajefferson
31768647,athomewithtee
31769201,Amirah Campbell
31769302,cathyaholly
31769343,aswizzbizz
31769406,sororityrushcoach
31769422,jma000335
31786294,sbacher227
31786363,selanier11
31786687,miaevargasr
31787008,baileybosticxo
31787010,kaykaylackender
31787011,plantanarts
31787028,rosemariemakeup1
31787029,briellesbffs
31787042,_tamikanicole_
31787054,emilyserrat0
31787067,denisechy
31787085,stephcarohill
31787111,simplylashari
31787328,simplysammyk
31787333,itsjen.ugc
31787334,soyzhaniya
31787358,kjswei_11
31787509,taylormorganhome
31787524,thenameissteff
31787731,taryn.milnes
31788202,luzstephanie25
31789322,team
31793624,Victoria Skrlin
31793814,ugcbyhadisa
31823980,nadinmiami
31824366,Isabela Romao
31824891,Madison Klosterman
31833032,chelse.gunnels289
31842006,zoearrastia
31843348,momlifetolife
31843526,mamtanarvekar
31843596,Wayfair Creator
31843762,jess.and.danielle
31843792,pr.kristinap
31844111,Garrett Massey
31844224,thatfine44
31844345,novakh.ugc
31844352,Angela Shelton
31846287,kimberlylove1705
31846854,smurphydej
31847547,VANESSA SAINT
31848632,itsjustlillyk
31848733,rmf13425
31848737,mbyoung109
31848738,Jasmine Pittman
31849394,Jonnie
31850476,acreeolivia
31850494,Kiara Harris
31852423,gabrina.bell
31853567,shopbryamariee
31854050,eminunubusiness
31856047,storiedinterior
31856510,thesativapapi
31863108,anna.ugc.ilina
31863557,kristinmaryy90
31864917,suzettemartell
31865292,shinna12
31865306,kelley
31865588,brittscozychaos
31865910,mamaneedsstyle
31866169,ivory pervine
31866219,kadiegaiser
31866252,Jazmine  Clark
31866324,Francie Rottini
31866380,sorensenhadley
31866384,cmeytin
31866556,dr.adrieraso
31866610,brittanyrmixon
31866634,karen.r227
31866805,jennmariacc
31866927,shiwanvl4749
31867092,Keiundra Thompson
31867137,cyreneclimaco
31867469,liberace.ltd
31867785,igeehomedecor
31867792,kpharper2570
31867846,collabsbykurvey
31868132,Raul Aquino
31868286,hvirnig.1
31869749,syan H
31871249,lc.castagnola
31871265,kristin.marzullo
31871295,prettydeedee1
31871433,shirleystefanski
31871629,anyakuchiyash
31872513,Wendy DelDebbio
31872673,southernbutterbooking
31872863,candisurdesign
31874528,Lauren Henderson
31874787,ms.fontenet
31875566,bookwithquaipromo
31875640,Monique Kret
31875948,kat.selfe
31876070,fizakhan21
31876579,asinglefarmhouse.ish
31877045,frannycugc
31877077,janyanwu25
31877454,rajeeni.patterson
31877617,nekibosh
31877924,dearcierra3
31878440,hisapo.studio
31878534,kxperez1982
31878713,mmooney1970gnc
31880403,partnerships
31881855,Zyn Tyquia
31881874,showmemegan
31882761,sparklingjules7
31882763,kristina_vega_
31882767,mrsdejasmith
31882772,makeupbymoniica
31882775,sydneyshander
31882781,chefbellaflor
31882788,withlovesophh
31882791,kimberlymaeh
31882804,itsbrianarivera
31882836,manahlikefromheaven
31882844,dishinwithdelaney
31882854,naomiorona3
31882888,stephyyus
31882894,thebelleblonde
31882950,Emily Cohen
31883005,blairrudd
31883269,pivpins
31883324,carolinefischer.collabs
31884226,Ace
31885790,motleyhues4
31889354,barbaraanahizunigamoscoso
31898827,hmcoash
31901473,Emilee Rollison
31902057,busybrilliantmom
31903932,Kelly Flanagan
31904668,joshuarusniak
31904780,Dominique
31905127,jaclynbenham
31905244,chlomydarling
31905257,lilyt16
31905261,cyn.views
31905279,hanna_west
31905287,colleenhigginbotham
31905294,jasmine_jimenezz
31905299,_unknownfashions
31905305,abscat94
31905361,hannahnbunn
31905374,thepurpleplate_
31905383,andtwogirls
31905460,tayreev
31905471,motherhoodwithmeg
31905495,Faith Williams
31905501,rose_summer_wilson
31905505,stephiedaw
31905535,nanahassaana
31905536,elissaruiz23
31905538,b.atiles
31905561,xo_brimet
31905569,iamayshab
31905598,Wayfair  Team Member
31905679,ambersharel
31905691,sydney.grace25
31905765,villamar.caroline
31905831,camilaprdmylla89
31906376,Brittany McGraw
31906404,noemitiktokpayment
31907255,partnerwithkiana
31907303,dhlkc14
31907349,velazquezz.jesss
31907466,Waqas Tanveer
31907546,itsgracecollabs
31907568,jesswhite285
31908150,chippaul22
31908154,Brandy Roberts
31908427,brit110510
31908435,nexxtjjen
31908625,pinfluen
31908712,Amanda Wang
31909790,Lone Ko
31909901,toniddarden
31912840,samirasuhyini
31913368,mchenry_lauren
31913411,Jaden Farrar
31913413,Michelle Escue
31913477,shopwithamandaa
31913611,designsbyadrianna2012
31913672,tgcaydogan
31913702,idapritt
31913705,zaireglenn99
31913974,hello.jessicadelgado
31914057,maggiekaymedia
31914242,iamdanamonique
31914420,byrdshykiah
31914859,bramos89
31915033,dessi.lifestyle
31915367,jessmyers721
31915507,Hailey Thomas
31915990,averyspiegel24
31916552,info
31917439,business.krystsantana
31917479,Nilu Rustomji
31918122,Shundra Edmonson
31918930,Jessica Manfredini
31919001,sheylacollabs
31919079,contact
31919757,taylorbrittney720
31919988,texanhollie
31920091,dorianraev
31920388,dcpearson84
31920495,twotwinsonetot
31920498,granmelig
31920723,laura.vee
31920727,diamondjenkins4
31920876,junahcellist
31920952,lauren_anne87
31920970,lmroaseau
31921573,dianaf3
31922622,vishlesha_rana
31925477,duranerica24
31925618,carolineknightbooking
31925772,ivana_ferro
31925804,ayanna.conway
31926770,Matt Becher
31926863,Life On Kaydeross Creek
31926941,Loving The Hintons
31926977,brianna_zhang
31926981,klittlebreaux
31927146,rachek29
31927706,chavelinu
31931701,pretty.but.loco
31931703,Dylan Siegel
31931776,keileegulley
31931794,caesydilla
31931841,mackkosborne
31931891,trappgyo
31932463,meagansmith_34
31932465,Frances Santa Ana
31932466,audi.ferrin
31932471,pinayinwashington
31932485,rabbani_kaur
31932492,phaunsavanh
31932506,heyitsjoselinee
31932539,michelle.young.1
31932571,quincith
31932880,..manasvi
31932898,wellnesscaro
31932902,warmthoughts_
31932929,gisellee.lopezz
31932934,777uckystar
31932935,mesha.reneee
31932961,chelseakarels
31932969,skincarewfiaa
31933005,nikaeldesha_
31933010,cayjones
31933038,sylikab
31933041,theinspirednurse
31933051,esrabrownn
31933153,jenvasquezher
31933215,Gunsuulu Uranbekova
31933374,lorgerees
31933832,Shego 🇩🇴🇵🇷
31934396,ashleybatista34
31934514,kylee
31934760,coachasheruns
31934806,hxlxnyxng
31935396,sarah.gura.ugc
31935455,ekaterina.yavtushenko
31935724,cuisettejulia
31935823,Jhedo Kings
31936263,misstee1009
31936523,psqueaky1515
31936761,busybeingkaylee
31936829,s.mariecurls
31937202,lisianestekich
31937253,adilovanigina8
31937519,mariiapr.content
31937601,contentbycarrieann
31937714,ambermlock
31937883,sashaacevedo.contact
31938471,LESHUNDIA PORTER
31938476,glambylipstickrebel
31938906,sharnisashley
31939596,pamelagarcia04
31939726,laylas2025
31943179,hurtsidze.a
31948412,madirosedesigns21
31949935,triciajp
31950975,msshawebb
31951381,Siva Sepehry
31951611,dusticaitlyn
31952125,jmoats223
31953391,contact
31953857,doublespringok
31954465,Regina S. R.
31955021,Jennifer Cosentino
31955023,francescasflops
31955202,lovemykiddos41
31955209,littlesparkjourney
31955345,collabingkayla
31955689,according2chan
31955693,mccoyk1227
31955765,Meredyth Clements
31955846,michelle_bautista91
31957256,Lexi McCoy
31957715,ward_elizabeths
31958023,prayandslaywithcb
31958263,angelas0914
31958447,Rania Ghanayem
31958503,yaysin00
31958534,astille
31958605,amaneecollabs
31958612,Amanda Wixom
31958614,ivanna052023
31958925,polinakvitkevich.ugc
31959353,mattaaron
31959400,sheremeta.bozhena
31959514,thedistractaddesigner
31959661,info.carrie.ng
31959866,katie_donohue
31960167,nkruse821
31960580,mila.dyntu
31961372,ozepczyk
31961991,areveiz
31962056,havynascott
31962087,elm0222
31962288,mya.jarett0716
31962378,migueysha.7
31962456,bree55777
31962632,Kelsi Rus
31962824,ccanguyen90
31962942,quasanna2246.pmtsn
31962944,Ronysha Stewart
31963025,wonderwoman1133
31963143,1blessedmessmama
31963160,Dennis Comstock
31963519,lupeetah33
31963522,eve262372
31963678,jacquelinekwhite
31963896,marzanaafroz123
31963968,fairygodhustla
31964069,Ashley Cook
31964328,acceleratedventures
31965261,cory.twinmamatips
31965530,yavent14
31965577,sampahemailya
31966147,Kyler Childs
31966954,jocelynmeyers12
31968228,jenniferyannotti10
31970534,fitbynessageee
31970535,Lizzy H. Domingue
31970837,the_storehaus
31970852,conleyannekitchen
31970860,diywithnadia
31970863,cozyinchicago
31970872,joneshannahh
31970879,audrymm
31970880,oopsitsrayanne
31970898,naomi__vizcaino
31970906,rissyroo395
31970991,wellnesswithricki
31971027,michelleaisling
31971050,zigwellness
31971051,brittanybacskailee
31971054,stephstrads
31971137,xhdmacx
31971159,thecosmoconnie
31971163,girlmomglow
31971164,itslivstrong
31971174,macymweeks
31971212,kat.bakescakes
31971218,honesbreanna
31971231,ambergirlmom
31971237,christinekase
31971298,sar.bear
31971334,lena.noms
31971344,randigrz
31971347,morgan.s.wagner
31971355,itspiperh
31971359,gabe_thebabe
31971363,sizzlingsamsig
31971365,melriv_
31971368,joceylbarrios
31971372,itsfeliciaj
31971376,juliettew_htx
31971378,annagcoops
31971380,coolthingswithabby
31971385,mailani.ugc
31971390,eileenhr
31971398,_lindsaybriana
31972088,Danielle Sawyer
31972737,megancurated
31972799,acortes
31972872,pvue001
31974641,kjordan2002
31974719,Stephanie Mendez
31975081,thedailymadl
31975402,paolapparr
31976108,iguetti12
32002867,Heather Meguire
32003166,charmae.creator
32003957,meghmakesit
32004443,sheffieldcasahomedecorllc
32006278,rjkayd
32007284,missann.mgmnt
32007323,Meghan & Willow
32007411,maddierventer
32007569,Michelle Shen
32008470,neuza.manager
32008985,jane.createsco
32009091,jlidiak
32009316,Chanel  Richie
32009853,Well Loved Finds
32010293,Kori Thompson
32010583,xoxo.merianne
32010607,caitlinraebusiness
32011005,afernan89
32011184,jackque.ggg
32012134,eri.martinugc
32012156,morganlashea14
32012241,maggiebarrbusiness
32012282,Elizzabeth Wilson
32012816,Sheila Camacho
32022648,Michelle Russell
32023601,julsulliv
32025870,kelliroseschenkel
32026257,michmominspo
32026320,jacquelinebeltran729
32026548,bkidd1017
32026670,knhoover127
32026679,Leah Miller
32027265,dremluga.o
32027812,whitleykelly95
32027866,collabwithnesandsam
32028323,agboolahiqmat17
32028327,eboniestrickland2012
32028396,Jackie Durant
32028427,didicadna02
32028805,nakiabarnett21
32031444,abathome6
32031774,Zoe Garcia
32031907,roblessyessica
32032462,michaelevansfilms
32032619,The. Erica Smith.
32032654,Morgan
32032869,Adryanne Grace
32033043,#ForeverJavonte ❤😇
32033628,behindjoeyscollabs@gmail.com
32034419,K James
32034491,paolacrivera29
32034649,Christina Chow
32035380,Michaela Renae
32035688,lewisjaynelyn
32035725,livingbyluisa
32035735,caseycecil310
32036037,Agrima Kumar
32075255,collabwith.ashleysnider
32075284,dominiquecollins2019
32076357,Bitwit
32076487,tatatanyahello
32076705,priyankainfluencer
32076991,Nicole Wilkerson
32077029,thecharlottebee_
32081371,shes_price_less
32082197,worthitwithkat
32082274,taylorlynneaharris
32082312,drayarenee
32083402,Ben Cuevas
32083404,goldengirlwinnie.co
32084000,heyannabailey
32084439,Tara Gause UGC creator
32084825,Kate Nelson
32084930,brenda.coronado724
32085057,lizamlopezpr
32085244,lifewithkemi
32086335,bells7138
32086888,Business & Vo Nhan
32101836,bonitashowcaseknk
32103513,Jordan Killen
32104489,ana.delacruz
32105232,brittanydivinemarketing
32105458,lola
32106027,coleriki
32106058,natasha_brake
32106064,kelly.suriano007
32106069,isabelmora_21
32106070,jessie.oropeza
32106077,katieoliv_hair
32106097,meagp_
32106099,mommacarterx2
32106116,brie.warrenn
32106120,kyleemaee_
32106171,Samantha Jones
32106184,rachelliane_
32106315,dessikafrouni
32106330,kellylynne26
32106923,noreynoly
32108023,V. F.
32108193,jenniferwebb692
32108227,cjoymeans
32108234,Jessica Baird
32108366,shellie
32108421,cozeebuilds
32108921,chkormos
32108927,janel
32109152,hannah.savage1994
32109172,coffeepiano.collabs
32109188,madisoncompton13
32109410,emily
32109418,Chelsea Kelly
32109444,maryleo86
32109450,info
32109501,paulaserna0606
32109517,dupontflugc
32109562,reynajanet03
32109999,lovebuildsjoy
32110038,thisandthat98vaka
32110043,Jacinta Inserro
32110050,robnitiaw
32110065,jordanlmount
32110272,dynastyherron
32110317,lifestyledbynat
32110376,melidcreations
32110432,jasminet0816
32111014,myaspiringsoulfullife
32111076,Nicole
32111436,Daniela DiMaggio
32111701,lovvontee
32111707,Shayla Quinn
32111723,jjmontojo
32127852,noleet
32156143,homewithkandice
32156327,rocioperez07
32156481,Stephanie Quintana
32156491,karlaelisa.lm
32156702,marycatherinejordan431
32156718,jakaiaconner
32157704,influ.ann.cer
32167666,lisa
32171925,simplylaurelliving
32175552,ssodjian24
32179024,maryan654
32179595,lenabyas
32179976,laurenbwellington
32179989,a.zoetodd
32180091,victoriastyleshair
32180717,Kasca Shand
32181890,gbello2008
32242838,info
32243150,lattenorielle
32243213,hcutler5
32243601,sierraurwiler
32243608,beautyinhood
32243902,Marissa Garcia
32244939,brandi.sumpter
32245339,Jackie
32245414,Tammy Kay Ly
32246688,mckenzilanejones
32248089,victoria.lynagh
32248097,cschimberg
32248099,jadetillman0
32248107,thetorrancemarchil
32248110,belladunneee
32248125,xogabbylife
32248126,just_steph9
32248136,bookingitwithbunn
32248154,planetmari_hair
32248165,cassonbenson
32248169,serenityhbk
32248186,mulenganatasha_
32248189,jocelynbesara
32248231,julianaonthefly
32248233,mihgehl
32248248,himollyg
32248254,teacher_turns_trendy
32248258,odraa_
32248261,meganator__
32248877,quantheable1
32249137,thefashionaries
32249152,clinique0333
32249324,melamorim.ugc
32249642,kschlegle
32249643,arielis218
32249682,Courtney Moore
32250129,Jody Whyte
32253001,shawne.ham2003
32253228,katerina
32253284,joyfulcluster
32253405,team.milo.tpd
32253422,eleanorsophiegreen
32253901,syedamaryam1754
32253977,susanneriggs
32254299,lynzifinds
32256232,kanikasingh104
32256385,kynx.yr
32256523,Kyana Pena
32256594,andreea_agc
32256782,dhernandez.32.dh
32256862,A Sereno Sanchez
32256957,ogildafdez
32257519,brookebowman.content
32303199,zullyramos1020
32303547,octavia.traylor
32304208,paulibethbrown
32305573,erica.brewer3
32307262,mdh.investnow
32307401,preciousjasmine94
32307775,Jennie Tran
32308323,bainybt1d
32308453,laurengodden1
32309691,Brianna Yarbrough
32309827,naggyevans
32309833,keylaknows
32309856,tamaraantwanettecollabs
32310563,ciciliah
32310637,saradavidson.ugc
32310785,raphaellaogdias
32311746,bossbaethai
32312354,gloverantwanette
32312400,christiminor
32346598,claunchbecky
32348202,leekianoworld
32348219,Destini Bethea
32348267,Lilli Schaub Carroll
32349472,Taylor  Thornton
32350068,shauna.reachout
32350512,jsmith
32350736,shaddacarroll
32351257,pdemns
32351854,hjmedley
32351892,Paajzaub Yang
32352352,bethkelly.ugc
32352394,littlebylittlediy.kelsey
32352519,shadiceforjobs
32352980,Cassie Saylor
32353659,katiamarin11
32354412,elishataniacollab
32354453,Susannah Rolf
32354721,buffysworld
32355018,Jacqueline Joseth Casanova Bier
32355680,twomomsapproved
32355746,Stefania Ampudia
32355881,ugc.elizabethann
32355956,beckycocru
32356111,becccadawn
32386370,paigetaylor1075
32403735,Meaghan Ewanis
32403778,shebyshekinah
32403900,philocodio
32404751,franchielfitness
32404885,bmendo8
32404898,sona.drj
32404952,cuteclassycart
32404958,weaimtoslay
32404998,Amanda Vo
32405016,anissatyli
32405038,mariazxo
32405056,karlaqinchicago
32405068,joy.ilori
32405070,mirandasbeautyroom
32405091,andraajuliee
32405094,love.ronniee
32405116,naomii.nae
32413584,Adriana Siso
32418740,bookywerm
32418877,teespillintea
32419150,fnmhassan
32419594,cricutcreationsbytory
32419609,mirandaraedene
32423251,pnicholson423
32423450,jain.surabi2044
32423949,Emma Ferguson
32424063,ugc
32424339,shamsievakhilola
32424435,collabs.beautymia
32424895,queennay.3k
32425128,popin.peach
32425295,David Jeong
32426754,naimats
32426828,eatlivewander
32426834,Viola Ranjha
32426873,jaimee2001
32426922,tiffany a cozza
32426924,lifewithlizwilliams
32426931,elainnapeak
32426964,shaytaylor1024
32426996,lexi.potters14
32427004,kbarbarisi
32427046,taryn.taylor
32427077,taylor.marena
32427303,sunlightandshannon
32427393,latoyaw03
32427404,guerbisejean21
32428582,kebarry789
32428696,lillestx1
32428709,elicsiaross
32428732,Jeniffer Boggs
32428776,Gary Reen
32428945,hornclai
32429057,dhardy1175
32429536,aileen
32429825,Renee Pair
32429899,madi
32429918,emmaanneanderson28
32458898,hello
32459306,connectednsped
32459801,teddytheween
32460122,sablej2016
32460360,shonda82.lc
32460610,Sarah Kate
32460689,ashleypozo21
32461369,mahoganystapleton
32461525,jahreya
32461960,jazminecontact
32461963,issacreativecontent
32461998,thewhiteelephant31
32462302,velvet.homemaker
32462951,christianaraneybusiness
32463320,collab.tatyana
32463338,daisymolina1098
32463791,Lizbelle Harb
32463842,ewcreations21
32464038,collabjennahilliar
32464789,gabbybailey1977
32464841,ameliaannecurated
32466933,Eden Montgomery
32467285,nadiastepanova56
32468945,jesspick21
32471142,christopherjo.anderson
32471143,andre28me
32471195,shesmellsgood400
32471318,siscosara13
32503495,Jeannie Kim
32503863,marydejesuscollabs
32504070,lifeofstephv1
32504576,The World Through Our Lenses
32504707,js_612
32505088,bre08143
32508650,emm.d.roberts
32509311,goeastcoasteasy
32511130,Michaela Santee
32511349,iriartemua_
32511350,tangiethebody
32511367,betterjazzedup
32511372,buch.babes
32511378,veronicaarc07
32511469,jujucakes75
32511471,mrs.katy.johnson
32511556,jordan.cleland
32511577,luv_nomi
32511625,seanna_miriah
32511654,cookingwithnessy
32511656,julianneugc
32511658,amandascozycasa
32511680,mediabymikayla
32511692,uniquelybritany
32511693,_helss__
32511724,imerinwilson
32511849,carolinaacrosbyy
32511860,morgannnbrooke
32512169,milligan.sierra1
32512221,Geevie Wood
32512444,brizaniiman
32512537,amoureusedemode
32512590,kenzie.jade
32512600,veeolvr2
32512608,katieeee007
32512657,angelicagvtierrez
32512732,jadacern
32512925,Steph Simon
32512996,m_tag
32513149,anthonyzackerymusic
32515980,Michael Abraham
32516251,danii.sb7
32516413,heycolieco
32516561,gigiofpaisleyandknox
32516564,ngozi34
32516573,simplyjadelife
32516676,keeshyuvez
32516852,purerican
32516908,Shar Landrum
32517045,jasmine
32595080,oliviarsteeley
32595648,milasiabruce
32595938,leleburton_
32595943,itsstaceyrose
32596068,jaylyn.dionne
32596069,travelingfin4
32596141,shaboyden2
32596155,p4presley
32596184,weasleyorwhatever
32596195,hereiskriti
32596200,luslittlevideodiary
32596302,samanthafitfoodie
32596310,jessttsaffiliatetips
32596564,efuentesv3
32596946,efayelloyd1
32597510,taydgarcia
32597843,cgainey2000
32598150,momandminimusts
32598928,popetaylor23
32599790,suziemilyugc
32600083,maddiecooksaunders
32600324,Bilugu Swethavinash
32600528,heavenly0280
32600586,ieshamwhite
32601766,Mishkerzzz
32601786,thesabway
32601795,jennlexi_
32601868,glowithmaisha
32601875,xcngcx
32601905,trendymomreview
32601909,Ariana
32601914,celesteluxemakeup
32601920,lowtoxbestie
32601930,jewelss.ar
32601949,hoperises89
32601972,megdipisa
32601973,angelia.xo
32601978,kennedy.pricee
32601993,adarapowelll
32602000,demiaraiza
32602050,UC_4twKlTxuNzZXYyAuR4qMA
32602095,skincarenerd_
32602098,miratahaa
32602099,santiaramos
32602110,babyytiffy_1
32602118,nourboshra
32602129,ohmyseelena
32602145,bossbaemama_
32602152,tashingaaa.m
32602173,innaugc
32602188,jerricaconrad
32602194,shawnashopfinds
32602371,Aina Kumar
32602932,Michell Hernandez
32603182,dottik.ugc
32603255,kkennedy3198
32603281,kdailey2001
32603316,ebony
32604164,cmouton1992
32604702,dandreis.cpca
32604966,audreymoserpr
32605575,abbieodonnellchi
32605615,stephainegg
32608889,lisat6311
32612831,Claudia Araujo
32613194,isabellahenley88
32613235,ronniepignato
32613286,saradjibatche
32613510,thedintheusa
32613604,georgie_lane
32613963,thenaptimemama
32613989,Amanda Smith
32614679,_maybeemay
32614748,nejdanova.ugc
32614759,jules__1313
32614857,mariahlemaee
32615025,kareywangari
32615031,andreadisneymama
32615397,Tré Hazelwood
32615493,yawkowbanks
32619481,newradionet
32619513,karyncollabs
32621416,jennykline5
32622206,lilianaboscan3
32622231,brendha.organizer
32622784,coraberendscollaborations
32623083,Dasia Perry
32625515,Keisha Glenn
32626290,negrettedugli
32626295,cinthyanunez1608
32626385,tricedavis1989
32627335,leslieburkeugc
32627623,ugcbyamy91
32627940,stefanielovestravel
32628038,bernie
32628387,evawithugc
32628425,nairobilifestyle1
32629871,ravenkioke
32630760,chloebrewster97
32631080,thenyangiway
32631180,lavishashhhh
32631181,pieraa01
32631344,beea.pr
32631840,kristenmaegoff
32631849,makenziclaire31
32631858,d.mingo916
32631861,Lily Buschkopf
32631886,meyershomedesign
32631893,shania bovey
32631951,osiychukvika16@gmail.com
32632054,shinewithsteph2026
32632090,Elizabeth
32632106,Kam giles
32632107,mereisthere
32632136,Molly Rose
32632139,entreollasybigotes
32632145,michellebigby
32632216,ktascreates
32632256,agustina1217
32632277,courtney89picard
32632462,melaniecate.media
32632490,danaevetteb
32632516,kmadagwa
32632524,toomeyanh
32632543,jlh908
32632607,melannyoriana1
32632844,Gift Onyenkwere
32632959,kiyana knox
32633001,Bee Daoud
32633014,adee.mendoza
32633047,Jordan Miller
32633120,Samuel Saatzer
32633215,gimenitas
32633316,mrsjaxscents
32633384,lwarner1987
32633442,candacecurates
32633569,heygabbybiz
32633570,mamabeepr
32633617,sunshineglitter23
32634063,Christina Williams
32634074,Maribel Q Leon
32634273,lizzytobias
32634427,beatrizc619
32634511,martinebennett82
32718135,spyrovassiliou18
32718388,Rachel Gregg :)))
32718403,mackedy
32718414,clairehatcha
32718422,haileehair.guru
32718430,marinbrenlee
32718440,stephaniemleonn
32718451,jp_arnette
32718453,looksbylindz
32718455,uluvaves
32718470,livewellwithaditi
32718475,avaonofreo
32718484,leticiaa.aep
32718533,jamiebxbm
32718545,shellfidel
32718546,abby.majka
32718673,emilycrawfordd__
32718718,camrynssmith_
32718722,megsfits_
32719781,simplysaimaa1
32719907,reese.roland.collabs
32720382,Elizabeth Rose Johnson
32721355,natoyamanagement
32722029,qamitchell23
32725634,Kristin Hanrahan
32725651,kxosborne
32725665,keyunnajanay
32725667,icarli.101
32725676,daniahd01
32725678,lakiisha.xx
32725683,mommyandstevie
32725868,thebakenote
32725869,courtneyscollection
32726169,dakotabossard
32727007,hannahmmmason
32727021,gulfcoast_stapletons
32728089,Karisma Burney
32732617,yayadiary04
32749196,charvonrenee
32753924,baileylately31
32755925,charmarcelle
32756100,tobechukwu
32761564,morganlauren84
32764484,nicolestranz
32764496,Zaria Coleman
32775072,stylistsummerj
32809386,samaraingram1
32809403,emsc254
32809414,thebabygearconsultant
32809418,hiimemily25
32809622,lifeofkare
32809682,plzdontbuythat
32809699,dylansmentek
32809772,lifewithliv32
32809781,kenzzhamm
32809915,marissapampy
32809918,Taylor Lemke
32809998,slayyzar
32810005,abigailcespinoza
32810037,gsims98
32810045,madisondoriii
32810067,mase_millz
32810189,mariajt516
32810639,marissamart
32811041,youmemystyle
32811055,lexiee.jaramillo
32811064,melsotel
32811065,perlacuevas024
32811953,influenceriri
32812859,qcseslowsky
32813002,savannaht0615
32814660,tiffanyaudia88
32816334,Elizabeth Huston
32818059,myadang.collab
32818133,dorisortega095
32821886,elaminciara
32822209,jlbruce93
32822892,contact.imaniholliday
32822915,sajcollabs
32823048,Whitley Cheek
32823052,shadaepeteagent
32844852,destinyhayes2023
32845176,ju.williams887
32845684,biadahora1
32845763,Aimee Boyd
32845799,sieemah17
32846003,jocelynpenaa
32846017,taycdoubleu
32846053,cousinjohnny
32846251,_xjennifertran
32846273,ellaferny
32846325,evelynpang0
32846335,xochitl_cruzh
32846347,tiffanylenger
32846415,sami_sosa_
32846423,heyyhaey
32846426,anneityt
32846442,catlintran
32846513,oopsdidntmeantodothatt
32846561,srslyunserious
32847206,bea814
32847853,Julia Kulis
32850828,Carly Minnick
32857139,gracedfordavis
32857386,Sara Khan
32857666,steph
32859474,tesstriesthings
32860016,dulmag
32860827,Ashton Preston
32860876,listen_its_linda
32860881,thianah_aj
32860886,jaydenjjustice
32860894,weraisingstars
32860917,anabarbss
32861051,brennaburkins
32861064,Ashley Hutchinson-James
32861193,clworldtraveler
32861200,rofiat_dairo
32861204,thisthatlifeandmore
32861212,andykopecky
32863179,ournewporthome
32863873,shannon.mangerchine
32864689,blackburnseverafter
32867187,thentihome
32867218,magiottas
32867285,bitesbrewsandbooze
32867413,home.by.veronicam
32867551,myednock
32867560,stephjlgirl1
32867614,Kelly Edwards-Asirifi
32902342,ecihasin
32902343,wishuuwerehere
32902403,blanchelifestyle
32902529,michescot7
32902586,_bellaarbelaez_
32902612,jennyloseswithzep
32902642,bycynthiakfc
32902647,Darlene  Crosby
32902671,whatswithsavannah
32902686,camszn__
32902878,andiinbloom
32903383,styledbymlt
32903865,boruch.avery
32903903,hello
32904418,sarahware11
32904578,Yesenia
32904579,Keyla
32904597,November RipOmar Ingram
32920447,cpasciolla3
32927884,santanamarietown
32929181,_missbt
32929184,angelicadzz
32929218,cristymakeup1
32929347,carolinecurated
32929354,thesteinhome
32929379,sweetsipsandswoons
32929417,frenchieduo.lucasfiona
32929419,jbing18
32929586,Manuela Ylli
32929649,vittoria.meow
32929833,thejeremystandard
32930177,sadiegeneugc
32930798,lauschmerber25
32931549,info
32931674,ayyyitsyagirlbritt
32931859,domnicoleluv
32932081,ugcliztiernan
32932136,shoppingbrb
32932138,Olha Sarabrin
32932170,ciani23
32932224,moniqueronstadt
32932262,makoskyj
32932403,tashacreates4u
32933326,ayanaokoya
32935622,simplywithjulia
32937520,pamelasuvannamodel
32937540,magsjungle
32937946,Tristan  Thompson
32938218,tobi.ajayibrand
32938355,littlefoodiesbigbellies
32939052,lewhite0124
32939379,Cornesha Robinson
32939854,karissa9211
32940721,CJ Jones
32940771,Lana Hewitt
32940824,Abigail Noriega
32941515,itsbeatricejoy
32941547,affordablechix
32941557,hilda.rivera811
32941574,dbarrera1122
32941583,cornellj2000
32941590,nonnidefran
32941605,simo.christine03
32941673,shysr21
32941852,Saundra E
32941898,Regan R
32941948,shawneab
32941962,attplusnat123
32941999,nuvstudi
32942019,Cassie Yra
32942045,kenyamdriver
32942195,merryvibesonlyllc
32942238,ratskevich.i.o
32942245,gardening
32942284,curlyrita.pr
32942287,Veronika Ingolycheva
32942322,liliacreator7
32942380,pr.anastasiabogdan
32942407,Christina's Collective
32942420,ingkaraiym
32942438,lilja.hnativ
32942457,inessakarmanchuk
32942473,violetase91
32942523,khrystyna.ugc2108
32942529,karismab96
32942545,yuliiaca.ugc
32942608,garcelllissette
32942624,santolicattery
32942666,sanchezcarissa91
32942677,Dawn Peterson
32942742,muradovanaila825
32942964,cnivey22
32942969,anfisasell
32943010,addlia_edwards
32943716,Kerri Brown
32943736,creationsbychez
32971600,Bethany Mullins
32974576,bloominonthebend
32990714,arely.garcia1225
32991131,affluentcollections
32991646,reiscaty2001
32991807,millersharmain
32992200,birdeelilia
32993590,danadanedane
32994803,Jirayu Poeter
32995062,abbypittman17
32995316,bayleysnyder7
32996671,nettedion90
32997499,raisingmyteam
32997501,The Plus-Sized Prep
32997511,marysstylex
32997528,brissaaaxr
32997586,skylar_7114
32997616,__eguez
32997626,sydd.ni
32997632,trina.hannah
32997643,rsvpwithlori
32997650,amcaetana
32997677,_lovelati
32997678,mariajlane7
32998221,Rhonda LaFleur
32998457,maddiemartinmb1
32998547,kinshasha.rhodes
32999046,gogobettywr
32999088,Brie Leftwich
32999817,krismcgcreatesugc
33000205,Gia
33000272,Savannah Rutledge
33000800,Unique Roberts
33022501,dvashesanders
33051444,richauhome
33057280,myrandamelton
33057491,andreagonher
33057505,mariatabeki
33057536,shessliv
33057542,yentlcernuto
33057546,yolimarfit
33057627,jaimesauder
33057742,elizabethloveslabs
33057761,buiesummerlin
33057783,ugcwithicy
33057785,mylifeasloni
33057811,joi_southard
33057872,hazesastates
33057889,luysanavop
33058071,buttahbeann
33058101,kelly.lonsway
33058129,cole_ortiz
33058143,aubreevetro
33058250,Ashley Bintner
33058260,jordangburton
33058265,autumnxsanford
33058942,misstiarajames
33060586,Garinisha Nichols
33061296,rey.dilya
33061588,aelovaas
33061695,myanicole154
33065041,collabwithjessugc
33066058,meganisugc
33066090,emkabear
33069177,Amanda David
33070282,jenakristie
33071820,thatsoadel
33072687,Nabiha
33072692,yuliachirica
33074298,kenjenk99
33075518,hello
33077088,ashleysilver111
33077135,amandaandcougc
33078178,heynatashav
33080206,katerodabaugh
33080355,jillianhomefinds
33081399,Carrie Miller
33082374,juliadmcconnell
33082759,guajardo_jazmin09
33082954,Melissa Tribue Martin
33083356,nayveana
33083371,evolvetherapy.erinwebb
33084712,odolmeorg
33085006,keannakrong
33085470,gemmanascosta
33085612,violetadaze
33085711,ruchi.s.shah
33085731,clarap3008
33085765,rachelb2201
33095961,lisamariehillsugc
33097334,tinamariesmith
33097618,sidneyclarkugc
33097728,marty.junior2022
33097737,Lynn Medina
33097765,Amy Dengelegi
33097825,casey
33098851,abbysfabfinds
33098871,savannah.nicks
33098877,kiki.makeup_curls
33098878,angelli.fm
33098880,mavelisgomez
33098884,gabbsreviewsit
33098897,welexirenee
33098906,beautifully.court
33098911,Kim Stead
33098912,michu.mrtz
33098914,jelumarie
33098940,d.lashaa
33098945,brie_breezer
33098975,selah.livingdaily
33098976,pamchamberss
33099024,Meg Freeman
33099038,annamichexox
33099130,caroolvvp
33099166,whosjewe1s
33099167,fittedby_e
33099245,interiorsbyfaith2024
33103478,sydney
33104540,collabwithsj
33108638,paolajuliet98
33111802,LeAnne Stadler
33114084,ckazay
33114282,jasmine.sevilla
33114535,join.jozisjourney
33114833,emilystyx
33114882,nicolebjean
33114918,sthms
33114998,teddi.lightman
33115003,laurenmarylouise
33115067,sktraining_4u
33115068,becky.in.chicago
33115073,chrismomongan
33115464,samanthamoly
33115465,kyli.baysinger
33115475,Hayeongjin
33115512,trulyyoursmuriel
33115523,mkstruck99
33115557,heywonita
33115572,shantee.daniellee
33115593,thatgirlygirl_0
33115742,Michelle Velez
33115753,_jessies_eddies_
33115765,cati28032
33115768,rachel__blake
33115790,leeannlkelly
33115806,onthegreenwithamber
33115967,adventureofbrookebrennan
33115974,7158490937606226990
33116016,Joi Broughton
33116140,la_renegade
33116145,ucheugbaja
33116401,skylerstelz
33116540,nico.minisausage
33116985,Aunjanee Evans
33116991,Izzy
33117134,everydaydouthit
33117421,karlaprado1
33118272,washingtondestiny22
33118297,amylou870711
33118404,adeolaolaitan.ugc
33118593,Raquel Duenas
33118654,misshellosunshine89
33118655,cangelique92
33118684,taylorcaffrey
33118705,speaslori@gmail.com
33118715,selinatrevino1221
33118894,nisabuddies
33168858,Jenn
33169785,Carly Farlow
33170415,dariyattnnk
33170565,mr. worldwide
33170669,__larrbearrrr
33170687,styleinprogressfits
33170708,maria_grisbel
33170998,kierneymedia
33171003,poppys_house
33171018,ashlynjaders
33171021,afro_beautii
33171577,mahnoor.shahid
33172378,stacyjnsm
33172754,ahlaura.p
33172756,aisharoddd2
33173452,Kelsey McDaniel
33174953,beverlymarie1
33174971,raising.heltons
33175070,Patty Trejo
33175896,holcombcounselingandconsulting
33176551,Maddie Miller
33176557,Vasulunashyshka
33176743,mandib8803
33176779,Colton Crump
33176791,tiffanyjhunter1234
33176900,exquisitepebbles23
33177128,sequoiafoley
33177139,kayridenour18
33177264,Kia Scott
33177266,dr maxo
33177298,takicharoundtree
33177308,jessica.boone626
33177427,bookingshaylaj
33177472,rome.guyaux
33177514,r.m.kleyn
33177678,Kenisha Kingsley
33178327,enshives
33178420,bkinese
33178780,yvonnekwan3
33178791,leahminette
33178874,irenesongcollab
33178962,tawnarae10
33178963,deonnapr
33179013,jlipston
33179084,dannietheicon
33179179,therachaelwilson
33179336,cieraconnects
33179363,lcgardner.mgmt
33179426,laurennreed11
33179491,thecloude231
33179525,gulden.ugc
33179636,hannahraej.ugc
33212879,osongsilvia
33219753,leahhornick
33220262,vik097714and
33220879,Blessings
33227379,mgwolfe2000
33228706,queeenges
33228709,vasharee
33228711,irina_ugc
33228849,Chrysa Duran
33228905,shanynnkhoroletc
33228944,heyitschanel_
33229023,freckledmadre
33229030,lindsaymae_
33229031,thematurediva
33229038,m.viktorivna_
33229067,mariangelrivas
33229082,andy_ezzz
33229171,reviewsbysunny
33229183,Yisell  Ellis
33229192,livingwithsherrie
33229205,melroblesc
33229206,jaslynnavarroo
33229357,ireneyeji.kim
33229996,timelesshomeedit
33230070,claraclarke
33231051,contact
33231278,madilynmaclellan
33231323,darkchild.onefist
33231574,katrina.mccraney
33232346,saracugc5
33232416,stewartkahla
33233270,solomonsimiloluwa
33233491,jonileecoberly
33233503,maistiee
33233536,kamilanaraugc
33233582,Veronica Else
33233601,cats.of.instagram99
33233623,scentwithjasmine
33233635,Kerri CMiller
33233867,monyque053
33233882,leisytravels
33234415,deannkambeya
33234561,iamlatashanicole1
33264069,ugcwith.nuriza
33264511,angelhene.bacon
33264518,Laura Downing
33264593,saipeti.ugc
33264755,Rhonda Greene
33265066,Abigail Marie
33265414,rosereyna__
33265440,adria_hdz
33265455,brandi12368
33265466,.zahranicole
33265490,kariri9533
33265501,oloriextra
33265517,rachybarnes1027
33265563,makeupbypamela
33265566,dr.shauna.higgins
33265569,izzyr.dilu
33265579,pimpsdonts1mp
33265595,fany.luulu
33265657,yaninnr
33265691,midlifeswag
33265718,im_too_indie
33265723,_travelwithjos
33265737,spill.the.chi
33265747,theroadblockcoach
33265823,christianwingart
33266191,amariyasmine
33266298,annamason24
33266300,laurenquiggs
33266380,buysbybry
33266383,keri.hernandez0
33266387,carolynleebarker
33266444,kbliftss
33266474,cristinaacrane
33266803,leoudedithtorres0110
33266977,georgia_sullivann
33267121,lyd.collabs
33267189,jmrussick
33267194,Tori Brunson
33267515,carlleenwilson
33268440,dayana.garcia03
33268710,heycourtneyleigh
33268893,karen01_26
33268912,da.diaries4
33268941,Roxy Loves Beauty
33268945,igotthevittles
33269036,nyizzleee
33269044,rachaelgudgel
33269191,thickavocado
33269193,beauty_frances_
33269216,thefarmhousewitch
33269232,bambi.is.extra
33269239,beesvinyls
33269394,flora.goodman
33269446,keri
33271217,darishiahightower
33271366,Tasha Karidis
33272547,thecuratedspaceco
33273355,kingkelinthecity
33273652,Virginia AKA Gigi Bartholomew
33274237,lezzlieventura
33274450,business.dejahrenae
33274460,asiadrake520
33274552,jade.elvis
33274756,wrubio.jh
33274850,treasuredfaces
33274864,asia.joyner
33274921,srootes1
33274954,eda.deli69
33274984,kelbel349
33275141,slnglsilva
33275307,janki_sangani
33318406,rockyjaee1
33318757,gottembothered
33320519,uwishyouhaddis
33320564,nurse_annelise
33320567,domoniquemechelle
33320611,trace_faceee
33320985,suzannaparkerbeavers
33320996,jocelyntatyana
33321001,unorthodoxnerdgirl
33321039,Sade Living
33321085,emmablazis
33321111,melina0804
33324235,prettykotzur
33324406,hannah
33324449,annecharnas
33324630,mollykingcreate
33324912,andreamurabeauty
33324927,skysthelimitmua
33324940,michelleelizabethfit
33324974,therapydebbie
33324975,emmajubak
33325938,reviewsbylaneysue
33326342,Sabrina Ann
33330259,butterpecaon
33330437,leslyartistry
33330463,ariianaivette
33330477,targettokker
33330518,orquiamaro
33331131,Dora🍴Boston Foods/ 台北 新竹 台中 高雄
33331151,lauriceimani
33331363,Kelly Escue
33338712,Casey Voisine
33341667,hi
33342972,dgpenat
33343157,siloosaran
33343618,yldesign1
33344258,pat.zakrzewska
33344305,Rabia Sadaqa
33344628,Carolina Costa
33344732,Melissa McCole
33344858,shelby.k.hansen
33344914,jacksoncharlene98
33345621,makeia.scoggins
33347927,nursedee43
33347932,jaimayrie
33351229,aundji75
33351238,dayis3188
33351263,myshellavela93
33351982,monetize805
33354912,heidimariemarketing
33360930,kdias105
33381040,ketchainam
33386111,lmariedowney
33386124,Liv C
33387484,dameshawells
33387562,athenaadreww
33387622,zerimar_airam19
33387625,tiffjeong_
33387627,e_az
33387651,_xo.bby___
33387659,itsaddisonbowen
33387746,lorenacanamare.collab
33387808,luzmariapadilla
33387870,kbellamine
33387980,vonnyjames
33387981,daisy_elizabethh
33387990,medina.beauty22
33388031,jenscrazylife87
33388087,Queen Kee
33388621,abedzrt
33388845,itsgiselleb
33388852,mastermindaggie
33388903,unboxicatedwithraquel
33388932,kasey.diary
33389025,abbyyknott
33389042,kelsynicolew
33389060,pdmanes
33389188,henry.park
33389193,clearlycamille
33389375,anina_koturbash_
33390384,lifewithmercedess
33390408,radiofreeroxie
33390409,meandmyteddy
33390419,cb_da5h
33390420,Julia Lamis
33390428,jackie.gdo
33390487,gabriellamazzara223
33391703,ehwugc
33394192,savanabarrett
33394706,annatrev852
33394722,sadie.n.thurston
33394925,giglife2026
33395998,Emma Jaeger
33400441,aidana.omirjanovna
33400468,im.content.us
33400641,Oksana Yarmak
33400820,jenknake
33400855,iamashleyb2u
33400977,miakakar
33400988,Zyjira Singh
33401823,Hannah Fishel
33441898,xerikax3
33441927,denisenruelas_
33441965,eyesofemjay
33442022,pinkerbel
33442083,emceegibson
33442097,mackenzie.crawford
33442380,sitholeivy7
33442886,ugcjuliaforsait
33443100,inquiries.ugclexi
33443922,Yo Leoooo 👑
33444616,saraas.hauls
33444627,ashleyhabess
33444646,mashamariiii
33444652,maceygail_maintains
33444668,enidpaola_
33444683,gabbycollier_
33444702,willowmaeanderson2022
33444714,strickley.sara
33444756,purely_annie
33444769,benferney
33444874,jaye.lynnn
33444878,ariforevr
33444883,beepitybo0op
33446406,mireesah.kaing
33446428,jessswellsss
33446728,mayukomcknight66
33446811,maeva.kween
33447972,jazzyjaiboo
33448141,kamyathomas475
33448181,dantleyways
33448218,niygivenchy4
33448229,ej89
33448264,mika
33448357,veronietaylor
33448364,collabwithhaileyp
33448383,misegypt
33448453,donnaglenn37
33448668,theresamotel4
33448834,jnnfrcatlett
33448866,madisonxmeyer
33449022,lisareyes820
33450030,karenmakescontent
33450068,Lilas Hammoud
33450111,IRIS Leyton
33450117,rabeccate
33451062,jadahoward01
33451745,lizzieems0726
33452023,October Primavera
33452041,hitomi.miller00
33452249,yulissamartinezdreyes
33452267,Anastasia Bach
33452270,brittneybrucee
33452283,chasityrobinson01
33452385,maftunaugc25
33452393,racheltorgeson
33452473,Kerrigan Hearne
33452481,jackelinef1975
33452604,diamondbloodworth25
33452630,jeankailey43
33452654,Jordan  Arthur
33452656,ariecollab1
33452705,kstephens23
33452801,meghanryan1217
33452810,marielaperello
33452851,Mariana
33452942,wardahmuz3
33456113,montliz.em01
33456175,ana.keith2325
33456187,skyyviews901
33456436,greeneyedgirl933
33456646,Kiara-Monae Johnson
33456680,antoinette58b
33456778,Kandice Black
33456834,info
33457363,nlouis86
33457718,avak751
33457791,marychernugc
33458076,dreacreatesugc
33458107,brittanyroybookings
33458120,cassy95@gmail.com
33458216,saintgermainfamily
33458315,lugarlsmgmt
33458336,rachael
33458405,glowcreator.co
33458430,v.williams218
33458452,fiveingredientfeast
33458457,bslaughter12785
33458557,emily
33458626,pyang.ugc
33458655,dontmisscollabingwithjoelle
33458805,Priscila Antonio
33458821,dnlewis
33458845,margsmurphugc
33459075,estyshouse
33459181,jrhines13
33459246,chelseacuevas93
33507001,Amber
33507496,ashlynsloanpr
33507533,brandeamiller
33507569,samanthaguevara_
33507574,megan.davis.babb
33507581,stephanie_ap2
33507598,tatianavernell
33507605,wctriplets
33507917,buttah.ib
33507956,jojos.hamilton22
33509369,Hayley Williams
33509505,rachelwayne16
33509751,knbuchta10
33510250,vacaymodevibes
33510596,carog79
33510927,niqueeijohnee
33510960,sb66926p
33511244,thebloomingdeck
33511459,brianna13010
33511511,nellecreates
33511684,meelamc
33511772,stevenson.annette
33511793,christensen1hannah
33511809,senoritameri09
33554205,ruarni
33554368,kayvglam
33554376,ashoneworldwide
33554494,jehgaertnerlemos
33554508,poshlifebri
33554514,momlifeandventures
33554525,dimps_2488
33554571,hailsfosterr
33554629,mrs.garrido_aviles
33554645,kirsten_de_santiago_
33554668,lizsanchezvlogs
33554688,jagdeepsoh1
33554709,lauren_k2.0
33554858,itsnathyprice
33554920,juuuullleeessssss
33556889,Kris Perry
33558305,sujjyana
33558671,markxlawrence2024
33559983,lilybmyers
33560024,adventureswithrene
33560068,lifeasjessicajanae
33560110,zackinthesouth
33560199,chloesimbulan
33560215,withhannahj
33560221,yorhelygarabito
33560345,taylorfogartyy
33560347,Amanda Perez
33560444,laurenxcude
33560951,namuuntur
33560955,hannahdawnwellness
33560957,candiceaviles
33560960,influenster_dreya
33560962,kearraholliday
33561117,perfectaimm
33561231,Milana's Travels-world travel with kids
33561265,azfamilyguide
33561297,rameetsandhu
33561327,bellela.colas
33561411,mackieeats
33561777,angela
33562430,Atiana Russell
33562432,a_hesse
33563291,Kiara Wolland
33565278,Tanisha
33565975,MIRANDA Bristol
33566034,izabela.zagorski
33566193,erikaaacollabs
33566241,biancaflathugc
33588475,heyhelicontent
33588846,soleil.fm
33589934,celesteluvsyou
33589940,jesstaker
33590048,rachaelelizaaa
33590123,bri.juniper
33590141,purpleyamily
33590149,bella.reaves
33590193,cam211294
33590248,monique_cepeda
33590259,leahbrianne
33590274,lou.dangit
33590331,sonja.pierson
33590474,ash.jennette
33590480,nicole justice
33590522,skincarewithhannn
33590524,slea351
33590539,ugcwithmelike
33590560,carolinesfavesss
33590602,sandytom1983
33590725,_kaitlyntucker
33590763,jeri_k1
33590775,craftee_with_amandajane
33590918,kaylarbacon
33590935,The Kai Life
33591112,.aurieditz
33591125,dainty.details
33591178,araeyania
33591334,abbydarlingtonvelasco
33591477,Hilary Gordon
33593192,carleahjohnson18
33593668,perlasdeltiempo
33594688,itslelipao
33598949,kelleylivinglife
33599005,jessicaann810
33599257,arllet_castillo
33599262,missleyna999
33599310,Ellen Mary Gardening
33599314,triceclark
33599318,ashli.brooke
33599361,anamrodriguez
33599373,ayhstyle
33599378,britmeadows
33599389,iamthequeenjade
33599391,leebwilsonttc
33599401,madebyvictorias
33599907,slwhite108
33601026,laceysteadcollabs
33602091,cozywithkatie.home
33603343,vstreetlove
33603365,jasmynnewsom
33603643,lollygagwithlisa
33662508,karenjeanugc
33663956,brooklynmdrewes
33675867,Melissa Cousins
33677321,madisonymcpherson
33679666,Ilana
33692147,rebecca.russell_
33692318,wellnesswithlele
33692335,kimbriese
33692350,francou___
33693784,The Molliners
33694076,bewellwithtrina
33696625,Audra
33699090,a.clinedesign
33699098,tessa
33708439,heydonnajaye
33708621,Ely Hernandez
33708826,nursingmybeer
33709822,melissa mila
33710367,chinwea
33710369,Brigitte Dávila
33710374,luxiriluciano
33711796,ceebrownugc
33711918,yisi.lovecreator
33712024,fiji85
33712033,Adia’s World
33712275,dave
33712289,darezzos
33712830,winshoudet18
33712831,8495marcotte
33712855,Octavia Phillips
33712872,Tiara Turner
33712928,kymberlysimmons1
33713327,daarlingrose
33713531,ashleysstudiocollab
33713663,Patricia Gutierrez
33713671,godboldkeya
33713913,jasmine.no.h8
33713930,djc
33713965,29chavilla
33716191,rebecca_boyd58
33716230,dimaryces
33716505,rusticflagsbyfrank
33717347,Terica Blackmon
33717940,sabrinanjohnson30
33718254,mkettle09
33718901,miqihaven
33719291,tiffany.bozzo
33720010,Buddy
33720391,Ashley Stafford
33720540,trippdennisb3
33721174,keilanilanea
33721447,Abihail MP
33721916,wsmith3304
33722103,info
33722152,Sew What Kimberly
33722217,jennak07
33722701,Renee Moyer
33722723,tbugtreasures
33722844,msjantrobus
33723937,pirollimadi
33724001,mikaylaryanbusiness
33743184,Olivia Boblet
33752056,dominiquejosephine
33752823,skyelar_22
33752827,_yosoypriscilla
33752844,decorateourhome
33752854,_beachymomma
33752855,blairreginakay
33752870,_auli26
33752872,kimmiesedgwick
33752891,kennileee
33752894,inmyrunning.girl.era
33752919,pickdpeak
33753097,chelseasimonexo
33753134,keekeedmue6
33753135,brendaes26
33753136,jackieonroute
33753244,madisoncanread
33753255,ashlynnkutcher
33753261,miimmssyy
33753269,khushixgupta
33753276,kornchips
33753289,shemaenotmay_
33753302,doseofyannaa
33753314,thewaraichfamily
33753319,_karolxo
33753347,kymnucifora
33753359,mamaheffron
33753490,loreroquee
33753508,heathston
33753511,musingsofru
33753549,lipstick_n_life
33753564,bookwormbecks
33753573,carleecliff
33753580,bloginphilly
33753582,sweetsinclairs
33753704,mamiidez
33753711,oksi_ugc
33753727,chelseyarnoldbuhr
33753756,dstylecanvas
33753761,loreemadriz
33753765,sapphire_serrano
33753781,aya_sakaguchi
33753785,juliettehvis_
33753786,dawndeseree_
33753792,going_grachael
33753811,peppersthrift
33753818,playful.movements
33753823,jasleeenxo
33753825,makenzi.barrett
33753828,facebyjack
33753840,meganmist
33753846,heidi.may.hikes
33753847,dreahmad_
33753983,lifeofabusymomma
33754065,Eating by Elaine
33754067,lowereeeatsside
33754107,welcome2thenashhouse
33754328,lifeofmarena
33754332,lexiefarquhar
33754357,curlyhairbabe
33754358,goodvibeswithjt
33754426,debbiecooleymorri
33754478,ari_modi
33754502,graciefogleman
33754558,gabby.mn
33754599,sumgoodeats
33754626,Michelle Latsu
33754896,courttmillerrr
33756235,emmanaumann
33758452,Jody O'Neill
33758489,brunagugc
33758841,gini_survivor
33759282,DearCreatives
33759546,wearethejenkins
33759612,raelitaker
33759797,mahuuum
33761177,rebqin58
33761426,thebaswellhome
33763508,heggiecollabs
33763736,cedwards2200
33763816,Charlene Lowery
33763857,Yscynthia
33764103,delilah.ree.co
33764115,guerrier.claudia18
33764218,jessiica.jia
33826485,mar68cyn
33829374,terriwake23
33829813,chenoadfit
33829853,themelissairish
33829862,adrianaseijasss
33829877,unaargentinaenorlando
33829924,scorpio_camilla
33829929,dessirayofsunshine
33829932,june0nthem00n
33829933,fashionbeautylover
33829944,luliana_ana
33830088,lauren
33830150,derrickabyers
33830169,rebeccamahfood
33830228,michelleo_o1
33830229,kaitlyn.ricksss
33830412,Brandi Maury
33831146,harrellh93
33831787,isabelfreek@hotmail.com
33832207,brit715
33833550,Daniela Romero
33834918,kassscamps
33836021,jstewsbbq
33836174,r0sebud967
33836232,makaylaaubreyyyy
33836297,candithomas1977
33836324,la
33836331,hanhcreates
33836434,themodernwick
33836789,laurah.collab
33837386,yorrcabrera
33837729,ugc
33838005,hiwitherica
33838134,Savannah Lopez
33838367,kylienicolegood
33853767,mrss.poncee
33869950,scatteredbrainclub
33870040,kbull.bull
33870587,theenzoedit
33870763,keepingupwithazariah
33870802,jessicaebra26
33870935,yaryloves
33871013,jennymcrd
33871302,RYAN
33871386,xoxogabinoel
33871399,kerramcd
33871413,laurynjadaa
33871417,senecasdiary
33871423,theegirljay
33871441,jaimeestand
33871458,emx00
33871462,angiely.goodman
33871476,Trinity  Bryant
33871676,ciarajanay23
33871719,richhcoco_
33871730,dailymadison
33871797,itskodyy
33871836,belladegennaroo
33871856,courtgiordano
33871949,lifeoftaylorann
33871976,ajahmay
33872011,marissaputeriw
33872019,tianna_janece
33872027,ruespeaks
33872054,amethyst044
33872810,lavish_chris
33872853,.julixnx
33872857,atxstyled
33872872,athomewithlexii
33873045,jbuckstudios
33873105,bkharthun
33873266,spenceee_
33873322,tailadebrule
33873448,meshahester
33873450,nabilaraine
33873508,6782984670823351301
33873824,sonya425
33873840,highestbeauty
33874067,whendeeyouuu
33874583,ur.neighbor.grace
33874790,corsinirojaspao
33875049,indoorcatkiwi
33876462,leigh
33877080,bah66986
33877387,mikatlesha
33877393,thekristyj
33877504,longvolmack
33877591,Daina Santaella
33879596,tanglesandcurls1225
33882231,revivingceleste
33882277,kaykaashfitness
33882547,childs.jillian
33897605,leonnyadrianza
33898069,thejenniferedit
33899356,celysserogan
33900074,gabriellecoffyy
33900353,tcwhite11
33901960,gabsgluna
33902830,mcfrederick44240
33903011,jbrownstyless
33903273,bestardmery
33904623,heelsandconverse
33904885,stephanie.borbon502
33905081,Beatriz Ortiz Sainz
33905167,forthebirdsliving
33905298,lbeachy16
33905365,shells1084
33905469,ugckatferreira
33905505,liscreations02
33905695,Brooke Sheehan
33905844,jacklynnbosley
33905936,dayiyuyo
33906015,jennjenn356
33906046,shannenortiz
33906161,hm.films25
33906181,tamrafiedlersegert
33906187,Kaprice Tillman
33906355,amberdaugherty396
33906400,karlstavy
33906415,Darielle Naquin
33906421,hi
33906431,info
33906476,Brittany Hill
33907013,jeapaul07
33958803,sarajeanirene
33959194,dianajamesmac
33959234,apo3986
33959267,selina
33959286,info
33959348,Maryam French
33959367,Ashley Earle
33959398,Sarah Barron
33959683,darien.boughrum
33962887,Kelsie Campbell
33963094,lita10172026
33964380,TracyAnn
33976522,zigventuresmarketing
33978908,hello
33981703,kidsyayashow
33982227,taymassmedia
33982327,bossladylele16
33982341,nicoletravolta1127
33982813,Bruno Jham
33982816,jacquipieroni
33982848,lovejasmineashley
33982917,kelly busia
33983020,this.wonderful.life.home
33983037,thehomebodybabe
34015811,Hannah  Stapleton
34016491,Giselle Vargas
34016718,colab.ivonesoto
34017406,land_of_littles_
34017458,theericanthony
34017489,itsbigbami
34017866,keywillblogs
34017874,imperfectchey
34017886,miahluvsmatcha
34017889,samisamkp
34017916,coffeewithmyro
34017931,lifewithhannahb
34018064,morganhillugc
34018190,cadeyah
34018203,acoupleofbites
34018242,hdionb
34018247,gworlsgirl
34018580,tykiera.p
34018673,indiedreamlove
34019278,sarahbruggeworth
34019289,syd.applefield
34019333,mama.of.blondes
34020369,shantebriannacollabs
34023522,sanjtoribio
34025448,contact.lizaniarobles
34025647,bookjasminejai
34025770,tanisha_brown1
34028748,elisebairdugccreator
34032246,goingsoloafter50
34033187,Kmwolfford
34033197,Shanee' Drakes
34034013,Iracema Díaz
34037094,Kiara Harris
34039656,jacintanjokicabin
34057576,Courtney Conklin
34057619,patilaracollab
34057785,rachbabettemd
34059155,jessica.melton92
34059707,lakisha9thomas
34059786,andrea
34062064,mia.hood
34062214,brandkcollab
34062507,lifeinstylej
34062775,Smeet Doshi
34063013,edenhesketh
34065522,embraceparbella
34099243,pju.stay
34109394,jen
34110184,goffhouse.tx
34110421,lilygurl12
34110827,Rachel
34111212,roseabigailugc
34112837,clyoung2424
34113438,karissa
34114763,dareneciacosby
34115843,kristinclark2014
34116660,kimberly.ljordan
34117472,Chrisshonda Pitts
34118233,ryansmom02@comcast.net
34118543,Whitney Perry
34118559,itsnikkiiigodsey
34119056,morganmichelle_
34120221,andrea9ech
34120242,shannonmcreynolds1
34120265,catricejac
34121334,collabwithcambaro
34166194,agapevintage
34168053,keziahkayyy
34168981,Ashley Beaty
34171504,rachelkerzman
34171545,midlifemelee
34172191,linkgeeksllc
34172339,britphil2014
34172558,kaylareneegreen
34172561,yvonne.nevers62
34172597,Vanessa Kirianoff-Brown (DiaryOfASuperHero)
34172631,seasondecoring
34173188,madisonmancias
34173496,bkjordan1989
34173510,simplylivingmama
34173685,pricila.urenaa
34173687,hillaryunruh.ugc
34173695,pvarnie
34173753,z.m.kings
34173778,thivo41104
34173782,casamodesta.style
34173869,kaylieandmatt123
34173989,coureyaj
34174259,Home Kollections
34174272,evette8145
34174739,andreatylerugc
34175061,melanybp.96
34175182,katelyn.and.kids
34175196,abigailrae2001
34176201,shedontcausetrouble
34195633,sarafinamengel
34213584,kaylynnkinder
34213677,eskarliny1031
34213938,deanna-soboh
34216817,courtneylynncorbitt
34217211,skdlittlelifefinds
34217699,Marisol Perez
34218219,sachvans1
34219026,mzjordak24
34219036,mavitabile
34220160,Lindsay Martino
34220302,michaelsantiague651
34220360,Sydney Olson
34220455,thecozychaos8
34220534,zoyazemami
34220825,deidrequejaugc
34222230,divineshayla
34256250,arina
34257382,elle
34258655,Sierra Slide
34265916,brittanygtn
34266062,penniexiongg
34266067,kristamyers192
34266362,ninavugccreator
34266891,findandkeepnyc
34267001,carolg.creates
34267057,faatema.hasib
34267109,nievesmartinez74
34321492,wilson_donisha
34321868,hellokirbyhome
34321886,Taylor Gernhart
34322245,arosegoldlife73
34322623,Briana George
34322797,chelsiakisling
34325099,princess02461
34325643,liana.k978
34326739,juliannehl
34326754,pinkdaisycollective
34326958,tarundacw
34328546,prime.style.love
34328856,hello.itsdeangela
34331220,keanefam23
34331721,deea.bri16
34331734,luvgevity.life
34332448,David GZ
34332450,simplethingsmadebeautiful
34332621,It’s Ashanti TV
34378444,kelseyvargas7
34379625,russell61005
34379978,helloanamarkaff
34381811,jordantaylor683
34383795,vicarsfrancis
34385941,claudiamartinez0116
34393646,jthinisha
34393701,osorioaprell
34394619,quemadokyahna
34394844,katcarrelll15
34397225,joanmracicot
34397314,ugcbyyevelina
34397723,feliciasantiago1992
34398857,arichards0731
34398863,danielafabela42
34398998,muhametsinag41
34399486,shelleyp.media
34405269,francescollabs
34406670,sheila.pan
34406853,thenolenedit
34409171,ashleybonovitchart
34410022,hello
34411453,theherofamilyy
34411495,mercedesamannings
34412000,madisonugcbrooks
34412001,andrearbattaglia
34413465,msshandra
34414732,monterolapaola2012
34414739,collabs
34414753,djsugar83
34414842,Kyle Zajac
34414904,natreand
34414932,yhmuffin
34414966,Christine Kim
34414979,mary
34415019,rakysha_bell
34415256,Amy M
34415403,raindollasmenu
34415404,naililolo
34415410,thirtysixgod36
34415581,midlifemindset
34415792,maryam.khann454
34415808,nikki.panepucci
34415832,amanda.n.velarde
34415891,hannaravae9
34415943,ashli6126
34416077,kelseymarie14
34416211,akamawmi@gmail.com
34416551,cassidy.diagostino
34417231,krispy.cattt
34417259,mzraeshawn2
34417937,Liliatsuman
34458483,countrycampstead
34460484,miakgronemeyer
34463358,Shelby Norris
34463657,contact.kweenkiy
34463724,Lisa Mona
34463807,worththehypedaily
34466844,jessieabohon
34466955,belleandmortar
34467018,tbailey200853
34470546,hello
34470599,drikamirandaugc
34470743,mikkadmcclain
34476084,letikdavis
34477461,carliebeecher14
34477906,Chelsey Chanté
34478814,cheers
34478905,TaKesha Williams
34479958,nholman2.pr
34484570,amandamhenry
34485668,nicoledunlappp
34504766,Kayla KYLA Phillips
34506390,Hannah Thomas
34515726,parkerwilkins27
34544681,kylie.steenson4
34545541,withlovefrom.fiona
34546197,anauris_01
34546620,Julie Roberts
34546731,tangellacreates
34605407,lamarhsaunders
34605999,mackstonedad
34609510,fernandez.maribelb
34615010,regina
34615784,juliaperlov
34617093,Tajanel Chinyere
34644623,stephanie.silver.creates
34645741,Imani Fortt
34649943,shop.blossomsway
34650251,lifewithleahp
34656775,mskarlamichelle
34656838,randiesue2011
34656842,cherishmebrand
34657702,helloprkenz.raylyn
34657724,onlylej.it
34658056,Victoria Mae
34658071,kristynmrude
34658091,laceyluikart
34658324,tbatsell63
34658329,Kyla Hood
34658359,kwhite720
34658384,yanisha16
34658392,shelbycutlipcollabs
34658620,vanessamacias21
34658659,Mia Bettino
34658792,nadztazrin
34659092,cberthold44
34659548,Dea Soriano
34661892,lillyhernandez60
34665363,jrleifer
34666743,threelittlelightsmama
34666816,morganwatts
34667879,BigDebra_ TV
34668550,Sunny Kodax
34668571,bowensbuilds
34668574,jipsoonee.diy
34668626,Ivy Arbolado
34668968,luisapthdez@hotmail.com
34669022,molliemoorenyc
34669327,sakkarahart
34687107,maryfernandez0422
34687524,leashagab
34690269,ryannariggs
34692456,betsysharp77
34694216,nahomijorger
34694466,drdivyankagupta
34695740,heysteens
34697342,ariyannavarnell
34708207,thelodown624
34710529,cozymollyhome
34714318,Kaitlyn Burgess
34716545,kimari jones
34717162,sarahbennett.collabs
34717761,Rachel Gold
34718974,jennifertuckerstyle
34719846,marshagrotke
34720108,Moriah Johnson
34802572,everydaylifewithjill
34802831,kellygenx
34802837,18olgagomez
34803609,drewavant23
34803711,martunia33
34803872,kathy
34804580,mthomas11395
34805105,memphisbymeg
34812902,ohmeganrowe
34815050,a.tayloredhomeco
34816982,vanesaims13
34817143,pamelapineda13k
34817237,dearbestie
34823901,cwgilroy
34828492,itsjustthao
34830342,itsyeseniajanee
34830869,antoinetteb.business
34832930,reaganmariehunt
34834727,tahira.thornton
34843866,teamgilesinfo
34843908,krystlechambers88
34846085,Jojo Leslie
34849246,a.brittanie
34852277,chanel
34854634,info
34855039,casey
34855823,missjacquelyn1
34856576,Lovelace
34856581,collabs
34856643,ladichiaro
34856687,Jordi
34856976,thecarpediemduo92
34860155,mayeline11
34862936,doubletakepros
34864560,simplysata
34867627,dodiandchunky
34870538,contact
34870547,Ken's Beauty Bar
34871867,naina artist
34872739,Ronnae Chiddick
34872791,yulliakuznetsova315
34873943,kierapierce14
34873979,simplysarahjames
34882146,Ariana Czaia
34882149,hello
34882733,shanteserobinson13
34882822,curatedwithatwist
34883011,madelineu27
34895537,lucyjerisman
34896737,luvcici22