url_key,content_url,selection_date,creator_name_selected,platform
instagram:dtjxkolajfs,https://www.instagram.com/reel/DTJxkOlAJFS,2025-01-08,madlywish,YT Shorts
instagram:dtn0k1edud7,https://www.instagram.com/reel/DTN0K1eDuD7,2025-01-08,inspirednaomi,YT Shorts
instagram:ds5oyw-eeci,https://www.instagram.com/reel/DS5Oyw-EeCi,2025-01-08,reallyrians,YT Shorts
instagram:dsnhepajwih,https://www.instagram.com/reel/DSnhEpajwIh,2025-01-08,allthingshomefashion,YT Shorts
instagram:dsva1mzdbwp,https://www.instagram.com/reel/DSvA1MZDbwp,2025-01-08,j_anthony910,YT Shorts
instagram:dsx_rzriedo,https://www.instagram.com/reel/DSx_rzrieDO,2025-01-08,stsweethome,YT Shorts
instagram:dsynq2tef_3,https://www.instagram.com/reel/DSyNQ2TEf_3,2025-01-08,thetidytrendy,YT Shorts
instagram:ds0pxcmeejp,https://www.instagram.com/reel/DS0pxCmEejp,2025-01-08,ohheydiamond,YT Shorts
instagram:ds2ypsvajri,https://www.instagram.com/reel/DS2YpSVAJri,2025-01-08,simply40north,YT Shorts
instagram:ds2g7cdjohe,https://www.instagram.com/reel/DS2g7cdjoHe,2025-01-08,destn8tion,YT Shorts
instagram:ds2p6xhkz-3,https://www.instagram.com/reel/DS2p6xHkZ-3,2025-01-08,uptwnchris,YT Shorts
instagram:ds54cmgd7yn,https://www.instagram.com/reel/DS54cMGD7yN,2025-01-08,lorddgreat,YT Shorts
instagram:ds3npwfjtej,https://www.instagram.com/reel/DS3NpWFjtEJ,2025-01-08,breiana_duncan,YT Shorts
instagram:ds6tnbsjdci,https://www.instagram.com/reel/DS6TnBSjDCI,2025-01-08,tannesiavs,YT Shorts
instagram:dtly6kukrkd,https://www.instagram.com/reel/DTLy6kUkrKd,2025-01-08,freely_nat,YT Shorts
instagram:dtjefkegdfm,https://www.instagram.com/reel/DTJEfKegdFm,2025-01-08,_slimcurvy,YT Shorts
instagram:dthdwagdefc,https://www.instagram.com/reel/DTHdwaGDeFC,2025-01-08,personal_spaceid,YT Shorts
instagram:dtmnlr6dgen,https://www.instagram.com/reel/DTMNlR6DgeN,2025-01-08,designdetailsbydana,YT Shorts
instagram:dthgjq6jn5e,https://www.instagram.com/reel/DTHGjQ6jn5E,2025-01-08,thetidytrendy,YT Shorts
instagram:dthh9m9ehx3,https://www.instagram.com/reel/DTHH9M9Ehx3,2025-01-08,craftednoshexplorer,YT Shorts
instagram:dtge3mrk14s,https://www.instagram.com/reel/DTGE3mRk14S,2025-01-08,k_dougde,YT Shorts
instagram:dteomuskvbn,https://www.instagram.com/reel/DTEoMuskVbn,2025-01-08,ferndesol,YT Shorts
instagram:dtdumy-j8xq,https://www.instagram.com/reel/DTDuMy-j8Xq,2025-01-08,yourdesignerbff,YT Shorts
instagram:dtblyytccmw,https://www.instagram.com/reel/DTBLyyTCcMw,2025-01-08,storyofzena,YT Shorts
instagram:dtgwbflgcju,https://www.instagram.com/reel/DTGWBFLgcjU,2025-01-08,carrieithome,YT Shorts
url:www.pinterest.com/pin/603552787604672910,https://www.pinterest.com/pin/603552787604672910/,2025-01-16,melinatesi,Pinterest
tiktok:7626407477466139934,https://www.tiktok.com/@irene_lovetolive/video/7626407477466139934,2025-04-08,irene_lovetolive,TikTok
tiktok:7565442034215980318,https://www.tiktok.com/@omgnunu/video/7565442034215980318?is_from_webapp=1&sender_device=pc,2026-01-05,omgnunu,TikTok
tiktok:7568707707776126239,https://www.tiktok.com/@simplyilma_/video/7568707707776126239?lang=en,2026-01-05,simplyilma_,TikTok
tiktok:7539227319311846686,https://www.tiktok.com/@robinwarz.interiors/video/7539227319311846686?lang=en,2026-01-06,robinwarz.interiors,TikTok
tiktok:7589846444543184141,https://www.tiktok.com/@allaboutmicha/video/7589846444543184141?lang=en,2026-01-06,allaboutmicha,TikTok
tiktok:7592017749623311646,https://www.tiktok.com/@cookingwithpatlee/video/7592017749623311646?lang=en,2026-01-06,cookingwithpatlee,TikTok
tiktok:7591264370005462285,https://www.tiktok.com/@keysbykiana/video/7591264370005462285?lang=en,2026-01-07,keysbykiana,TikTok
tiktok:7593757197637602615,https://www.tiktok.com/@slimandbuddy/video/7593757197637602615?lang=en,2026-01-12,slimandbuddy,TikTok
tiktok:7589842246309006623,https://www.tiktok.com/@tannesias/video/7589842246309006623?lang=en,2026-01-12,tannesias,TikTok
instagram:dtbuijaenai,https://www.instagram.com/reel/DTbuIJAEnAI,2026-01-13,jaylaferrell_,Instagram
instagram:dtwprq2jltm,https://www.instagram.com/reel/DTWprQ2jLTM,2026-01-13,sweethomeology,Instagram
instagram:dtyl2_bkrdm,https://www.instagram.com/reel/DTYl2_bkrdm,2026-01-13,homewithyoshi,Instagram
instagram:dtazb0gkwur,https://www.instagram.com/reel/DTazB0gkWur,2026-01-13,tia_beautyy,Instagram
instagram:dtwrqteaxvi,https://www.instagram.com/reel/DTWRQtEAXvi,2026-01-13,_slimcurvy,Instagram
instagram:dtb7mreeucv,https://www.instagram.com/reel/DTb7MReEUCv,2026-01-13,ohheydiamond,Instagram
instagram:dtdcdf4euk_,https://www.instagram.com/reel/DTdcdF4EUk_,2026-01-13,courtneytaylorhome,Instagram
tiktok:7593445076278267166,https://www.tiktok.com/@angieinpa/video/7593445076278267166?lang=en,2026-01-13,angieinpa,TikTok
tiktok:7593881412156067086,https://www.tiktok.com/@jaylaferrell/video/7593881412156067086?lang=en,2026-01-13,jaylaferrell,TikTok
instagram:dtwagkhkdp8,https://www.instagram.com/reel/DTWagKHkdP8,2026-01-13,thetidytrendy,Instagram
tiktok:7593843416459447565,https://www.tiktok.com/@dailywithad/video/7593843416459447565?lang=en,2026-01-13,dailywithad,TikTok
instagram:dtugh1vdqqg,https://www.instagram.com/reel/DTUgh1vDqQG,2026-01-13,ferndesol,Instagram
instagram:dttyfrwkqta,https://www.instagram.com/reel/DTTYFRWkQTA,2026-01-13,houseof_worth_,Instagram
instagram:dttuc-6efxv,https://www.instagram.com/reel/DTTUC-6EfXV,2026-01-13,angwith4,Instagram
instagram:dtsqkejkufb,https://www.instagram.com/reel/DTSqKeJkUFB,2026-01-13,realprettyymb_,Instagram
instagram:dtspcrmebop,https://www.instagram.com/reel/DTSpcrMEboP,2026-01-13,realprettyymb_,Instagram
instagram:dto1mgfdm9f,https://www.instagram.com/reel/DTO1mgfDM9f,2026-01-13,iamquinti,Instagram
instagram:dtn6smxadd5,https://www.instagram.com/reel/DTN6SmXAdD5,2026-01-13,carrieithome,Instagram
instagram:dtoicbzdzlw,https://www.instagram.com/reel/DTOiCbZDZLW,2026-01-13,keysbykiana,Instagram
instagram:dtulfc7eyda,https://www.instagram.com/reel/DTULfC7EYDA,2026-01-13,ferndesol,Instagram
instagram:dtbtsabgv1t,https://www.instagram.com/reel/DTbTSabgV1t,2026-01-13,tamaramariexoxo,Instagram
tiktok:7594614154011430175,https://www.tiktok.com/@iamquinti/video/7594614154011430175,2026-01-15,iamquinti,TikTok
tiktok:7552621985860259102,https://www.tiktok.com/@reallyrians/video/7552621985860259102?lang=en,2026-01-15,reallyrians,TikTok
youtube:lk8xcxtkmam,https://www.youtube.com/shorts/lK8xcxTkMaM,2026-01-16,iamquinti,YT Shorts
tiktok:7595637865862696206,tiktok.com/@abraujewelry/video/7595637865862696206/,2026-01-16,abraujewelry,TikTok
youtube:zflci5lwfha,https://www.youtube.com/shorts/zfLCi5lwFHA,2026-01-16,sequinedbysierra,YT Shorts
instagram:dtjnb2kir-x,https://www.instagram.com/reel/DTjNb2kiR-x,2026-01-16,sequinedbysierra,Instagram
tiktok:7595634876724874526,https://www.tiktok.com/@tamaramariexoxo/video/7595634876724874526/,2026-01-16,tamaramariexoxo,TikTok
tiktok:7595611297799015710,https://www.tiktok.com/@justina.c.franklin/video/7595611297799015710/,2026-01-16,justina.c.franklin,TikTok
instagram:dtjdhjcjznz,https://www.instagram.com/reel/DTjDHjCjzNz,2026-01-16,lachiccouture,Instagram
instagram:dtjwuuhjkko,https://www.instagram.com/reel/DTjWUUHjKKo,2026-01-16,destn8tion,Instagram
tiktok:7596696601427594526,https://www.tiktok.com/@thenuttybrunettehome/video/7596696601427594526/,2026-01-18,thenuttybrunettehome,YT Shorts
instagram:dttgg8kabze,https://www.instagram.com/reel/DTtgg8kAbze,2026-01-19,milaneyakarcha,YT Shorts
instagram:dttnilyj5ln,https://www.instagram.com/reel/DTtNilyj5ln,2026-01-20,nickthekidd,YT Shorts
tiktok:7595284308173065503,https://www.tiktok.com/@brittanydesignspo/video/7595284308173065503?lang=en,2026-01-20,brittanydesignspo,TikTok
instagram:dtmkgtyjnqo,https://www.instagram.com/reel/DTmKGtyjnQo,2026-01-21,jaylaferrell_,Instagram
instagram:dtqm3gflgkx,https://www.instagram.com/reel/DTqm3GflGKX,2026-01-21,jaylaferrell_,Instagram
instagram:dtpirs9aqya,https://www.instagram.com/reel/DTpIrS9AQyA,2026-01-21,lifeinwaheaven,Instagram
instagram:dtvhh_bdpqh,https://www.instagram.com/reel/DTvHH_BDpQh,2026-01-21,lorddgreat,Instagram
instagram:dtn_cyoescb,https://www.instagram.com/reel/DTn_cyOEsCb,2026-01-21,surryplace,Instagram
instagram:dtjfrfnjf9t,https://www.instagram.com/reel/DTjfrfnjF9t,2026-01-21,chrisandmelis,Instagram
instagram:dtlnvu3grt6,https://www.instagram.com/reel/DTlNvU3gRT6,2026-01-21,tayloralxs,Instagram
instagram:dtspluaea7w,https://www.instagram.com/reel/DTsplUaEa7w,2026-01-21,ourcozycolonialct,Instagram
instagram:dtllmmmicdp,https://www.instagram.com/reel/DTlLmmMicdp,2026-01-21,tarajanestyle,Instagram
instagram:dtjlbsldyg_,https://www.instagram.com/reel/DTjLbSlDYG_,2026-01-21,keysbykiana,Instagram
instagram:dtitsrakd98,https://www.instagram.com/reel/DTiTSRAkd98,2026-01-21,justina.franklin,Instagram
instagram:dtimgshkvhz,https://www.instagram.com/reel/DTimgSHkVhZ,2026-01-21,sweethomeology,Instagram
instagram:dtovzgedyfm,https://www.instagram.com/reel/DToVzGeDYFm,2026-01-21,keysbykiana,Instagram
instagram:dtgriekkyvl,https://www.instagram.com/reel/DTgrIEkkYvL,2026-01-21,homebodywithforlisa,Instagram
instagram:dtst1g2jcd_,https://www.instagram.com/reel/DTst1G2jCd_,2026-01-21,yourdesignerbff,Instagram
instagram:dtwgm9pkd6c,https://www.instagram.com/reel/DTwgm9Pkd6c,2026-01-21,hann.madehome,Instagram
instagram:dtyizejdal7,https://www.instagram.com/reel/DTyizEjDal7,2026-01-21,paulthebutler,YT Shorts
tiktok:7597558528441650446,tiktok.com/@chocdollt/video/7597558528441650446/,2026-01-21,chocdollt,YT Shorts
instagram:dtvx2nndrgv,https://www.instagram.com/reel/DTvX2NnDRgv,2026-01-21,destinycamilledavis,Instagram
instagram:dtwbfrmdiq_,https://www.instagram.com/reel/DTwbfRmDIq_,2026-01-21,madlywish,Instagram
tiktok:7594665205175471374,https://www.tiktok.com/@arlindabkurtishi/video/7594665205175471374,2026-01-21,arlindabkurtishi,Tiktok
instagram:dtuiq6wdqe7,https://www.instagram.com/reel/DTuIq6WDQE7,2026-01-21,dana.vento,Instagram
instagram:dtf5y6ieyyc,https://www.instagram.com/reel/DTf5y6iEYYC,2026-01-21,cozyandcalmliving,Instagram
instagram:dtf_s8sj3qg,https://www.instagram.com/reel/DTf_S8sj3Qg,2026-01-21,brittanydesignspo,Instagram
tiktok:7596451557118430494,https://www.tiktok.com/@tamaramariexoxo/video/7596451557118430494?q=wayfair%20valentines%20day&t=1769009552324,2026-01-21,tamaramariexoxo,Tiktok
instagram:dtfi-uqkzb6,https://www.instagram.com/reel/DTfi-UQkZB6,2026-01-21,reallyrians,Instagram
tiktok:7597899968543870221,https://www.tiktok.com/@kara.graber/video/7597899968543870221,2026-01-22,kara.graber,Tiktok
tiktok:7596096248294165791,https://www.tiktok.com/@gracefulglambydanielle/video/7596096248294165791,2026-01-22,gracefulglambydanielle,Tiktok
instagram:dt0es4cedsn,https://www.instagram.com/reel/DT0es4CEdsn,2026-01-23,emilyaharrah,Instagram
instagram:dt0cn8wevov,https://www.instagram.com/reel/DT0cN8wEVOV,2026-01-23,homebodywithforlisa,Instagram
instagram:dt0l4sjdotp,https://www.instagram.com/reel/DT0L4SJDoTp,2026-01-23,destn8tion,Instagram
instagram:dt0dpiqdcpv,https://www.instagram.com/reel/DT0dpIqDcpV,2026-01-23,myelevatedhome_,Instagram
instagram:dt21wzpar5s,https://www.instagram.com/reel/DT21WzpAr5s,2026-01-23,courtneytaylorhome,Instagram
instagram:dt1rcisequ_,https://www.instagram.com/reel/DT1RCisEQU_,2026-01-23,jalyssa_doubleu,Instagram
instagram:dt9pa3zdtlk,https://www.instagram.com/reel/DT9PA3ZDTLK,2026-01-26,dana.vento,Instagram
instagram:dt5j_xwdgeb,https://www.instagram.com/reel/DT5j_xwDgEB,2026-01-26,thetidytrendy,Instagram
instagram:dt4tk4eifi2,https://www.instagram.com/reel/DT4tk4Eifi2,2026-01-26,thestyleguyla,Instagram
instagram:dt6afbakdve,https://www.instagram.com/reel/DT6AFBakdVe,2026-01-26,angwith4,Instagram
instagram:dt8cg7uku3k,https://www.instagram.com/reel/DT8cG7UkU3k,2026-01-26,ourcozycolonialct,Instagram
instagram:dt-f8iqjrog,https://www.instagram.com/p/DT-f8iqjrOg/,2026-01-26,christaandthecity,Instagram
tiktok:7594657791516724535,https://www.tiktok.com/@jaylaferrell/video/7594657791516724535,2026-01-27,jaylaferrell,YT Shorts
url:www.pinterest.com/pin/917256649319315807,https://www.pinterest.com/pin/917256649319315807/,2026-01-27,designdetailsbydana,Pinterest
instagram:dt_dycskmpo,https://www.instagram.com/reel/DT_DycSkmPo,2026-01-28,surryplace,Instagram
instagram:dubtrkcdae7,https://www.instagram.com/reel/DUBTRKCDaE7,2026-01-28,homewithyoshi,Instagram
url:www.pinterest.com/pin/451697037649488206,https://www.pinterest.com/pin/451697037649488206/,2026-01-28,samgraciee,Pinterest
url:www.pinterest.com/pin/272186371229508918,https://www.pinterest.com/pin/272186371229508918/,2026-01-28,madlywish,Pinterest
instagram:dt_fa7iesam,https://www.instagram.com/reel/DT_FA7iESam,2026-01-28,kellitesta,Instagram
instagram:dubfp4ggxmm,https://www.instagram.com/reel/DUBfP4GgXMm,2026-01-28,surryplace,Instagram
url:www.pinterest.com/pin/271975264992968123,https://www.pinterest.com/pin/271975264992968123/,2026-02-01,tarajanestyle,Pinterest
tiktok:7601949064158039310,https://www.tiktok.com/@kara.graber/video/7601949064158039310/,2026-02-01,kara.graber,YT Shorts
instagram:dulw-k1ezmg,https://www.instagram.com/reel/DULW-k1EZMg,2026-02-01,destn8tion,YT Shorts
tiktok:7601550229174848799,https://www.tiktok.com/@thenuttybrunettehome/video/7601550229174848799,2026-02-01,thenuttybrunettehome,YT Shorts
instagram:duk4knidh1j,https://www.instagram.com/reel/DUK4knIDh1J,2026-02-01,milaneyakarcha,YT Shorts
instagram:duiurwbkrot,https://www.instagram.com/reel/DUIuRwBkRot,2026-02-01,courtneytaylorhome,YT Shorts
instagram:duhie9edcrh,https://www.instagram.com/reel/DUHiE9eDCRH,2026-02-01,homeandstylebyt,YT Shorts
url:www.pinterest.com/pin/14003448838062069,https://www.pinterest.com/pin/14003448838062069/,2026-02-02,yourdesignerbff,Pinterest
tiktok:7602207998223617294,https://www.tiktok.com/@melissajwellness/video/7602207998223617294,2026-02-02,melissajwellness,YT Shorts
tiktok:7602449136834596126,https://www.tiktok.com/@surryplace/video/7602449136834596126,2026-02-03,surryplace,YT Shorts
url:www.pinterest.com/pin/493566440434518525,https://www.pinterest.com/pin/493566440434518525/,2026-02-03,MaeSitler,Pinterest
url:www.pinterest.com/pin/647322146482896632,https://www.pinterest.com/pin/647322146482896632/,2026-02-03,AStylzFashion,Pinterest
url:www.pinterest.com/pin/507569820525401848,https://www.pinterest.com/pin/507569820525401848/,2026-02-03,reallyrians,Pinterest
url:www.pinterest.com/pin/972918325764202767,https://www.pinterest.com/pin/972918325764202767/,2026-02-03,finding_your_aesthetic,Pinterest
url:www.pinterest.com/pin/153192824821091025,https://www.pinterest.com/pin/153192824821091025/,2026-02-03,emilyaharrah,Pinterest
url:www.pinterest.com/pin/223631937742555937,https://www.pinterest.com/pin/223631937742555937/,2026-02-03,brookeranz,Pinterest
url:www.pinterest.com/pin/18084835998862024,https://www.pinterest.com/pin/18084835998862024/,2026-02-03,deonewatkins,Pinterest
url:www.pinterest.com/pin/272186371229457015,https://www.pinterest.com/pin/272186371229457015/,2026-02-03,madlywish,Pinterest
url:www.pinterest.com/pin/37295503160347863,https://www.pinterest.com/pin/37295503160347863/,2026-02-03,ladyofashion,Pinterest
url:www.pinterest.com/pin/443745369556582152,https://www.pinterest.com/pin/443745369556582152/,2026-02-03,omgnunu,Pinterest
tiktok:7602835211751083294,https://www.tiktok.com/@keonasdeals/video/7602835211751083294,2026-02-03,keonasdeals,YT Shorts
url:www.pinterest.com/pin/522347256803925626,https://www.pinterest.com/pin/522347256803925626/,2026-02-03,boredmomsite,Pinterest
instagram:duvq-2gkyw4,https://www.instagram.com/reel/DUVq-2GkYw4,2026-02-03,elainebatista,YT Shorts
instagram:dutmc7rksyp,https://www.instagram.com/reel/DUTmC7rksyp,2026-02-03,stephaniewolfe,YT Shorts
tiktok:7603079904900435230,https://www.tiktok.com/@keonasdeals/video/7603079904900435230,2026-02-03,keonasdeals,YT Shorts
instagram:dut_gxrkwx1,https://www.instagram.com/reel/DUT_GxrkWx1,2026-02-03,yessy_reviews,YT Shorts
url:www.pinterest.com/pin/507569820525301967,https://www.pinterest.com/pin/507569820525301967/,2026-02-03,reallyrians,Pinterest
url:www.pinterest.com/pin/972918325762556986,https://www.pinterest.com/pin/972918325762556986/,2026-02-03,finding_your_aesthetic,Pinterest
url:www.pinterest.com/pin/271975264992876602,https://www.pinterest.com/pin/271975264992876602/,2026-02-03,tarajanestyle,Pinterest
instagram:duxbvqoefab,https://www.instagram.com/reel/DUXBvqOEfaB,2026-02-05,thestyleguyla,Instagram
instagram:dutysbmeubd,https://www.instagram.com/reel/DUTysBmEUBD,2026-02-05,minjamusich,Instagram
instagram:durfusykjb2,https://www.instagram.com/reel/DURfUSYkjb2,2026-02-05,surryplace,Instagram
instagram:durme6fjb26,https://www.instagram.com/reel/DURmE6fjb26,2026-02-05,our.cozyluxe.haven,Instagram
instagram:duwpz6niuhe,https://www.instagram.com/reel/DUWpZ6niUhE,2026-02-05,madlywish,Instagram
instagram:duotlljexfi,https://www.instagram.com/reel/DUOtlLJEXFI,2026-02-05,arlindabkurtishi,Instagram
instagram:due8ietaaeo,https://www.instagram.com/reel/DUE8ietAaEO,2026-02-05,jaylaferrell_,Instagram
instagram:dufevesdg6o,https://www.instagram.com/reel/DUFEveSDG6o,2026-02-05,tannesiavs,Instagram
instagram:dugoszkdtw0,https://www.instagram.com/reel/DUGOSZkDTW0,2026-02-05,homebyxi,Instagram
instagram:dug8zwmj78z,https://www.instagram.com/reel/DUG8ZwMj78Z,2026-02-05,stacy.bowler,Instagram
instagram:dujhysfckhm,https://www.instagram.com/reel/DUJHysFCKHm,2026-02-05,surryplace,Instagram
instagram:duhs5eleuhp,https://www.instagram.com/reel/DUHS5eLEUhp,2026-02-05,ourcozycolonialct,Instagram
instagram:duzvntvdrgz,https://www.instagram.com/reel/DUZvNTVDrgz,2026-02-06,thetidytrendy,YT Shorts
instagram:duzidskkmbo,https://www.instagram.com/reel/DUZiDskkmBo,2026-02-06,craftednoshexplorer,YT Shorts
tiktok:7598299067118079246,https://www.tiktok.com/@emilyharrah/video/7598299067118079246,2026-02-09,emilyharrah,TikTok
instagram:dumpepnjyu5,https://www.instagram.com/reel/DUmPEpNjYu5,2026-02-09,keysbykiana,YT Shorts
instagram:duif5cagg0j,https://www.instagram.com/reel/DUif5cagG0J,2026-02-09,simply40north,YT Shorts
tiktok:7604572715562896654,https://www.tiktok.com/@danakramer_/video/7604572715562896654/,2026-02-09,danakramer_,YT Shorts
tiktok:7604538657806028045,https://www.tiktok.com/@elaine.batista19/video/7604538657806028045,2026-02-09,elaine.batista19,YT Shorts
instagram:duiwex_dxmm,https://www.instagram.com/reel/DUiwEX_DXmm,2026-02-09,arlindabkurtishi,YT Shorts
tiktok:7605028758965194014,https://www.tiktok.com/@reallyrians/video/7605028758965194014,2026-02-09,reallyrians,YT Shorts
tiktok:7598375622569659662,https://www.tiktok.com/@mariawedding/video/7598375622569659662,2026-02-09,mariawedding,TikTok
url:www.pinterest.com/pin/917256649319982254,https://www.pinterest.com/pin/917256649319982254/,2026-02-09,designdetailsbydana,Pinterest
instagram:dumkanmaem4,https://www.instagram.com/reel/DUmKanmAEm4,2026-02-09,thedeezignlab,YT Shorts
url:www.pinterest.com/pin/686869380713404798,https://www.pinterest.com/pin/686869380713404798/,2026-02-09,lindaw9620,Pinterest
url:www.pinterest.com/pin/223631937742712446,https://www.pinterest.com/pin/223631937742712446/,2026-02-09,brookeranz,Pinterest
url:www.pinterest.com/pin/272186371229551209,https://www.pinterest.com/pin/272186371229551209/,2026-02-09,madlywish,Pinterest
url:www.pinterest.com/pin/223631937742712429,https://www.pinterest.com/pin/223631937742712429/,2026-02-09,brookeranz,Pinterest
url:www.pinterest.com/pin/37295503160526348,https://www.pinterest.com/pin/37295503160526348/,2026-02-09,ladyofashion,Pinterest
url:www.pinterest.com/pin/917256649319442306,https://www.pinterest.com/pin/917256649319442306/,2026-02-09,designdetailsbydana,Pinterest
tiktok:7603546793728691487,https://www.tiktok.com/@josieturl/video/7603546793728691487?lang=en,2026-02-09,josieturl,TikTok
tiktok:7593423102176988446,https://www.tiktok.com/@houseofworth/video/7593423102176988446?lang=en,2026-02-16,houseofworth,TikTok
instagram:du16odpks_m,https://www.instagram.com/reel/DU16ODPkS_M,2026-02-17,simoneugc50,YT Shorts
instagram:du1hby6ezaw,https://www.instagram.com/reel/DU1Hby6EZaw,2026-02-17,jenniferr.vo,YT Shorts
tiktok:7607884325526228237,https://www.tiktok.com/@_queenofeverythingg/video/7607884325526228237?lang=en,2026-02-17,_queenofeverythingg,TikTok
instagram:du1dmqtaajl,https://www.instagram.com/reel/DU1dMqTAAjl,2026-02-17,arlindabkurtishi,YT Shorts
tiktok:7608006647289564447,https://www.tiktok.com/@momswhodesign/video/7608006647289564447/,2026-02-18,momswhodesign,YT Shorts
instagram:du3hhxjke3y,https://www.instagram.com/reel/DU3HHXJke3Y,2026-02-18,sweethomeology,YT Shorts
instagram:du3fnold10n,https://www.instagram.com/reel/DU3fnOLD10N,2026-02-18,beltzpro_designs,YT Shorts
instagram:du8mnfpkrtc,https://www.instagram.com/reel/DU8MNfPkRtC,2026-02-19,chilldesignsbyjess,YT Shorts
tiktok:7608324258179091725,https://www.tiktok.com/@stephaniemwolfe/video/7608324258179091725,2026-02-19,stephaniewolfe,YT Shorts
instagram:du8xvo9dkje,https://www.instagram.com/reel/DU8XvO9DkJE,2026-02-19,christaandthecity,YT Shorts
instagram:du9fixbedi0,https://www.instagram.com/reel/DU9FIxbEdi0,2026-02-20,arabellasourglow,YT Shorts
tiktok:7608700195424980254,https://www.tiktok.com/@taticamar7/video/7608700195424980254,2026-02-20,taticamar7,YT Shorts
instagram:du_coqadhx1,https://www.instagram.com/reel/DU_COQADhX1,2026-02-23,designdetailsbydana,YT Shorts
instagram:dvcgow5ev4l,https://www.instagram.com/reel/DVCGOw5EV4L,2026-02-23,chelsealizgreer,YT Shorts
tiktok:7609865105030794510,https://www.tiktok.com/@ourcozycolonialct/video/7609865105030794510,2026-02-23,ourcozycolonialct,YT Shorts
instagram:dvaaf20evdj,https://www.instagram.com/reel/DVAAF20EVDj,2026-02-24,sequinedbysierra,YT Shorts
instagram:du_g9qmgzed,https://www.instagram.com/reel/DU_g9QMgZEd,2026-02-24,dana.vento,YT Shorts
instagram:dvaemodjabk,https://www.instagram.com/reel/DVAEmODjABk,2026-02-24,jai.wayyy,YT Shorts
tiktok:7607562903608200462,https://www.tiktok.com/@allaboutmicha/video/7607562903608200462,2026-02-24,allaboutmicha,YT Shorts
url:www.pinterest.com/pin/397301998398940372,https://www.pinterest.com/pin/397301998398940372/,2026-02-24,allurebycher,Pinterest
url:www.pinterest.com/pin/917256649320395264,https://www.pinterest.com/pin/917256649320395264/,2026-02-24,designdetailsbydana,Pinterest
url:www.pinterest.com/pin/1064538430678060689,https://www.pinterest.com/pin/1064538430678060689/,2026-02-24,carrieithomedecor,Pinterest
url:www.pinterest.com/pin/37295503160581324,https://www.pinterest.com/pin/37295503160581324/,2026-02-24,ladyofashion,Pinterest
url:www.pinterest.com/pin/14003448837695649,https://www.pinterest.com/pin/14003448837695649/,2026-02-24,yourdesignerbff,Pinterest
url:www.pinterest.com/pin/14003448837692693,https://www.pinterest.com/pin/14003448837692693/,2026-02-24,yourdesignerbff,Pinterest
instagram:du-2kfbdzu1,https://www.instagram.com/reel/DU-2KFbDZU1,2026-02-24,curatedbyreina,YT Shorts
url:www.pinterest.com/pin/1131670212633853468,https://www.pinterest.com/pin/1131670212633853468/,2026-02-24,triedandtruemomlife,Pinterest
url:www.pinterest.com/pin/1064538430678060876,https://www.pinterest.com/pin/1064538430678060876/,2026-02-24,carrieithomedecor,Pinterest
url:www.pinterest.com/pin/14003448837776586,https://www.pinterest.com/pin/14003448837776586/,2026-02-24,yourdesignerbff,Pinterest
url:www.pinterest.com/pin/1064538430678060679,https://www.pinterest.com/pin/1064538430678060679/,2026-02-24,carrieithomedecor,Pinterest
url:www.pinterest.com/pin/1064538430678060668,https://www.pinterest.com/pin/1064538430678060668/,2026-02-24,carrieithomedecor,Pinterest
url:www.pinterest.com/pin/1064538430678060564,https://www.pinterest.com/pin/1064538430678060564/,2026-02-24,carrieithomedecor,Pinterest
url:www.pinterest.com/pin/14003448837633849,https://www.pinterest.com/pin/14003448837633849/,2026-02-24,yourdesignerbff,Pinterest
url:www.pinterest.com/pin/271975264993071975,https://www.pinterest.com/pin/271975264993071975/,2026-02-24,tarajanestyle,Pinterest
url:www.pinterest.com/pin/37295503160577139,https://www.pinterest.com/pin/37295503160577139/,2026-02-24,ladyofashion,Pinterest
url:www.pinterest.com/pin/415808978117232433,https://www.pinterest.com/pin/415808978117232433/,2026-02-24,oiwajoyce01,Pinterest
instagram:dvjr1mrksm7,https://www.instagram.com/reel/DVJr1MrkSM7,2026-02-25,andreamworley,YT Shorts
url:www.pinterest.com/pin/633387444027640,https://www.pinterest.com/pin/633387444027640/,2026-02-25,BabyGonzila,Pinterest
url:www.pinterest.com/pin/1064538430679906871,https://www.pinterest.com/pin/1064538430679906871/,2026-02-25,carrieithomedecor,Pinterest
url:www.pinterest.com/pin/415808978117555291,https://www.pinterest.com/pin/415808978117555291/,2026-02-25,oiwajoyce01,Pinterest
tiktok:7610596705720929567,https://www.tiktok.com/@tinatealhome/video/7610596705720929567,2026-02-25,tinatealhome,YT Shorts
instagram:dvj4grcd0wa,https://www.instagram.com/reel/DVJ4gRCD0Wa,2026-02-25,lachiccouture,YT Shorts
instagram:dvlteteeqwk,https://www.instagram.com/reel/DVLteteEQwK,2026-02-25,finding_your_aesthetic,YT Shorts
url:www.pinterest.com/pin/124341639708938671,https://www.pinterest.com/pin/124341639708938671/,2026-02-25,CozyOnCottonCreek,Pinterest
url:www.pinterest.com/pin/137430226133887169,https://www.pinterest.com/pin/137430226133887169/,2026-02-25,ashdelore,Pinterest
url:www.pinterest.com/pin/153192824820954223,https://www.pinterest.com/pin/153192824820954223/,2026-02-25,emilyaharrah,Pinterest
url:www.pinterest.com/pin/223631937742406759,https://www.pinterest.com/pin/223631937742406759/,2026-02-25,brookeranz,Pinterest
tiktok:7610517395198741791,https://www.tiktok.com/@just_brandi11/video/7610517395198741791/,2026-02-25,just_brandi11,YT Shorts
tiktok:7610519859587239181,https://www.tiktok.com/@storyofzena/video/7610519859587239181,2026-02-25,storyofzena,YT Shorts
instagram:dvmbuerjmts,https://www.instagram.com/reel/DVMBuERjmTS,2026-02-26,tati_camar,YT Shorts
instagram:dvmglobkzyq,https://www.instagram.com/reel/DVMGLobkZyq,2026-02-26,our.cozyluxe.haven,YT Shorts
tiktok:7610804980559252749,https://www.tiktok.com/@dzaninatahirovic_/video/7610804980559252749,2026-02-26,dzaninatahirovic,YT Shorts
instagram:dvmevvnkx9k,https://www.instagram.com/reel/DVMEVVNkX9k,2026-02-26,inspirationbycp,YT Shorts
instagram:dvl93gejact,https://www.instagram.com/reel/DVL93GejacT,2026-02-26,farmhouse40_,YT Shorts
url:www.instagram.com/reels/dvwbfvzeuyx,https://www.instagram.com/reels/DVWBFvzEUyX/,2026-03-02,hamiltonhaven5,Instagram
instagram:dvwigryejto,https://www.instagram.com/reel/DVWiGRYEjTo,2026-03-02,atouchofsimplicitybyrana,YT Shorts
tiktok:7612435917814451469,https://www.tiktok.com/@christenathome/video/7612435917814451469,2026-03-02,christenathome,YT Shorts
tiktok:7612304281546345741,https://www.tiktok.com/@thetidytrendy/video/7612304281546345741,2026-03-02,thetidytrendy,YT Shorts
url:www.instagram.com/reels/dvxuimpjkn8,https://www.instagram.com/reels/DVXUiMPjKn8/,2026-03-02,yourdesignerbff,Instagram
url:www.instagram.com/reels/dvwwzn3gxul,https://www.instagram.com/reels/DVWwzn3gXuL/,2026-03-02,carrieithome,Instagram
url:www.instagram.com/reels/dvv9v4udaxv,https://www.instagram.com/reels/DVV9v4UDaxV/,2026-03-02,outfitsbyashley,Instagram
url:www.instagram.com/reels/dvwigryejto,https://www.instagram.com/reels/DVWiGRYEjTo/,2026-03-02,atouchofsimplicitybyrana,Instagram
url:www.instagram.com/reels/dvwhpj0doh-,https://www.instagram.com/reels/DVWHpJ0DOH-/,2026-03-02,beesnburlap,Instagram
url:www.instagram.com/reels/dvsqqqkky0b,https://www.instagram.com/reels/DVSQqQKkY0B/,2026-03-02,devinawyatt,Instagram
url:www.instagram.com/reels/dvpboktkf6x,https://www.instagram.com/reels/DVPBoktkf6X/,2026-03-02,arabellasourglow,Instagram
url:www.instagram.com/reels/dvq_ytudjfd,https://www.instagram.com/reels/DVQ_yTuDjfd/,2026-03-02,lafevreliving1,Instagram
tiktok:7611419653679615245,https://www.tiktok.com/@jaylaferrell/video/7611419653679615245?lang=en,2026-03-02,jaylaferrell,TikTok
url:www.instagram.com/reels/dvhhwmykvwe,https://www.instagram.com/reels/DVHHWMYkVWE/,2026-03-02,sweethomeology,Instagram
url:www.instagram.com/reels/dvkbglvet5n,https://www.instagram.com/reels/DVKbgLVET5n/,2026-03-02,ourcozycolonialct,Instagram
url:www.instagram.com/reels/dvlteteeqwk,https://www.instagram.com/reels/DVLteteEQwK/,2026-03-02,finding_your_aesthetic,Instagram
url:www.instagram.com/reels/dvrxl-getjr,https://www.instagram.com/reels/DVRXL-gETJR/,2026-03-02,made.by.madeline.design,Instagram
url:www.instagram.com/reels/dvmevvnkx9k,https://www.instagram.com/reels/DVMEVVNkX9k/,2026-03-02,inspirationbycp,Instagram
url:www.instagram.com/reels/dvozgszezhm,https://www.instagram.com/reels/DVOzgsZEZHm/,2026-03-02,thetidytrendy,Instagram
url:www.instagram.com/reels/dvqa3ase33z,https://www.instagram.com/reels/DVQA3ASE33Z/,2026-03-02,jaylaferrell_,Instagram
url:www.instagram.com/reels/dvlx_7zdnxz,https://www.instagram.com/reels/DVLx_7zDnXZ/,2026-03-02,dzaninatahirovic,Instagram
url:www.instagram.com/reels/dvyl0jndnqx,https://www.instagram.com/reels/DVYl0jnDnqx//,2026-03-03,pinchmeimhome,Instagram
url:www.instagram.com/reels/dvzb25xkyii,https://www.instagram.com/reels/DVZB25xkYIi/,2026-03-03,jalyssa_doubleu,Instagram
url:www.instagram.com/reels/dvbtz2zgzmv,https://www.instagram.com/reels/DVbtZ2ZgZMV/,2026-03-03,onesqftatime,Instagram
url:www.instagram.com/reels/dvbx1-ckfxn,https://www.instagram.com/reels/DVbX1-ckfxn/,2026-03-03,howwedo208,Instagram
url:www.instagram.com/reels/dvbomttkrfs,https://www.instagram.com/reels/DVbOMttkRfS/,2026-03-03,homebodywithforlisa,Instagram
tiktok:7612430177263537439,https://www.tiktok.com/@robinwarz.interiors/video/7612430177263537439,2026-03-05,robinwarz.interiors,YT Shorts
url:www.pinterest.com/pin/917256649320930196,https://www.pinterest.com/pin/917256649320930196/,2026-03-09,designdetailsbydana,Pinterest
url:www.pinterest.com/pin/415808978118620600,https://www.pinterest.com/pin/415808978118620600/,2026-03-09,oiwajoyce01,Pinterest
url:www.pinterest.com/pin/37295503160629186,https://www.pinterest.com/pin/37295503160629186/,2026-03-09,ladyofashion,Pinterest
url:www.pinterest.com/pin/261349584622802611,https://www.pinterest.com/pin/261349584622802611/,2026-03-09,Dana_Vento,Pinterest
url:www.pinterest.com/pin/415808978118609697,https://www.pinterest.com/pin/415808978118609697/,2026-03-09,oiwajoyce01,Pinterest
url:www.pinterest.com/pin/231583605835832513,https://www.pinterest.com/pin/231583605835832513/,2026-03-09,mjames77,Pinterest
url:www.pinterest.com/pin/415808978118596168,https://www.pinterest.com/pin/415808978118596168/,2026-03-09,oiwajoyce01,Pinterest
url:www.pinterest.com/pin/522347256804688423,https://www.pinterest.com/pin/522347256804688423/,2026-03-09,boredmomsite,Pinterest
url:www.pinterest.com/pin/415808978118596164,https://www.pinterest.com/pin/415808978118596164/,2026-03-09,oiwajoyce01,Pinterest
url:www.pinterest.com/pin/261349584622790513,https://www.pinterest.com/pin/261349584622790513/,2026-03-09,Dana_Vento,Pinterest
url:www.pinterest.com/pin/917256649320929165,https://www.pinterest.com/pin/917256649320929165/,2026-03-09,designdetailsbydana,Pinterest
url:www.pinterest.com/pin/90001692550491072,https://www.pinterest.com/pin/90001692550491072/,2026-03-09,howwedo208,Pinterest
url:www.pinterest.com/pin/68187381856175030,https://www.pinterest.com/pin/68187381856175030/,2026-03-10,enamour,Pinterest
url:www.pinterest.com/pin/90001692550481422,https://www.pinterest.com/pin/90001692550481422/,2026-03-10,howwedo208,Pinterest
url:www.pinterest.com/pin/522347256804667866,https://www.pinterest.com/pin/522347256804667866/,2026-03-10,boredmomsite,Pinterest
url:www.pinterest.com/pin/917256649320796642,https://www.pinterest.com/pin/917256649320796642/,2026-03-10,designdetailsbydana,Pinterest
url:www.pinterest.com/pin/522347256804657029,https://www.pinterest.com/pin/522347256804657029/,2026-03-10,boredmomsite,Pinterest
url:www.pinterest.com/pin/889109151451799298,https://www.pinterest.com/pin/889109151451799298/,2026-03-10,sevensixtyhomeco,Pinterest
url:www.pinterest.com/pin/522347256804637670,https://www.pinterest.com/pin/522347256804637670/,2026-03-10,boredmomsite,Pinterest
url:www.pinterest.com/pin/522347256804653832,https://www.pinterest.com/pin/522347256804653832/,2026-03-10,boredmomsite,Pinterest
tiktok:7610979517271674126,https://www.tiktok.com/@ourcozycolonialct/video/7610979517271674126?lang=en,2026-03-10,ourcozycolonialct,TikTok
url:www.pinterest.com/pin/522347256804653792,https://www.pinterest.com/pin/522347256804653792/,2026-03-10,boredmomsite,Pinterest
url:www.pinterest.com/pin/417497827975970810,https://www.pinterest.com/pin/417497827975970810/,2026-03-10,EyeSeeYourBeautyHomeDecor,Pinterest
url:www.pinterest.com/pin/522347256804653354,https://www.pinterest.com/pin/522347256804653354/,2026-03-10,boredmomsite,Pinterest
url:www.pinterest.com/pin/522347256804654714,https://www.pinterest.com/pin/522347256804654714/,2026-03-10,boredmomsite,Pinterest
tiktok:7612861517498699038,https://www.tiktok.com/@tamaramariexoxo/video/7612861517498699038?lang=en,2026-03-13,tamaramariexoxo,TikTok
tiktok:7612401486718356766,https://www.tiktok.com/@atouchofsimplicitybyrana/video/7612401486718356766,2026-03-13,atouchofsimplicitybyrana,TikTok
tiktok:7614199784693452063,https://www.tiktok.com/@therealheidicarter/video/7614199784693452063?lang=en,2026-03-13,therealheidicarter,TikTok
tiktok:7616203698598874398,https://www.tiktok.com/@reallyrians/video/7616203698598874398?lang=en,2026-03-13,reallyrians,TikTok
instagram:dv1pnqzgtyh,https://www.instagram.com/reel/DV1pnQzgTYh/?igsh=ZzYzMzdwOGNxd25z,2026-03-13,carrieithome,Instagram
url:www.instagram.com/reels/dvy_2unj8it,https://www.instagram.com/reels/DVy_2unj8iT/,2026-03-13,christen.at.home,Instagram
url:www.instagram.com/reels/dvyrzt7k07a,https://www.instagram.com/reels/DVyRZT7k07a/,2026-03-13,chilldesignsbyjess,Instagram
url:www.instagram.com/reels/dvylg28dgi0,https://www.instagram.com/reels/DVyLG28Dgi0/,2026-03-13,erinszoch,Instagram
url:www.instagram.com/reels/dvwobokkfgw,https://www.instagram.com/reels/DVwObokkfGw/,2026-03-13,sweethomeology,Instagram
url:www.instagram.com/reels/dvw_kxijuaf,https://www.instagram.com/reels/DVw_KxijuAf/,2026-03-13,olyacreative,Instagram
url:www.instagram.com/reels/dvwgl82gb6y,https://www.instagram.com/reels/DVwGl82gB6Y/,2026-03-13,CozyOnCottonCreek,Instagram
url:www.instagram.com/reels/dvvynkpafzd,https://www.instagram.com/reels/DVvyNKpAfZd/,2026-03-13,carrieithome,Instagram
url:www.instagram.com/reels/dvvuxfqivvt,https://www.instagram.com/reels/DVvuXfQivVT/,2026-03-13,healyourhomewmedina,Instagram
url:www.instagram.com/reels/dvvstu7d9xu,https://www.instagram.com/reels/DVvsTu7D9xU/,2026-03-13,thepirigyihome_,Instagram
url:www.instagram.com/reels/dvvrvekdqrk,https://www.instagram.com/reels/DVvrVekDqrk/,2026-03-13,lafevreliving1,Instagram
url:www.instagram.com/reels/dvxvkqcajs1,https://www.instagram.com/reels/DVxVKQcAJS1/,2026-03-13,madlywish,Instagram
url:www.instagram.com/reels/dvtt3p-ad8p,https://www.instagram.com/reels/DVtt3p-Ad8P/,2026-03-13,atouchofsimplicitybyrana,Instagram
tiktok:7615249225684634894,https://www.tiktok.com/@carrieithome/video/7615249225684634894?lang=en,2026-03-13,carrieithome,TikTok
url:www.instagram.com/reels/dvtgh1njwvd,https://www.instagram.com/reels/DVtGH1NjWVD/,2026-03-13,itsjoycecreates,Instagram
url:www.instagram.com/reels/dvq-otidhre,https://www.instagram.com/reels/DVq-OTIDhrE/,2026-03-13,skillinhome,Instagram
url:www.instagram.com/reels/dvq29edjyo-,https://www.instagram.com/reels/DVq29EDjYO-/,2026-03-13,farmhouse40_,Instagram
url:www.instagram.com/reels/dvkmid5jcx2,https://www.instagram.com/reels/DVkmId5jcX2/,2026-03-13,layeredbymonay,Instagram
url:www.instagram.com/reels/dvqz8aydbog,https://www.instagram.com/reels/DVqZ8ayDbOG/,2026-03-13,homewithshanna,Instagram
url:www.instagram.com/reels/dvoqom6kqyq,https://www.instagram.com/reels/DVoqoM6kqYq/,2026-03-13,lifeinwaheaven,Instagram
url:www.instagram.com/reels/dvockg8dukw,https://www.instagram.com/reels/DVoCKG8DUkW/,2026-03-13,itsjoycecreates,Instagram
url:www.instagram.com/reels/dvmj1x8sjhj,https://www.instagram.com/reels/DVmJ1X8sjHj/,2026-03-13,yourdesignerbff,Instagram
url:www.instagram.com/reels/dvlgaelebqc,https://www.instagram.com/reels/DVlgaelEbqC/,2026-03-13,inspirationbycp,Instagram
url:www.instagram.com/reels/dvlesw1jz00,https://www.instagram.com/reels/DVlesw1jZ00/,2026-03-13,itsjoycecreates,Instagram
url:www.instagram.com/reels/dvku1jzdm2r,https://www.instagram.com/reels/DVkU1JZDm2r/,2026-03-13,arabellasourglow,Instagram
url:www.instagram.com/reels/dvjrkr6ksra,https://www.instagram.com/reels/DVjRkR6kSRA/,2026-03-13,courtneytaylorhome,Instagram
url:www.instagram.com/reels/dvj47teei7u,https://www.instagram.com/reels/DVj47TeEi7u/,2026-03-13,mshollyinspired,Instagram
url:www.instagram.com/reels/dvqeyjhgo_8,https://www.instagram.com/reels/DVqeYJhgO_8/,2026-03-13,simply40north,Instagram
url:www.instagram.com/reels/dviumqpkwbc,https://www.instagram.com/reels/DViuMqpkWBC/,2026-03-13,whitcomb_home,Instagram
url:www.instagram.com/reels/dvhzzx_gquv,https://www.instagram.com/reels/DVhzzX_gQuv/,2026-03-13,jaylaferrell_,Instagram
url:www.instagram.com/reels/dvhfwdldpdn,https://www.instagram.com/reels/DVhfWdlDpDN/,2026-03-13,nissalynninteriors,Instagram
url:www.instagram.com/reels/dvfs-grjuo_,https://www.instagram.com/reels/DVfS-grjuO_/,2026-03-13,olyacreative,Instagram
url:www.instagram.com/reels/dvffmv9ebws,https://www.instagram.com/reels/DVfFMv9EbWS/,2026-03-13,jalyssa_doubleu,Instagram
url:www.instagram.com/reels/dveguiakur4,https://www.instagram.com/reels/DVegUIakuR4/,2026-03-13,layeredbymonay,Instagram
url:www.instagram.com/reels/dvjtoq8eti3,https://www.instagram.com/reels/DVjToQ8ETI3/,2026-03-13,brittanydesignspo,Instagram
url:www.instagram.com/reels/dvjqgi7cfg4,https://www.instagram.com/reels/DVjQgI7CFg4/,2026-03-13,howwedo208,Instagram
url:www.instagram.com/reels/dv3zxyaaa9l,https://www.instagram.com/reels/DV3ZxYaAa9l/,2026-03-16,carrieithome,Instagram
url:www.instagram.com/reels/dv8p-9woc9n,https://www.instagram.com/reels/DV8p-9WoC9n/,2026-03-16,houseoncalgarydowns,Instagram
instagram:dv9ayuqefz5,https://www.instagram.com/p/DV9AyuqEfZ5/,2026-03-16,bogatella,Instagram
url:www.instagram.com/reels/dv7jlfhjo5f,https://www.instagram.com/reels/DV7JLfhjO5F/,2026-03-16,beesnburlap,Instagram
url:www.instagram.com/reels/dv9jboqccrw,https://www.instagram.com/reels/DV9JBOQCcRw/,2026-03-16,homewithshanna,Instagram
url:www.instagram.com/reels/dv5_drieyou,https://www.instagram.com/reels/DV5_dRiEyoU/,2026-03-16,itsjoycecreates,Instagram
url:www.instagram.com/reels/dv36lcejnfn,https://www.instagram.com/reels/DV36lcEjnfN/,2026-03-16,kellitesta,Instagram
url:www.instagram.com/reels/dv5cvrjdn7o,https://www.instagram.com/reels/DV5CvRJDn7o/,2026-03-16,chelsealizgreer,Instagram
url:www.instagram.com/reels/dv58hsbkulr,https://www.instagram.com/reels/DV58hSBkUlR/,2026-03-16,trailertocastle,Instagram
url:www.pinterest.com/pin/415808978118676708,https://www.pinterest.com/pin/415808978118676708/,2026-03-18,oiwajoyce01,Pinterest
url:www.instagram.com/reels/dwbysgxadq8,https://www.instagram.com/reels/DWBySgxAdq8/,2026-03-18,carrieithome,Instagram
url:www.instagram.com/reels/dwbu5qujoak,https://www.instagram.com/reels/DWBu5qUjoAK/,2026-03-18,designdetailsbydana,Instagram
url:www.instagram.com/reels/dwaped6drmo,https://www.instagram.com/reels/DWAPEd6DrMO/,2026-03-18,hanginwithhope,Instagram
url:www.instagram.com/reels/dwakg8bdu-o,https://www.instagram.com/reels/DWAKg8bDU-o/,2026-03-18,farmhouse40_,Instagram
url:www.pinterest.com/pin/271271577551920015,https://www.pinterest.com/pin/271271577551920015/,2026-03-18,TinaTealHome,Pinterest
url:www.instagram.com/reels/dv-xwfymdjw,https://www.instagram.com/reels/DV-XwfYMdjW/,2026-03-18,linda_wolfee,Instagram
url:www.pinterest.com/pin/351912467220438,https://www.pinterest.com/pin/351912467220438/,2026-03-18,etoothil,Pinterest
url:www.pinterest.com/pin/14003448838269289,https://www.pinterest.com/pin/14003448838269289/,2026-03-18,yourdesignerbff,Pinterest
url:www.pinterest.com/pin/271271577551921377,https://www.pinterest.com/pin/271271577551921377/,2026-03-18,TinaTealHome,Pinterest
url:www.pinterest.com/pin/60587557484076936,https://www.pinterest.com/pin/60587557484076936/,2026-03-18,neathousesweethome,Pinterest
url:www.pinterest.com/pin/1018869115717485562,https://www.pinterest.com/pin/1018869115717485562/,2026-03-18,homewithkatrina,Pinterest
url:www.instagram.com/reels/dv_scghewed,https://www.instagram.com/reels/DV_scgHEWed/,2026-03-18,homebodywithforlisa,Instagram
url:www.pinterest.com/pin/271271577551919088,https://www.pinterest.com/pin/271271577551919088/,2026-03-18,TinaTealHome,Pinterest
url:www.pinterest.com/pin/271271577551917365,https://www.pinterest.com/pin/271271577551917365/,2026-03-18,TinaTealHome,Pinterest
url:www.pinterest.com/pin/917256649321279909,https://www.pinterest.com/pin/917256649321279909/,2026-03-18,designdetailsbydana,Pinterest
url:www.pinterest.com/pin/522347256804754113,https://www.pinterest.com/pin/522347256804754113/,2026-03-18,boredmomsite,Pinterest
url:www.pinterest.com/pin/261349584622822271,https://www.pinterest.com/pin/261349584622822271/,2026-03-18,Dana_Vento,Pinterest
url:www.pinterest.com/pin/415808978118664430,https://www.pinterest.com/pin/415808978118664430/,2026-03-18,oiwajoyce01,Pinterest
url:www.pinterest.com/pin/217509856998406060,https://www.pinterest.com/pin/217509856998406060/,2026-03-18,caffeineNgrace,Pinterest
url:www.pinterest.com/pin/217509856998406054,https://www.pinterest.com/pin/217509856998406054/,2026-03-18,caffeineNgrace,Pinterest
url:www.pinterest.com/pin/272186371229650754,https://www.pinterest.com/pin/272186371229650754/,2026-03-18,madlywish,Pinterest
url:www.pinterest.com/pin/507569820526167972,https://www.pinterest.com/pin/507569820526167972/,2026-03-18,reallyrians,Pinterest
url:www.pinterest.com/pin/124341639709388247,https://www.pinterest.com/pin/124341639709388247/,2026-03-18,CozyOnCottonCreek,Pinterest
url:www.pinterest.com/pin/522347256804761176,https://www.pinterest.com/pin/522347256804761176/,2026-03-18,boredmomsite,Pinterest
url:www.pinterest.com/pin/217509856998406052,https://www.pinterest.com/pin/217509856998406052/,2026-03-18,caffeineNgrace,Pinterest
url:www.instagram.com/reels/dwckcdjj4kl,https://www.instagram.com/reels/DWCKCDJj4Kl/,2026-03-19,healyourhomewmedina,Instagram
url:www.instagram.com/reels/dwevxu5kazo,https://www.instagram.com/reels/DWEVXU5kazO/,2026-03-19,inspirationbycp,Instagram
url:www.instagram.com/reels/dwd90tvapvz,https://www.instagram.com/reels/DWD90TvAPvz/,2026-03-19,homewithshanna,Instagram
url:www.instagram.com/reels/dwcvtsvkz5j,https://www.instagram.com/reels/DWCVtsvkZ5j/,2026-03-19,ourcozycolonialct,Instagram
tiktok:7618629741343444255,https://www.tiktok.com/@brittanydesignspo/video/7618629741343444255,2026-03-19,brittanydesignspo,YT Shorts
url:www.instagram.com/reels/dwccunfj0mj,https://www.instagram.com/reels/DWCCUNfj0mj/,2026-03-19,savannahprattsharma,Instagram
url:www.instagram.com/reels/dwemx-4dcwc,https://www.instagram.com/reels/DWEmx-4Dcwc/,2026-03-20,olyacreative,Instagram
url:www.instagram.com/reels/dvmbheqetsq,https://www.instagram.com/reels/DVmbhEQETSQ/,2026-03-20,thetidytrendy,Instagram
instagram:dwcdtqzkc3p,https://www.instagram.com/reel/DWCDtqzkc3p,2026-03-20,brittanydesignspo,Instagram
url:www.instagram.com/reels/dwkxf2rj4hu,https://www.instagram.com/reels/DWKXf2rj4Hu/,2026-03-23,caro.finnegan,Instagram
tiktok:7618777006154534175,https://www.tiktok.com/@tinatealhome/video/7618777006154534175,2026-03-23,tinatealhome,YT Shorts
instagram:dwol4knerz2,https://www.instagram.com/p/DWOl4kNERZ2/,2026-03-23,athomewithnene_,Instagram
url:www.instagram.com/reels/dwnhkmzjyv1,https://www.instagram.com/reels/DWNhkMzjyv1/,2026-03-23,tinatealhome,Instagram
url:www.instagram.com/reels/dwnpaiwbnm4,https://www.instagram.com/reels/DWNPaIwBnM4/,2026-03-23,carrieithome,Instagram
url:www.instagram.com/reels/dwmy4vzgymk,https://www.instagram.com/reels/DWMy4VzgYMK/,2026-03-23,carrieithome,Instagram
url:www.instagram.com/reels/dwmyguxfc50,https://www.instagram.com/reels/DWMyguXFc50/,2026-03-23,jaylaferrell_,Instagram
url:www.instagram.com/reels/dwl_8uee5p7,https://www.instagram.com/reels/DWL_8uEE5P7/,2026-03-23,itsjoycecreates,Instagram
url:www.instagram.com/reels/dwkufi6psmj,https://www.instagram.com/reels/DWKuFi6pSmj/,2026-03-23,irene_lovetolive,Instagram
url:www.instagram.com/reels/dwjsjbtjpmv,https://www.instagram.com/reels/DWJsJbtjpMv/,2026-03-23,teneisha,Instagram
url:www.instagram.com/reels/dwjrz-bfmis,https://www.instagram.com/reels/DWJRZ-BFMiS/,2026-03-23,savannahprattsharma,Instagram
url:www.instagram.com/reels/dwie-9jdqi8,https://www.instagram.com/reels/DWIE-9JDqi8/,2026-03-23,tatyanaplx,Instagram
url:www.instagram.com/reels/dwg2xt3denf,https://www.instagram.com/reels/DWG2XT3DENf/,2026-03-23,beesnburlap,Instagram
url:www.instagram.com/reels/dwgvq1nexwm,https://www.instagram.com/reels/DWGvq1NEXwm/,2026-03-23,yessy_reviews,Instagram
url:www.instagram.com/reels/dwfjxuteqlj,https://www.instagram.com/reels/DWFJXUTEqlJ/,2026-03-23,thestyleguyla,Instagram
url:www.instagram.com/reels/dvjw2kgkqlj,https://www.instagram.com/reels/DVjw2kgkqLJ/,2026-03-23,thestyleguyla,Instagram
url:www.instagram.com/reels/dwjyo3hjorh,https://www.instagram.com/reels/DWJYO3HjoRH/,2026-03-23,designdetailsbydana,Instagram
url:www.instagram.com/reels/dwhuk3tga5h,https://www.instagram.com/reels/DWHuK3Tga5h/,2026-03-23,carrieithome,Instagram
url:www.instagram.com/reels/dwrfyuganxw,https://www.instagram.com/reels/DWRFYUGANXW/,2026-03-24,simply40north,Instagram
url:www.instagram.com/reels/dwpqxs_ex-j,https://www.instagram.com/reels/DWPqxS_EX-J/,2026-03-24,ourcozycolonialct,Instagram
tiktok:7618305020731149581,https://www.tiktok.com/@thatgirlneishh/video/7618305020731149581?lang=en,2026-03-24,thatgirlneishh,TikTok
instagram:dwrpu2ydqsa,https://www.instagram.com/p/DWRPu2YDqsA/,2026-03-24,christaandthecity,Instagram
url:www.instagram.com/reels/dwrhgfejurq,https://www.instagram.com/reels/DWRHgfEjUrQ/,2026-03-24,homewithshanna,Instagram
url:www.instagram.com/reels/dwpvaxnarwe,https://www.instagram.com/reels/DWPvaxNARwE/,2026-03-24,carrieithome,Instagram
url:www.instagram.com/reels/dwpqnlve1sk,https://www.instagram.com/reels/DWPQnLvE1Sk/,2026-03-24,chilldesignsbyjess,Instagram
url:www.instagram.com/reels/dwpnzkgdy1g,https://www.instagram.com/reels/DWPnzkgDY1g/,2026-03-24,christen.at.home,Instagram
url:www.instagram.com/reels/dwpx6c7ibee,https://www.instagram.com/reels/DWPX6c7ibEE/,2026-03-24,houseoncalgarydowns,Instagram
url:www.instagram.com/reels/dwo3mwfdrur,https://www.instagram.com/reels/DWO3MWfDrUR/,2026-03-24,skillinhome,Instagram
url:www.instagram.com/reels/dwo2sqdkvyk,https://www.instagram.com/reels/DWO2sQdkVYk/,2026-03-24,bogatella,Instagram
url:www.instagram.com/reels/dwootbxjsou,https://www.instagram.com/reels/DWOotBXjsOU/,2026-03-24,lafevreliving1,Instagram
tiktok:7619345713964535053,https://www.tiktok.com/@anainteriors/video/7619345713964535053,2026-03-25,Anainteriors,TikTok
instagram:dwuykphiucc,https://www.instagram.com/p/DWUYKPHiUCC/,2026-03-25,olyacreative,Instagram
tiktok:7618649699267972383,https://www.tiktok.com/@homewithshanna/video/7618649699267972383?lang=en,2026-03-25,homewithshanna,TikTok
url:www.instagram.com/reels/dwwskule-s3,https://www.instagram.com/reels/DWWSkuLE-s3/,2026-03-26,itsjoycecreates,Instagram
url:www.instagram.com/reels/dwwoqfckcpt,https://www.instagram.com/reels/DWWoqfCkcpT/,2026-03-26,houseoncalgarydowns,Instagram
url:www.instagram.com/reels/dwtrlxfkvm1,https://www.instagram.com/reels/DWTrLxfkVm1/,2026-03-26,chilldesignsbyjess,Instagram
url:www.instagram.com/reels/dwt5u68gmgw,https://www.instagram.com/reels/DWT5u68gMGw/,2026-03-26,ourcoastalclassic,Instagram
tiktok:7622888132714712351,https://www.tiktok.com/@knowingkrescent/video/7622888132714712351,2026-03-30,knowingkrescent,TikTok
tiktok:7607916415521148173,https://www.tiktok.com/@danakramer_/video/7607916415521148173,2026-03-30,danakramer_,TikTok
youtube:yr-hvsc1rdy,https://www.youtube.com/shorts/yr-hvsC1rDY,2026-03-30,farmhouse40_,YT Shorts
tiktok:7618100081832512798,https://www.tiktok.com/@so_cal_mom/video/7618100081832512798?lang=en,2026-03-30,so_cal_mom,TikTok
instagram:dwg5_wjkf5j,https://www.instagram.com/reel/DWg5_wjkf5J,2026-03-30,thetidytrendy,YT Shorts
tiktok:7623101337017781534,https://www.tiktok.com/@homewithjami/video/7623101337017781534,2026-03-30,homewithjamie,TikTok
tiktok:7622909681144499487,https://www.tiktok.com/@knowingkrescent/video/7622909681144499487,2026-03-30,knowingkrescent,TikTok
tiktok:7622895826439818527,https://www.tiktok.com/@knowingkrescent/video/7622895826439818527,2026-03-30,knowingkrescent,TikTok
tiktok:7618076888866589982,https://www.tiktok.com/@sashhaaa._/video/7618076888866589982?lang=en,2026-03-30,sashhaaa._,TikTok
youtube:fqba4tpeohe,https://www.youtube.com/shorts/fQBA4TPEohE,2026-03-30,itsjoycecreatessnow,YT Shorts
tiktok:7618273679297858846,https://www.tiktok.com/@homewithshanna/video/7618273679297858846?lang=en,2026-03-30,homewithshanna,TikTok
tiktok:7617862851952151839,https://www.tiktok.com/@homewithjami/video/7617862851952151839,2026-03-30,homewithjamie,TikTok
tiktok:7617639600932031774,https://www.tiktok.com/@tinatealhome/video/7617639600932031774,2026-03-30,tinatealhome,TikTok
tiktok:7617697443873885470,https://www.tiktok.com/@tamaramariexoxo/video/7617697443873885470,2026-03-30,tamaramariexoxo,TikTok
tiktok:7616182336123669773,https://www.tiktok.com/@lachiccouture/video/7616182336123669773,2026-03-30,lachiccouture,TikTok
tiktok:7616180136223821070,https://www.tiktok.com/@lachiccouture/video/7616180136223821070,2026-03-30,lachiccouture,TikTok
tiktok:7616178058814295310,https://www.tiktok.com/@lachiccouture/video/7616178058814295310,2026-03-30,lachiccouture,TikTok
tiktok:7616339950149045535,https://www.tiktok.com/@erinszoch/video/7616339950149045535?lang=en,2026-03-30,erinszoch,TikTok
tiktok:7605270420035505421,https://www.tiktok.com/@danakramer_/video/7605270420035505421?lang=en,2026-03-30,danakramer_,TikTok
tiktok:7620632720795766029,https://www.tiktok.com/@heydanasia/video/7620632720795766029,2026-03-30,heydanasia,TikTok
instagram:dwg0wbnif1w,https://www.instagram.com/reel/DWg0WBNif1W,2026-04-02,layeredbymonay,YT Shorts
tiktok:7623559568840264990,https://www.tiktok.com/@chilldesignsbyjess/video/7623559568840264990/,2026-04-02,chilldesignsbyjess,YT Shorts
youtube:8k6uxujvpsi,https://www.youtube.com/shorts/8k6uxUJVPsI,2026-04-02,CarrieItHome,YT Shorts
instagram:dwfpzogji16,https://www.instagram.com/reel/DWfPzoGji16,2026-04-02,designdetailsbydana,YT Shorts
instagram:dweengbkdhi,https://www.instagram.com/reel/DWeenGBkdhi,2026-04-02,thepirigyihome_,YT Shorts
tiktok:7623076024296819981,https://www.tiktok.com/@carolinafinnegan/video/7623076024296819981,2026-04-02,carolinafinnegan,YT Shorts
url:www.instagram.com/reels/dwltcj7akzq,https://www.instagram.com/reels/DWltCj7AKZq/,2026-04-06,busytexasmom,Instagram
url:www.instagram.com/reels/dwwnkf-embb,https://www.instagram.com/reels/DWwnkF-EmbB/,2026-04-06,jaylaferrell_,Instagram
url:www.instagram.com/reels/dwq24qzkytg,https://www.instagram.com/reels/DWq24qzkytG/,2026-04-06,carrieithome,Instagram
url:www.instagram.com/reels/dwoviaojul5,https://www.instagram.com/reels/DWovIAOjUl5/,2026-04-06,homebyxi,Instagram
url:www.instagram.com/reels/dwofbmegofh,https://www.instagram.com/reels/DWofBMEgOfh/,2026-04-06,ourmountainsidehome_1,Instagram
url:www.instagram.com/reels/dwmwjpngdge,https://www.instagram.com/reels/DWmwJpNgdGe/,2026-04-06,jaylaferrell_,Instagram
url:www.instagram.com/reels/dwmghqxlwyx,https://www.instagram.com/reels/DWmGHqxlwyX/,2026-04-06,sweethomeology,Instagram
url:www.instagram.com/reels/dwvctkndhis,https://www.instagram.com/reels/DWvCtknDhIS/,2026-04-06,mer__diana,Instagram
url:www.instagram.com/reels/dwkrjkzdid5,https://www.instagram.com/reels/DWkRjKzDid5/,2026-04-06,simplyilmaa_,Instagram
url:www.instagram.com/reels/dwjlranhd_w,https://www.instagram.com/reels/DWjLrAnhd_w/,2026-04-06,athomewithnene_,Instagram
url:www.instagram.com/reels/dwjygvaajao,https://www.instagram.com/reels/DWjYgvaAJao/,2026-04-06,claudy_pel,Instagram
url:www.instagram.com/reels/dwhg4_gjlnl,https://www.instagram.com/reels/DWhG4_Gjlnl/,2026-04-06,homewithjami,Instagram
url:www.instagram.com/reels/dwhjl_re5wp,https://www.instagram.com/reels/DWhjl_RE5wp/,2026-04-06,christen.at.home,Instagram
url:www.instagram.com/reels/dwkkb7lggm7,https://www.instagram.com/reels/DWkKb7lgGm7/,2026-04-06,caro.finnegan,Instagram
url:www.instagram.com/reels/dwiyaxnutxr,https://www.instagram.com/reels/DWiYAxNuTxr/,2026-04-06,cheekyeats,Instagram
url:www.instagram.com/reels/dwjjqfkgc98,https://www.instagram.com/reels/DWjJqfkgc98/,2026-04-06,carrieithome,Instagram
url:www.instagram.com/reels/dwh9zaadd4g,https://www.instagram.com/reels/DWh9zaaDD4G/,2026-04-06,tannesiavs,Instagram
instagram:dwxq32nttub,https://www.instagram.com/reel/DWxq32ntTub,2026-04-07,evsmokeatx,YT Shorts
instagram:dwvctkndhis,https://www.instagram.com/reel/DWvCtknDhIS,2026-04-07,mer_diana,YT Shorts
instagram:dwyris0jo-h,https://www.instagram.com/reel/DWyrIS0jo-h,2026-04-07,myhomebodylifeblog,YT Shorts
url:www.instagram.com/reels/dw4dn-yis-z,https://www.instagram.com/reels/DW4Dn-yis-z/,2026-04-08,tayloralxs,Instagram
url:www.instagram.com/reels/dw2e9z_jmc1,https://www.instagram.com/reels/DW2e9z_jmc1/,2026-04-08,chelsealizgreer,Instagram
url:www.instagram.com/reels/dw3ups4j3df,https://www.instagram.com/reels/DW3ups4j3Df/,2026-04-08,carrieithome,Instagram
tiktok:7626845021043543326,https://www.tiktok.com/@reallyrians/video/7626845021043543326,2026-04-10,reallyrians,YT Shorts
instagram:dw6tfevesrp,https://www.instagram.com/reel/DW6tfEvESrP,2026-04-10,trailertocastle,YT Shorts
tiktok:7626968007297846541,https://www.tiktok.com/@ourcozycraftedhome/video/7626968007297846541/,2026-04-10,ourcozycraftedhome,YT Shorts
tiktok:7626885267630148877,https://www.tiktok.com/@lachiccouture/video/7626885267630148877/,2026-04-10,lachiccouture,YT Shorts
tiktok:7624945320547405069,https://www.tiktok.com/@dzaninatahirovic_/video/7624945320547405069,2026-04-10,dzaninatahirovic,YT Shorts
tiktok:7623798736262630686,https://www.tiktok.com/@alexisdpratt/video/7623798736262630686,2026-04-13,alexisdpratt,YT Shorts
tiktok:7628044763970686221,https://www.tiktok.com/@_ayy.lexuss/video/7628044763970686221,2026-04-13,_ayy.lexuss,YT Shorts
url:www.instagram.com/reels/dwu_yxzjf6e,https://www.instagram.com/reels/DWu_yxzjf6E/,2026-04-13,official.jaa,YT Shorts
url:www.instagram.com/reels/dwz54fgkrua,https://www.instagram.com/reels/DWZ54fgkRuA/,2026-04-14,jhop5,YT Shorts
url:www.instagram.com/reels/dxfxk4teb6b,https://www.instagram.com/reels/DXFXk4TEb6b/,2026-04-14,mymotherhoodmethod,YT Shorts
tiktok:7625768548253650207,https://www.tiktok.com/@ashali123_/video/7625768548253650207,2026-04-14,ashali123_,YT Shorts
url:www.instagram.com/reels/dxf0us2dhwp,https://www.instagram.com/reels/DXF0uS2Dhwp/,2026-04-15,thetidytrendy,"Instagram, AppLovin"
tiktok:7628299412845972750,https://www.tiktok.com/@teci.xo/video/7628299412845972750?lang=en,2026-04-15,teci.xo,TikTok
url:www.instagram.com/reels/dxo8mnxk_ly,https://www.instagram.com/reels/DXO8MnXk_Ly/,2026-04-21,itsjoycecreates,YT Shorts
tiktok:7631244662296022285,https://www.tiktok.com/@savannahprattsharma/video/7631244662296022285,2026-04-21,savannahprattsharma,YT Shorts
tiktok:7630963681299303710,https://www.tiktok.com/@keepupwithtrend/video/7630963681299303710,2026-04-21,keepupwithtrend,YT Shorts
url:www.instagram.com/reels/dxo3ecyewph,https://www.instagram.com/reels/DXO3ECYEWPH/,2026-04-21,emmylew_designs,YT Shorts
url:www.pinterest.com/pin/415808978118920910,https://www.pinterest.com/pin/415808978118920910/,2026-04-23,oiwajoyce01,Pinterest
url:www.pinterest.com/pin/999376973622531539,https://www.pinterest.com/pin/999376973622531539/,2026-04-23,SemrauAveHome,Pinterest
url:www.pinterest.com/pin/271271577552018512,https://www.pinterest.com/pin/271271577552018512/,2026-04-23,TinaTealHome,Pinterest
url:www.pinterest.com/pin/271271577552018583,https://www.pinterest.com/pin/271271577552018583/,2026-04-23,TinaTealHome,Pinterest
url:www.pinterest.com/pin/272186371229743973,https://www.pinterest.com/pin/272186371229743973/,2026-04-23,madlywish,Pinterest
url:www.pinterest.com/pin/444730531976597266,https://www.pinterest.com/pin/444730531976597266/,2026-04-23,mypinkpalace93,Pinterest
url:www.pinterest.com/pin/603552787606498107,https://www.pinterest.com/pin/603552787606498107/,2026-04-23,melinatesi,Pinterest
url:www.pinterest.com/pin/444730531976597229,https://www.pinterest.com/pin/444730531976597229/,2026-04-23,mypinkpalace93,Pinterest
url:www.pinterest.com/pin/444730531976597242,https://www.pinterest.com/pin/444730531976597242/,2026-04-23,mypinkpalace93,Pinterest
url:www.pinterest.com/pin/351912467293978,https://www.pinterest.com/pin/351912467293978/,2026-04-23,EmmyLewDecorates,Pinterest
url:www.pinterest.com/pin/444730531976589118,https://www.pinterest.com/pin/444730531976589118/,2026-04-23,mypinkpalace93,Pinterest
url:www.pinterest.com/pin/217509856998487589,https://www.pinterest.com/pin/217509856998487589/,2026-04-23,caffeineNgrace,Pinterest
url:www.pinterest.com/pin/558446422568569357,https://www.pinterest.com/pin/558446422568569357/,2026-04-23,khaylaraelynn,Pinterest
url:www.pinterest.com/pin/60587557484119423,https://www.pinterest.com/pin/60587557484119423/,2026-04-23,neathousesweethome,Pinterest
url:www.pinterest.com/pin/1064538430686149428,https://www.pinterest.com/pin/1064538430686149428/,2026-04-23,carrieithomedecor,Pinterest
url:www.pinterest.com/pin/1064538430686320617,https://www.pinterest.com/pin/1064538430686320617/,2026-04-23,carrieithomedecor,Pinterest
url:www.pinterest.com/pin/469641067413957043,https://www.pinterest.com/pin/469641067413957043/,2026-04-23,claudypel,Pinterest
url:www.pinterest.com/pin/1064538430686430306,https://www.pinterest.com/pin/1064538430686430306/,2026-04-23,carrieithomedecor,Pinterest
url:www.pinterest.com/pin/271271577551979610,https://www.pinterest.com/pin/271271577551979610/,2026-04-23,TinaTealHome,Pinterest
url:www.pinterest.com/pin/522347256804984688,https://www.pinterest.com/pin/522347256804984688/,2026-04-23,boredmomsite,Pinterest
tiktok:7630789492407897357,https://www.tiktok.com/@heydanasia/video/7630789492407897357,2026-04-24,heydanasia,TikTok
url:www.instagram.com/reels/dxmeigdjpja,https://www.instagram.com/reels/DXmEIGDjpja/,2026-04-28,karismaangelle,Instagram
url:www.instagram.com/reels/dxj-hywjnqf,https://www.instagram.com/reels/DXj-hYwjnqf/,2026-04-28,chelsealizgreer,Instagram
url:www.instagram.com/reels/dxklr_ucrop,https://www.instagram.com/reels/DXkLR_uCROP/,2026-04-28,citycactuscountryhome,Instagram
url:www.instagram.com/reels/dxkyii-cvv3,https://www.instagram.com/reels/DXkYIi-CVv3/,2026-04-28,tarajanestyle,Instagram
url:www.instagram.com/reels/dxkdglvdjmo,https://www.instagram.com/reels/DXkdglVDjmo/,2026-04-28,mymotherhoodmethod,Instagram
url:www.instagram.com/reels/dxmzko2imgb,https://www.instagram.com/reels/DXmzkO2imgB/,2026-04-28,lisavisualdiary,Instagram
url:www.instagram.com/reels/dxp3teceemk,https://www.instagram.com/reels/DXp3tEcEemK/,2026-04-28,designdetailsbydana,Instagram
url:www.instagram.com/reels/dxoz8gxheux,https://www.instagram.com/reels/DXoz8GXheUx/,2026-04-28,chardeney_mason,Instagram
url:www.instagram.com/reels/dxpme5gdkf0,https://www.instagram.com/reels/DXpME5gDkf0/,2026-04-28,cottageonwynn,Instagram
url:www.instagram.com/reels/dxpucgvedne,https://www.instagram.com/reels/DXpuCGvEdnE/,2026-04-28,dzaninatahirovic,Instagram
url:www.instagram.com/reels/dxj1zjlkxr9,https://www.instagram.com/reels/DXj1ZJlkXR9/,2026-04-28,elainebatista2024,Instagram
url:www.instagram.com/reels/dxrocdaj2co,https://www.instagram.com/reels/DXrOcdaj2co/,2026-04-28,sweethomeology,Instagram
url:www.instagram.com/reels/dxnlmnecwgt,https://www.instagram.com/reels/DXnLMNeCWgT/,2026-04-28,thenuttybrunettehome,Instagram
url:www.instagram.com/reels/dxb1uk3kxwx,https://www.instagram.com/reels/DXb1Uk3kxWX/,2026-04-28,itsjoycecreates,Instagram
url:www.instagram.com/reels/dxfrsjcazeh,https://www.instagram.com/reels/DXfRsjcAZeh/,2026-04-28,redothezoo,Instagram
url:www.instagram.com/reels/dxjee82kuyv,https://www.instagram.com/reels/DXjeE82kUyv/,2026-04-28,sotesycreations,Instagram
url:www.instagram.com/reels/dxhxn_mjkkc,https://www.instagram.com/reels/DXhXn_MjkKC/,2026-04-28,homedecor.loverr,Instagram
url:www.instagram.com/reels/dxf2x0yjcgx,https://www.instagram.com/reels/DXf2X0YjCGx/,2026-04-28,brittney_gage,Instagram
url:www.instagram.com/reels/dxfs9iydp8k,https://www.instagram.com/reels/DXfs9iYDP8K/,2026-04-28,only1jasmyne,Instagram
url:www.instagram.com/reels/dxkn0kvjrc-,https://www.instagram.com/reels/DXKN0Kvjrc-/,2026-04-28,tinatealhome,Instagram
url:www.instagram.com/reels/dxezk6fkvw0,https://www.instagram.com/reels/DXeZk6FkVW0/,2026-04-28,reallyrians,Instagram
url:www.instagram.com/reels/dxezknsdqkq,https://www.instagram.com/reels/DXeZKnsDqKQ/,2026-04-28,sweethomeology,Instagram
url:www.instagram.com/reels/dxetnbyjlzr,https://www.instagram.com/reels/DXeTnbYjlZr/,2026-04-28,cottageonwynn,Instagram
url:www.instagram.com/reels/dxdlk-idrha,https://www.instagram.com/reels/DXdLk-iDRHA/,2026-04-28,farmhouse40_,Instagram
url:www.instagram.com/reels/dxc_60zjkso,https://www.instagram.com/reels/DXc_60zjkso/,2026-04-28,olyacreative,Instagram
url:www.instagram.com/reels/dxcfs9xd8vn,https://www.instagram.com/reels/DXcFS9xD8vN/,2026-04-28,tinatealhome,Instagram
url:www.instagram.com/reels/dxcehpdj0wx,https://www.instagram.com/reels/DXcEHPdj0Wx/,2026-04-28,tinatealhome,Instagram
url:www.instagram.com/reels/dxccnsbdeps,https://www.instagram.com/reels/DXcCNSbDePs/,2026-04-28,renauandco,Instagram
url:www.instagram.com/reels/dxks3_zjqkv,https://www.instagram.com/reels/DXKS3_ZjqKv/,2026-04-28,stevicaitlin,Instagram
url:www.instagram.com/reels/dxjti_5eqia,https://www.instagram.com/reels/DXjtI_5EQiA/,2026-04-28,abzstylz,Instagram
url:www.instagram.com/reels/dxj8_xqdksm,https://www.instagram.com/reels/DXj8_xqDksm/,2026-04-28,cottageonwynn,Instagram
url:www.instagram.com/reels/dxlbkmugmt8,https://www.instagram.com/reels/DXLBkmugmt8/,2026-04-28,letushavecake,Instagram
url:www.instagram.com/reels/dxeg1n3pax5,https://www.instagram.com/reels/DXeg1n3Pax5/,2026-04-28,nlaniganhome,Instagram
url:www.instagram.com/reels/dxrvc2ujdza,https://www.instagram.com/reels/DXRvC2UjdZA/,2026-04-28,glad.tobehome,Instagram
url:www.instagram.com/reels/dxsrxbmjdcz,https://www.instagram.com/reels/DXSRXBMjDCZ/,2026-04-28,yourdesignerbff,Instagram
url:www.instagram.com/reels/dxaayoxav1u,https://www.instagram.com/reels/DXaAYoXAV1u/,2026-04-28,tayloralxs,Instagram
url:www.instagram.com/reels/dxsxsvnjvb4,https://www.instagram.com/reels/DXSxsvnjVB4/,2026-04-28,melissajwellness,Instagram
url:www.instagram.com/reels/dxtkncmjtvn,https://www.instagram.com/reels/DXTKncMjTVN/,2026-04-28,nlaniganhome,Instagram
url:www.instagram.com/reels/dxuftesgvu8,https://www.instagram.com/reels/DXUfTEsgvU8/,2026-04-28,diatadesign,Instagram
url:www.instagram.com/reels/dxxrdh2psid,https://www.instagram.com/reels/DXXRdH2pSid/,2026-04-28,minjamusich,Instagram
url:www.instagram.com/reels/dxuxcygcj1n,https://www.instagram.com/reels/DXUxcYGCj1n/,2026-04-28,adelle22222,Instagram
url:www.instagram.com/reels/dxvjiupkfun,https://www.instagram.com/reels/DXVJIUPkfun/,2026-04-28,sotesycreations,Instagram
url:www.instagram.com/reels/dxvnea2abbc,https://www.instagram.com/reels/DXVnEA2ABbc/,2026-04-28,nlaniganhome,Instagram
url:www.instagram.com/reels/dxxg76vksi_,https://www.instagram.com/reels/DXXG76vkSI_/,2026-04-28,emmylew_designs,Instagram
url:www.instagram.com/reels/dxxiyk-j_js,https://www.instagram.com/reels/DXXiYk-j_jS/,2026-04-28,savannahprattsharma,Instagram
url:www.instagram.com/reels/dxzejkdfwcq,https://www.instagram.com/reels/DXZejKDFWcQ/,2026-04-28,savannahprattsharma,Instagram
url:www.instagram.com/reels/dxrhappjvwn,https://www.instagram.com/reels/DXRhAPPjVwN/,2026-04-28,farmhouse40_,Instagram
url:www.instagram.com/reels/dxbxvtalca0,https://www.instagram.com/reels/DXbxvtalcA0/,2026-04-28,savannahprattsharma,Instagram
url:www.instagram.com/reels/dxriahogprt,https://www.instagram.com/reels/DXRiAHOGPrT/,2026-04-28,athomewithnene_,Instagram
url:www.instagram.com/reels/dxplr0qksd_,https://www.instagram.com/reels/DXPlr0QkSD_/,2026-04-28,savannahprattsharma,Instagram
url:www.instagram.com/reels/dxn4kxsjgg6,https://www.instagram.com/reels/DXN4kxsjGg6/,2026-04-28,citycactuscountryhome,Instagram
url:www.instagram.com/reels/dxm-emaf5eo,https://www.instagram.com/reels/DXM-EmAF5Eo/,2026-04-28,atouchofsimplicitybyrana,Instagram
url:www.instagram.com/reels/dxm4_hnev51,https://www.instagram.com/reels/DXM4_hNEV51/,2026-04-28,peridotandpeonies.interiors,Instagram
url:www.instagram.com/reels/dxmwdbpkqrp,https://www.instagram.com/reels/DXMwDbpkQrp/,2026-04-28,arabellasourglow,Instagram
url:www.instagram.com/reels/dxmr3wkkckf,https://www.instagram.com/reels/DXMr3wkkckf/,2026-04-28,arabellasourglow,Instagram
url:www.instagram.com/reels/dxajvmhjcxw,https://www.instagram.com/reels/DXajvmhjCxw/,2026-04-28,irene_lovetolive,Instagram
url:www.instagram.com/reels/dxmq3wvkst0,https://www.instagram.com/reels/DXMq3wVkSt0/,2026-04-28,arabellasourglow,Instagram
url:www.instagram.com/reels/dxlfyqvdaqe,https://www.instagram.com/reels/DXLFyQVDaQE/,2026-04-28,farmhouse40_,Instagram
url:www.instagram.com/reels/dxlcxjlgi4i,https://www.instagram.com/reels/DXLCxJLgI4i/,2026-04-28,melinatesibeauty,Instagram
tiktok:7632740613456186637,https://www.tiktok.com/@abzstylz/video/7632740613456186637,2026-04-28,abzstylz,AppLovin
url:www.instagram.com/reels/dxk00kxxjf-,https://www.instagram.com/reels/DXK00kXxjf-/,2026-04-28,ashali123_,Instagram
url:www.instagram.com/reels/dxkz6qujgu-,https://www.instagram.com/reels/DXKZ6Qujgu-/,2026-04-28,decoratingwithalicia,Instagram
url:www.instagram.com/reels/dxalme6jsz2,https://www.instagram.com/reels/DXaLMe6jsz2/,2026-04-28,chelsealizgreer,Instagram
url:www.instagram.com/reels/dxmrokwdsup,https://www.instagram.com/reels/DXMrOKWDsUP/,2026-04-28,tinatealhome,Instagram
url:www.instagram.com/reels/dxkixrvjt4a,https://www.instagram.com/reels/DXKIxRVjt4A/,2026-04-28,tinatealhome,Instagram
url:www.instagram.com/reels/dxnggwljbhx,https://www.instagram.com/reels/DXNgGwLjbHx/,2026-04-28,jaylaferrell_,Instagram
url:www.instagram.com/reels/dw7awkskv8n,https://www.instagram.com/reels/DW7aWkSkV8N/,2026-04-28,reallyrians,Instagram
url:www.instagram.com/reels/dxj9oxojm12,https://www.instagram.com/reels/DXJ9oXojM12/,2026-04-28,ourmountainsidehome_1,Instagram
url:www.instagram.com/reels/dxjpzbqdcr9,https://www.instagram.com/reels/DXJpZBqDcr9/,2026-04-28,savannahprattsharma,Instagram
url:www.instagram.com/reels/dxilypcjexz,https://www.instagram.com/reels/DXIlypcjexZ/,2026-04-28,farmhouse40_,Instagram
url:www.instagram.com/reels/dxil5ckdnlk,https://www.instagram.com/reels/DXIl5CKDnlK/,2026-04-28,tinatealhome,Instagram
url:www.instagram.com/reels/dxihiv8jozd,https://www.instagram.com/reels/DXIhIV8jOZd/,2026-04-28,irene_lovetolive,Instagram
url:www.instagram.com/reels/dxhrrq8lwab,https://www.instagram.com/reels/DXHrrq8lwaB/,2026-04-28,megank_home,Instagram
instagram:dxhxn_mjkkc,https://www.instagram.com/reel/DXhXn_MjkKC,2026-04-28,homedecor.loverr,AppLovin
url:www.instagram.com/reels/dxhwijxeet1,https://www.instagram.com/reels/DXHWiJXEet1/,2026-04-28,christaandthecity,Instagram
url:www.instagram.com/reels/dxhnxuse5mp,https://www.instagram.com/reels/DXHNxUSE5MP/,2026-04-28,itsjoycecreates,Instagram
url:www.instagram.com/reels/dw97kdtiuij,https://www.instagram.com/reels/DW97kDTiUiJ/,2026-04-28,lightscamerajacksons10,Instagram
url:www.instagram.com/reels/dxgi_ogkdor,https://www.instagram.com/reels/DXGi_OgkdoR/,2026-04-28,mypinkpalace93,Instagram
url:www.instagram.com/reels/dxge804jnds,https://www.instagram.com/reels/DXGE804jnDS/,2026-04-28,decoratingwithalicia,Instagram
url:www.instagram.com/reels/dxgduiljcd2,https://www.instagram.com/reels/DXGDuiLjcd2/,2026-04-28,melissajwellness,Instagram
url:www.instagram.com/reels/dxhegvqdcdh,https://www.instagram.com/reels/DXHEgvQDCDH/,2026-04-28,savannahprattsharma,Instagram
url:www.instagram.com/reels/dxfbu--kuvn,https://www.instagram.com/reels/DXFbu--kUVn/,2026-04-28,jalyssa_doubleu,Instagram
url:www.instagram.com/reels/dxdgdhmlwpp,https://www.instagram.com/reels/DXDGDHmlWpP/,2026-04-28,ananajerac,Instagram
url:www.instagram.com/reels/dw-dfqoedrn,https://www.instagram.com/reels/DW-DFQoEdrn/,2026-04-28,homebodywithforlisa,Instagram
url:www.instagram.com/reels/dxfbxe9jv1e,https://www.instagram.com/reels/DXFBxe9jv1E/,2026-04-28,haikettua_atl,Instagram
url:www.instagram.com/reels/dw_c7obhue3,https://www.instagram.com/reels/DW_c7obhuE3/,2026-04-28,carrieithome,Instagram
url:www.instagram.com/reels/dxapegwkl3h,https://www.instagram.com/reels/DXAPegWkl3h/,2026-04-28,_aramos__,Instagram
url:www.instagram.com/reels/dxbce1mj2yr,https://www.instagram.com/reels/DXBCe1Mj2YR/,2026-04-28,morninggracediy,Instagram
url:www.instagram.com/reels/dxcssvokwoh,https://www.instagram.com/reels/DXCssvokWoH/,2026-04-28,homebodywithforlisa,Instagram
url:www.instagram.com/reels/dw_bbgfect4,https://www.instagram.com/reels/DW_bbGFEct4/,2026-04-28,sotesycreations,Instagram
url:www.instagram.com/reels/dxdpm74dzcs,https://www.instagram.com/reels/DXDPM74DZcs/,2026-04-28,farmhouse40_,Instagram
url:www.instagram.com/reels/dxd8vwak8wz,https://www.instagram.com/reels/DXD8vWAk8Wz/,2026-04-28,ourcozycraftedhome,Instagram
tiktok:7614896229704584462,https://www.tiktok.com/@dzaninatahirovic_/video/7614896229704584462,2026-04-28,dzaninatahirovic_,YT Shorts
tiktok:7633820415844044045,https://www.tiktok.com/@itsjoycecreates/video/7633820415844044045,2026-04-28,itsjoycecreates,YT Shorts
tiktok:7633573001925119245,https://www.tiktok.com/@dzaninatahirovic_/video/7633573001925119245,2026-04-28,dzaninatahirovic_,YT Shorts
url:www.instagram.com/reels/dxe2wlhiomp,https://www.instagram.com/reels/DXE2wLHiOMP/,2026-04-28,surryplace,Instagram
url:www.instagram.com/reels/dxj_gb_k46d,https://www.instagram.com/reels/DXJ_GB_k46d/,2026-04-28,ourcozycraftedhome,Instagram
url:www.instagram.com/reels/dxfyu_ydirw,https://www.instagram.com/reels/DXFyU_yDirw/,2026-04-28,tonyawiththeflowers,Instagram
url:www.instagram.com/reels/dxhn9algftd,https://www.instagram.com/reels/DXHn9algFTd/,2026-04-28,stsweethome,Instagram
url:www.instagram.com/reels/dw7im_zkyo-,https://www.instagram.com/reels/DW7Im_zkYO-/,2026-04-28,farmhouse40_,Instagram
url:www.instagram.com/reels/dw7q77tjk2a,https://www.instagram.com/reels/DW7Q77tjk2a/,2026-04-28,mymotherhoodmethod,Instagram
url:www.instagram.com/reels/dxkavtteycq,https://www.instagram.com/reels/DXKAVTtEyCq/,2026-04-28,ourcozycraftedhome,Instagram
url:www.instagram.com/reels/dw6tfevesrp,https://www.instagram.com/reels/DW6tfEvESrP/,2026-04-28,trailertocastle,Instagram
url:www.instagram.com/reels/dw6fwurdgvs,https://www.instagram.com/reels/DW6fwURDgVs/,2026-04-28,christaandthecity,Instagram
url:www.instagram.com/reels/dw4muqqklnf,https://www.instagram.com/reels/DW4mUQqklNF/,2026-04-28,styledwithpaws,Instagram
url:www.instagram.com/reels/dw4evztkwo9,https://www.instagram.com/reels/DW4eVZtkWO9/,2026-04-28,elainebatista2024,Instagram
url:www.instagram.com/reels/dw4btkbj5us,https://www.instagram.com/reels/DW4bTKBj5US/,2026-04-28,layeredbymonay,Instagram
url:www.instagram.com/reels/dw95k9uuxkn,https://www.instagram.com/reels/DW95k9uuXKn/,2026-04-28,byisisferrer,Instagram
url:www.instagram.com/reels/dw306x6ieqe,https://www.instagram.com/reels/DW306x6ieqE/,2026-04-28,courtneytaylorhome,Instagram
url:www.instagram.com/reels/dw1dmzvjvcr,https://www.instagram.com/reels/DW1dmzvjvcR/,2026-04-28,thetidytrendy,Instagram
url:www.instagram.com/reels/dw1qyugkavp,https://www.instagram.com/reels/DW1QyUGkaVP/,2026-04-28,arabellasourglow,Instagram
url:www.instagram.com/reels/dw1pzx1juwk,https://www.instagram.com/reels/DW1PZx1jUWk/,2026-04-28,irene_lovetolive,Instagram
tiktok:7632087505147317534,https://www.tiktok.com/@elizhowell/video/7632087505147317534,2026-04-28,elizhowell,AppLovin
tiktok:7632403428026682638,https://www.tiktok.com/@mariawedding/video/7632403428026682638,2026-04-28,mariawedding,AppLovin
url:www.instagram.com/reels/dw7eivkjilx,https://www.instagram.com/reels/DW7eIVKjilx/,2026-04-28,thetidytrendy,Instagram
url:www.instagram.com/reels/dw37bltjqcr,https://www.instagram.com/reels/DW37bLTjQCr/,2026-04-28,sweethomeology,Instagram
tiktok:7632776473954307342,https://www.tiktok.com/@simplysheenamarie/video/7632776473954307342,2026-04-28,simplysheenamarie,AppLovin
tiktok:7632034041356733709,https://www.tiktok.com/@rachelsreno/video/7632034041356733709,2026-04-28,rachelsreno,AppLovin
url:www.instagram.com/reels/dw7c-gtdhlw,https://www.instagram.com/reels/DW7c-GTDhlw/,2026-04-28,jenniferr.vo,Instagram
url:www.instagram.com/reels/dxpkj8beajr,https://www.instagram.com/reels/DXPkj8BEaJR/,2026-04-28,annleslie__,Instagram
url:www.instagram.com/reels/dxpa_jacez1,https://www.instagram.com/reels/DXpa_jaCez1/,2026-04-28,lachiccouture,Instagram
url:www.instagram.com/reels/dwyldqxfasn,https://www.instagram.com/reels/DWylDQXFasN/,2026-04-28,carrieithome,Instagram
url:www.instagram.com/reels/dwyris0jo-h,https://www.instagram.com/reels/DWyrIS0jo-h/,2026-04-28,myhomebodylifeblog,Instagram
url:www.instagram.com/reels/dwzlrzdcfje,https://www.instagram.com/reels/DWzlRZDCfJE/,2026-04-28,krystnwalmsley,Instagram
url:www.instagram.com/reels/dww5kqakfrb,https://www.instagram.com/reels/DWw5kQAkfrB/,2026-04-28,tia_beautyy,Instagram
url:www.instagram.com/reels/dw1ifu8ak2v,https://www.instagram.com/reels/DW1IFu8AK2v/,2026-04-28,simply40north,Instagram
url:www.pinterest.com/pin/351912467316325,https://www.pinterest.com/pin/351912467316325/,2026-04-28,EmmyLewDecorates,AppLovin
instagram:dxp3teceemk,https://www.instagram.com/reel/DXp3tEcEemK,2026-04-28,designdetailsbydana,AppLovin
instagram:dxpucgvedne,https://www.instagram.com/reel/DXpuCGvEdnE,2026-04-28,dzaninatahirovic,AppLovin
instagram:dxo3qy5juab,https://www.instagram.com/p/DXo3Qy5juaB/,2026-04-28,thetidytrendy,AppLovin
url:www.instagram.com/reels/dwz3mgueq0y,https://www.instagram.com/reels/DWz3mguEQ0Y/,2026-04-28,cannachristiana,Instagram
url:www.instagram.com/reels/dxro8g9e0yl,https://www.instagram.com/reels/DXrO8g9E0Yl/,2026-05-01,itsjoycecreates,Instagram
url:www.instagram.com/reels/dx15wqhnpm5,https://www.instagram.com/reels/DX15WqHNPm5/,2026-05-05,classicallyjill,Instagram
url:www.instagram.com/reels/dxzqiudrspd,https://www.instagram.com/reels/DXzqiuDRspd/,2026-05-05,julie_triedandtruemom,Instagram
url:www.instagram.com/reels/dx6oo2ram6l,https://www.instagram.com/reels/DX6oo2RAM6L/,2026-05-05,emstyles.7,Instagram
url:www.instagram.com/reels/dxxm-briunp,https://www.instagram.com/reels/DXxM-briunP/,2026-05-05,shanonmakesithome,Instagram
url:www.instagram.com/reels/dx18cpwor64,https://www.instagram.com/reels/DX18cpwOR64/,2026-05-05,trennnddd,Instagram
url:www.instagram.com/reels/dx15vihnhdx,https://www.instagram.com/reels/DX15viHNHdx/,2026-05-05,classicallyjill,Instagram
url:www.instagram.com/reels/dx7yphlhiif,https://www.instagram.com/reels/DX7yPhLhIIf/,2026-05-05,adventuresofthehaleys,Instagram
url:www.instagram.com/reels/dxzxvuwcltv,https://www.instagram.com/reels/DXzxVUwCLtV/,2026-05-05,savannahprattsharma,YT Shorts
url:www.instagram.com/reels/dxw2a1to6dj,https://www.instagram.com/reels/DXw2A1tO6DJ/,2026-05-05,stsweethome,Instagram
url:www.instagram.com/reels/dxwuusbrovo,https://www.instagram.com/reels/DXwuuSBROVo/,2026-05-05,cottageonwynn,Instagram
url:www.instagram.com/reels/dx9oye3m9f5,https://www.instagram.com/reels/DX9Oye3M9f5/,2026-05-05,beesnburlap,YT Shorts
youtube:wtiue4ky8wa,https://www.youtube.com/shorts/wtIuE4ky8WA,2026-05-05,jaylaferrell_,YT Shorts
youtube:nzszjsld7m8,https://www.youtube.com/shorts/NZSZJsLD7m8,2026-05-05,mymotherhoodmethod,YT Shorts
url:www.instagram.com/reels/dxxdfzvhyil,https://www.instagram.com/reels/DXxdfZVhyIl/,2026-05-05,paisleyathome,Instagram
url:www.instagram.com/reels/dxxs7tirvqh,https://www.instagram.com/reels/DXxs7TiRVQH/,2026-05-05,designdetailsbydana,Instagram
url:www.instagram.com/reels/dx-pfvnr-mp,https://www.instagram.com/reels/DX-PFvNR-Mp/,2026-05-06,basicallycontent,Instagram
instagram:dx-ixnmrpwj,https://www.instagram.com/p/DX-ixnmRPWJ/,2026-05-06,thetidytrendy,Instagram
tiktok:7634706358339718431,https://www.tiktok.com/@tinatealhome/video/7634706358339718431,2026-05-06,tinatealhome,YT Shorts
url:www.instagram.com/reels/dx9ditzcukn,https://www.instagram.com/reels/DX9dITZCuKN/,2026-05-06,savannahprattsharma,Instagram
tiktok:7623394515629411614,https://www.tiktok.com/@athomewithnene/video/7623394515629411614,2026-05-06,athomewithnene,TikTok
url:www.instagram.com/reels/dx--p-lm1tu,https://www.instagram.com/reels/DX--P-lM1TU/,2026-05-06,_aramos__,Instagram
tiktok:7631746471968230669,https://www.tiktok.com/@rachelsreno/video/7631746471968230669,2026-05-07,rachelsreno,AppLovin
instagram:dx9ditzcukn,https://www.instagram.com/reel/DX9dITZCuKN,2026-05-07,savannahprattsharma,AppLovin
instagram:dx9oye3m9f5,https://www.instagram.com/reel/DX9Oye3M9f5,2026-05-07,beesnburlap,AppLovin
instagram:dx2jxrygb3g,https://www.instagram.com/reel/DX2JXrygb3G,2026-05-07,shanonmakesithome,AppLovin
tiktok:7632111291997490445,https://www.tiktok.com/@chelsealizgreer/video/7632111291997490445,2026-05-07,chelsealizgreer,AppLovin
tiktok:7621223967566662926,https://www.tiktok.com/@itsjoycecreates/video/7621223967566662926,2026-05-07,itsjoycecreates,AppLovin
instagram:dwpvaxnarwe,https://www.instagram.com/reel/DWPvaxNARwE,2026-05-07,carrieithome,AppLovin
instagram:dwcawhlk49v,https://www.instagram.com/reel/DWcaWHlk49V,2026-05-07,christen.at.home,AppLovin
tiktok:7621778309826776350,https://www.tiktok.com/@thesoftestglow/video/7621778309826776350,2026-05-07,thesoftestglow,AppLovin
instagram:dybf1qbrb6g,https://www.instagram.com/reel/DYBF1qBRb6g,2026-05-07,ourcozycolonialct,AppLovin
instagram:dx_3kpmbpai,https://www.instagram.com/reel/DX_3KpMBPAi,2026-05-07,carrieithome,AppLovin
instagram:dwq9t8rd1a8,https://www.instagram.com/reel/DWQ9T8rD1A8,2026-05-07,curatedbyreina,AppLovin
url:www.pinterest.com/pin/387028161749989881,https://www.pinterest.com/pin/387028161749989881/,2026-05-07,iamquinti,Pinterest
url:www.pinterest.com/pin/917256649322799339,https://www.pinterest.com/pin/917256649322799339/,2026-05-07,designdetailsbydana,Pinterest
url:www.pinterest.com/pin/271271577552052418,https://www.pinterest.com/pin/271271577552052418/,2026-05-07,TinaTealHome,Pinterest
url:www.pinterest.com/pin/39125090510739035,https://www.pinterest.com/pin/39125090510739035/,2026-05-07,thenuttybrunettehome,Pinterest
url:www.pinterest.com/pin/351912467344452,https://www.pinterest.com/pin/351912467344452/,2026-05-07,EmmyLewDecorates,Pinterest
url:www.pinterest.com/pin/351912467344506,https://www.pinterest.com/pin/351912467344506/,2026-05-07,EmmyLewDecorates,Pinterest
url:www.pinterest.com/pin/1143140317942996613,https://www.pinterest.com/pin/1143140317942996613/,2026-05-07,keysbykiana,Pinterest
url:www.pinterest.com/pin/415808978118952788,https://www.pinterest.com/pin/415808978118952788/,2026-05-07,oiwajoyce01,Pinterest
url:www.pinterest.com/pin/647322146485682750,https://www.pinterest.com/pin/647322146485682750/,2026-05-07,AStylzFashion,Pinterest
url:www.pinterest.com/pin/271975264993277585,https://www.pinterest.com/pin/271975264993277585/,2026-05-07,tarajanestyle,Pinterest
url:www.pinterest.com/pin/444730531976710897,https://www.pinterest.com/pin/444730531976710897/,2026-05-07,mypinkpalace93,Pinterest
url:www.pinterest.com/pin/889109151454180679,https://www.pinterest.com/pin/889109151454180679/,2026-05-07,sevensixtyhomeco,Pinterest
tiktok:7637986434472791309,https://www.tiktok.com/@rachelsreno/video/7637986434472791309/,2026-05-12,rachelsreno,"Meta, TikTok, Applovin"
instagram:dvy_2unj8it,https://www.instagram.com/reel/DVy_2unj8iT,2026-05-12,christen.at.home,"Meta, Applovin"
instagram:dvjtoq8eti3,https://www.instagram.com/reel/DVjToQ8ETI3,2026-05-12,brittanydesignspo,"Meta, Applovin"
instagram:dv8p-9woc9n,https://www.instagram.com/reel/DV8p-9WoC9n,2026-05-12,houseoncalgarydowns,"Meta, Applovin"
instagram:dvrxl-getjr,https://www.instagram.com/reel/DVRXL-gETJR,2026-05-12,made.by.madeline.design,"Meta, Applovin"
instagram:dv3zxyaaa9l,https://www.instagram.com/reel/DV3ZxYaAa9l,2026-05-12,carrieithome,"Meta, Applovin"
instagram:dvkbglvet5n,https://www.instagram.com/reel/DVKbgLVET5n,2026-05-12,ourcozycolonialct,"Meta, Applovin"
tiktok:7611910453094026509,https://www.tiktok.com/@carrieithome/video/7611910453094026509,2026-05-12,carrieithome,"Meta, TikTok, Applovin"
tiktok:7610539109563567391,https://www.tiktok.com/@brittanydesignspo/video/7610539109563567391/,2026-05-12,brittanydesignspo,"Meta, TikTok, Applovin"
instagram:dxccnsbdeps,https://www.instagram.com/reel/DXcCNSbDePs,2026-05-12,renauandco,"Meta, Applovin"
instagram:dx7yphlhiif,https://www.instagram.com/reel/DX7yPhLhIIf,2026-05-12,adventuresofthehaleys,"Meta, Applovin"
tiktok:7637250025097071886,https://www.tiktok.com/@lifeinwaheaven/video/7637250025097071886,2026-05-12,lifeinwaheaven,"Meta, TikTok, Applovin"
instagram:du07dviiwow,https://www.instagram.com/reel/DU07DViiWOw,2026-05-12,surryplace,"Meta, Applovin"
tiktok:7621689565920726302,https://www.tiktok.com/@homebyxi/video/7621689565920726302/,2026-05-12,homebyxi,"Meta, TikTok, Applovin"
url:www.instagram.com/reels/dyock6yb7ya,https://www.instagram.com/reels/DYOCk6YB7YA/,2026-05-13,irene_lovetolive,Instagram
url:www.instagram.com/reels/dyn-lfcuzcs,https://www.instagram.com/reels/DYN-LfCuZcS/,2026-05-13,mymotherhoodmethod,Instagram
url:www.instagram.com/reels/dynt97wpgdj,https://www.instagram.com/reels/DYNt97WpgDJ/,2026-05-13,thenuttybrunettehome,Instagram
url:www.instagram.com/reels/dynkmyar-x7,https://www.instagram.com/reels/DYNkmYAR-X7/,2026-05-13,cottageonwynn,Instagram
url:www.instagram.com/reels/dyniijomfw-,https://www.instagram.com/reels/DYNiijOMFw-/,2026-05-13,yourdesignerbff,Instagram
url:www.instagram.com/reels/dylndr-necu,https://www.instagram.com/reels/DYLndR-NEcu/,2026-05-13,farmhouse40_,Instagram
url:www.instagram.com/reels/dypprjuxpaq,https://www.instagram.com/reels/DYPPRJuxPAQ/,2026-05-13,designdetailsbydana,Instagram
url:www.instagram.com/reels/dyf8hghru38,https://www.instagram.com/reels/DYF8HgHRu38/,2026-05-13,thetidytrendy,Instagram
url:www.instagram.com/reels/dyiggglvklc,https://www.instagram.com/reels/DYIGGGLvKlc/,2026-05-13,personal_spaceid,Instagram
url:www.instagram.com/reels/dyfzjkogp1q,https://www.instagram.com/reels/DYFZJkogP1Q/,2026-05-13,caro.finnegan,Instagram
url:www.instagram.com/reels/dykfwzlt-lk,https://www.instagram.com/reels/DYKfwzLt-lK/,2026-05-13,officialjaa,Instagram
url:www.instagram.com/reels/dyfc_bvugoc,https://www.instagram.com/reels/DYFC_BVuGoc/,2026-05-13,destn8tion,Instagram
url:www.instagram.com/reels/dyfad43x3j8,https://www.instagram.com/reels/DYFAd43x3J8/,2026-05-13,homebodywithforlisa,Instagram
url:www.instagram.com/reels/dyetmujjkae,https://www.instagram.com/reels/DYETMUJJKAE/,2026-05-13,thestyleguyla,Instagram
url:www.instagram.com/reels/dyi11lfn-kr,https://www.instagram.com/reels/DYI11LFN-kR/,2026-05-13,lifewithbrittanyr,Instagram
url:www.instagram.com/reels/dye_73lot8n,https://www.instagram.com/reels/DYE_73LOT8N/,2026-05-13,sweethomeology,Instagram
url:www.instagram.com/reels/dybf1qbrb6g,https://www.instagram.com/reels/DYBF1qBRb6g/,2026-05-13,ourcozycolonialct,Instagram
url:www.instagram.com/reels/dydig70a_am,https://www.instagram.com/reels/DYDig70A_AM/,2026-05-13,style_uncovered,Instagram
url:www.instagram.com/reels/dyc0udyrnwu,https://www.instagram.com/reels/DYC0udYRnwu/,2026-05-13,farmhouse40_,Instagram
url:www.instagram.com/reels/dycloznjhdw,https://www.instagram.com/reels/DYCloZnJhDw/,2026-05-13,layeredbymonay,Instagram
url:www.instagram.com/reels/dycbcp-tir-,https://www.instagram.com/reels/DYCbcP-Tir-/,2026-05-13,itsjoycecreates,Instagram
url:www.instagram.com/reels/dya8zwgtdik,https://www.instagram.com/reels/DYA8zWgtDIk/,2026-05-13,keysbykiana,Instagram
url:www.instagram.com/reels/dyaco5zhpsb,https://www.instagram.com/reels/DYAco5zhPsB/,2026-05-13,paisleyathome,Instagram
url:www.pinterest.com/pin/271271577551958000,https://www.pinterest.com/pin/271271577551958000/,2026-05-13,TinaTealHome,Pinterest
url:www.instagram.com/reels/dyar48hx3ks,https://www.instagram.com/reels/DYAr48Hx3KS/,2026-05-13,chelsealizgreer,Instagram
url:www.pinterest.com/pin/415808978118776507,https://www.pinterest.com/pin/415808978118776507/,2026-05-13,oiwajoyce01,Pinterest
url:www.instagram.com/reels/dydqfl3syho,https://www.instagram.com/reels/DYDQFl3SyHo/,2026-05-13,lifeinwaheaven,Instagram
url:www.pinterest.com/pin/494129390389801964,https://www.pinterest.com/pin/494129390389801964/,2026-05-13,chardeneymason,Pinterest
url:www.pinterest.com/pin/522347256804862457,https://www.pinterest.com/pin/522347256804862457/,2026-05-13,boredmomsite,Pinterest
url:www.pinterest.com/pin/238268636530289989,https://www.pinterest.com/pin/238268636530289989/,2026-05-13,Houseof_Worth_,Pinterest
url:www.instagram.com/reels/dx_3kpmbpai,https://www.instagram.com/reels/DX_3KpMBPAi/,2026-05-13,carrieithome,Instagram
url:www.pinterest.com/pin/292804413297720985,https://www.pinterest.com/pin/292804413297720985/,2026-05-13,chelsealizgreer,Pinterest
url:www.instagram.com/reels/dys0thyopan,https://www.instagram.com/reels/DYS0tHYOPAN/,2026-05-14,chelsealizgreer,Instagram
url:www.instagram.com/reels/dysnaceo1rb,https://www.instagram.com/reels/DYSnaCeO1Rb/,2026-05-14,home.next.door,Instagram
url:www.pinterest.com/pin/1130192469027822865,https://www.pinterest.com/pin/1130192469027822865/,2026-05-14,healingyourhomewmedina,Pinterest
url:www.instagram.com/reels/dyuxbubmg7f,https://www.instagram.com/reels/DYUXbUbMg7f/,2026-05-14,devinawyatt,Instagram
url:www.instagram.com/reels/dytgt_mthpq,https://www.instagram.com/reels/DYTgT_mthPq/,2026-05-14,1naveet.a,Instagram
url:www.instagram.com/reels/dysy_imjx6m,https://www.instagram.com/reels/DYSy_imJX6M/,2026-05-14,emstyles.7,Instagram
url:www.pinterest.com/pin/351912467252238,https://www.pinterest.com/pin/351912467252238/,2026-05-14,EmmyLewDecorates,Pinterest
instagram:dysjdxxagru,https://www.instagram.com/p/DYSjdxXAGRu/,2026-05-14,paisleyathome,Instagram
url:www.instagram.com/reels/dysfpqyspap,https://www.instagram.com/reels/DYSFpqyspaP/,2026-05-14,emilyaharrah,Instagram
url:www.instagram.com/reels/dyrrjv3o4ea,https://www.instagram.com/reels/DYRRjV3O4EA/,2026-05-14,world_of_erish,Instagram
url:www.instagram.com/reels/dyqo8pwo_nr,https://www.instagram.com/reels/DYQO8pwO_nR/,2026-05-14,chardeney_mason,Instagram
url:www.instagram.com/reels/dyptdbtr7qq,https://www.instagram.com/reels/DYPTdBtR7Qq/,2026-05-14,arabellasourglow,Instagram
url:www.instagram.com/reels/dytsh-zmswl,https://www.instagram.com/reels/DYTSH-ZmsWl/,2026-05-14,jaylaferrell_,Instagram
url:www.instagram.com/reels/dyqaxx4mmlg,https://www.instagram.com/reels/DYQAxx4MMlg/,2026-05-14,yessy_reviews,Instagram
url:www.pinterest.com/pin/1130192469027824730,https://www.pinterest.com/pin/1130192469027824730/,2026-05-14,healingyourhomewmedina,Pinterest
url:www.pinterest.com/pin/153192824821397580,https://www.pinterest.com/pin/153192824821397580/,2026-05-14,emilyaharrah,Pinterest
url:www.pinterest.com/pin/1130192469027823403,https://www.pinterest.com/pin/1130192469027823403/,2026-05-14,healingyourhomewmedina,Pinterest
url:www.pinterest.com/pin/494129390389810022,https://www.pinterest.com/pin/494129390389810022/,2026-05-14,chardeneymason,Pinterest
url:www.pinterest.com/pin/271271577551997573,https://www.pinterest.com/pin/271271577551997573/,2026-05-14,TinaTealHome,Pinterest
url:www.pinterest.com/pin/448952656641426151,https://www.pinterest.com/pin/448952656641426151/,2026-05-14,layeredbymonay,Pinterest
url:www.pinterest.com/pin/1130192469027886603,https://www.pinterest.com/pin/1130192469027886603/,2026-05-14,healingyourhomewmedina,Pinterest
url:www.pinterest.com/pin/1130192469027885994,https://www.pinterest.com/pin/1130192469027885994/,2026-05-14,healingyourhomewmedina,Pinterest
url:www.pinterest.com/pin/415808978118863384,https://www.pinterest.com/pin/415808978118863384/,2026-05-14,oiwajoyce01,Pinterest
url:www.pinterest.com/pin/1064538430686237650,https://www.pinterest.com/pin/1064538430686237650/,2026-05-14,carrieithomedecor,Pinterest
url:www.pinterest.com/pin/522347256804951382,https://www.pinterest.com/pin/522347256804951382/,2026-05-14,boredmomsite,Pinterest
url:www.pinterest.com/pin/911204937128273173,https://www.pinterest.com/pin/911204937128273173/,2026-05-14,MorningGraceDIY,Pinterest
url:www.pinterest.com/pin/37295503160725256,https://www.pinterest.com/pin/37295503160725256/,2026-05-14,ladyofashion,Pinterest
url:www.pinterest.com/pin/68187381856263139,https://www.pinterest.com/pin/68187381856263139/,2026-05-14,enamour,Pinterest
instagram:dyu2lwtglkq,https://www.instagram.com/p/DYU2lWTgLkQ/,2026-05-15,nlaniganhome,Instagram
url:www.instagram.com/reels/dyucdj6ikqm,https://www.instagram.com/reels/DYUcdj6iKqM/,2026-05-15,courtneytaylorhome,Instagram
url:www.instagram.com/reels/dywqif0oxkm,https://www.instagram.com/reels/DYWQIf0OXKM/,2026-05-15,stevicaitlin,Instagram
url:www.instagram.com/reels/dyvxffajmfv,https://www.instagram.com/reels/DYVxfFAJmfv/,2026-05-15,letushavecake,Instagram
url:www.instagram.com/reels/dyu_wr6yrya,https://www.instagram.com/reels/DYU_WR6yRYa/,2026-05-15,kellitesta,Instagram
tiktok:7639473288204291342,https://www.tiktok.com/@keona.nicole_/video/7639473288204291342,2026-05-15,keona.nicole_,YT Shorts
instagram:dyvj4_eral2,https://www.instagram.com/p/DYVJ4_eRal2/,2026-05-15,sotesycreations,YT Shorts
tiktok:7639794811993738526,https://www.tiktok.com/@nicolelaniganhome/video/7639794811993738526,2026-05-15,nicoleaniganhome,YT Shorts
url:www.instagram.com/reels/dydsou2kd0_,https://www.instagram.com/reels/DYDSou2Kd0_/,2026-05-15,jaylaferrell_,YT Shorts
url:www.instagram.com/reels/dyuade4xvd3,https://www.instagram.com/reels/DYUade4xVd3/,2026-05-15,emmylew_designs,Instagram
instagram:dyueartyn1i,https://www.instagram.com/p/DYUeartyn1i/,2026-05-15,like.her.style,Instagram
url:www.tiktok.com/t/zp8pwflxr,https://www.tiktok.com/t/ZP8pWFLxr/,2026-05-18,reallyrians,TikTok
url:www.pinterest.com/pin/351912467361096,https://www.pinterest.com/pin/351912467361096/,2026-05-19,EmmyLewDecorates,Pinterest
url:www.pinterest.com/pin/1116189088929458148,https://www.pinterest.com/pin/1116189088929458148/,2026-05-19,lifeinwaheaven,Pinterest
url:www.pinterest.com/pin/1101341283903167675,https://www.pinterest.com/pin/1101341283903167675/,2026-05-19,paisleyathome1,Pinterest
url:www.pinterest.com/pin/68187381856368927,https://www.pinterest.com/pin/68187381856368927/,2026-05-19,enamour,Pinterest
url:www.pinterest.com/pin/917256649323295406,https://www.pinterest.com/pin/917256649323295406/,2026-05-19,designdetailsbydana,Pinterest
url:www.pinterest.com/pin/285415695130894882,https://www.pinterest.com/pin/285415695130894882/,2026-05-19,kaylasuestyled,Pinterest
url:www.pinterest.com/pin/1064538430687637348,https://www.pinterest.com/pin/1064538430687637348/,2026-05-19,carrieithomedecor,Pinterest
url:www.pinterest.com/pin/39125090510795247,https://www.pinterest.com/pin/39125090510795247/,2026-05-19,thenuttybrunettehome,Pinterest
url:www.pinterest.com/pin/38702878044010668,https://www.pinterest.com/pin/38702878044010668/,2026-05-19,bonbonbellhome,Pinterest
url:www.pinterest.com/pin/38702878044010718,https://www.pinterest.com/pin/38702878044010718/,2026-05-19,bonbonbellhome,Pinterest
url:www.pinterest.com/pin/38702878044010721,https://www.pinterest.com/pin/38702878044010721/,2026-05-19,bonbonbellhome,Pinterest
url:www.pinterest.com/pin/38702878044010742,https://www.pinterest.com/pin/38702878044010742/,2026-05-19,bonbonbellhome,Pinterest
url:www.pinterest.com/pin/1116189088929466850,https://www.pinterest.com/pin/1116189088929466850/,2026-05-19,lifeinwaheaven,Pinterest
url:www.pinterest.com/pin/38702878044010682,https://www.pinterest.com/pin/38702878044010682/,2026-05-19,bonbonbellhome,Pinterest
url:www.pinterest.com/pin/39125090510780818,https://www.pinterest.com/pin/39125090510780818/,2026-05-19,thenuttybrunettehome,Pinterest
url:www.instagram.com/reels/dyrnqdnum_y,https://www.instagram.com/reels/DYrnqDNum_y/,2026-05-24,nissalynninteriors,YT Shorts
url:www.instagram.com/reels/dyqbwvkpz5c,https://www.instagram.com/reels/DYqBWVKPz5C/,2026-05-24,lafevreliving1,YT Shorts
url:www.instagram.com/reels/dyxgq-anlbu,https://www.instagram.com/reels/DYxGQ-ANlBU/,2026-05-26,hann.madehome,YT Shorts
url:www.instagram.com/reels/dyyhqdvnokw,https://www.instagram.com/reels/DYyhqdvNOkW/,2026-05-26,cannachristiana,YT Shorts
tiktok:7643841608537902349,https://www.tiktok.com/@styledwithpaws/video/7643841608537902349,2026-05-26,styledwithpaws,YT Shorts
url:www.pinterest.com/pin/351912467376827,https://www.pinterest.com/pin/351912467376827/,2026-05-27,EmmyLewDecorates,Pinterest
tiktok:7623227415803858206,https://www.tiktok.com/@tannesias/video/7623227415803858206,2026-05-27,tannesias,TikTok
url:www.instagram.com/reels/dy0cz_bhyda,https://www.instagram.com/reels/DY0cZ_BhYDA/,2026-05-27,annleslie__,YT Shorts
tiktok:7644411715643280653,https://www.tiktok.com/@_lifewithnoah_/video/7644411715643280653,2026-05-27,_lifewithnoah_,YT Shorts
url:www.pinterest.com/pin/494129390390147277,https://www.pinterest.com/pin/494129390390147277/,2026-05-27,chardeneymason,Pinterest
url:www.pinterest.com/pin/231583605836048024,https://www.pinterest.com/pin/231583605836048024/,2026-05-27,mjames77,Pinterest
url:www.pinterest.com/pin/271271577552087172,https://www.pinterest.com/pin/271271577552087172/,2026-05-27,TinaTealHome,Pinterest
url:www.pinterest.com/pin/1064538430687707770,https://www.pinterest.com/pin/1064538430687707770/,2026-05-27,carrieithomedecor,Pinterest
instagram:dy17-0sxwxu,https://www.instagram.com/reel/DY17-0SxWXU,2026-05-27,crystalhanson.home,Pinterest
url:www.pinterest.com/pin/217509856998578995,https://www.pinterest.com/pin/217509856998578995/,2026-05-27,caffeineNgrace,Pinterest
url:www.pinterest.com/pin/1064538430687843236,https://www.pinterest.com/pin/1064538430687843236/,2026-05-27,carrieithomedecor,Pinterest
url:www.pinterest.com/pin/39125090510813956,https://www.pinterest.com/pin/39125090510813956/,2026-05-27,thenuttybrunettehome,Pinterest
instagram:dy0cz_bhyda,https://www.instagram.com/reel/DY0cZ_BhYDA,2026-05-27,annleslie__,Pinterest
url:www.pinterest.com/pin/271271577552092434,https://www.pinterest.com/pin/271271577552092434/,2026-05-27,TinaTealHome,Pinterest
instagram:dy3ovzrnrrm,https://www.instagram.com/reel/DY3OvZRNRRM,2026-05-27,bonbonbell.home,Pinterest
instagram:dy0dzeixies,https://www.instagram.com/reel/DY0DZeixiES,2026-05-27,sotesycreations,Pinterest
instagram:dyzs_wrxq71,https://www.instagram.com/reel/DYzS_Wrxq71,2026-05-27,enamour_home,Pinterest
instagram:dyyhqdvnokw,https://www.instagram.com/reel/DYyhqdvNOkW,2026-05-27,cannachristiana,Pinterest
url:www.pinterest.com/pin/1064538430687776947,https://www.pinterest.com/pin/1064538430687776947/,2026-05-27,carrieithomedecor,Pinterest
url:www.instagram.com/reels/dy2_hi1srfh,https://www.instagram.com/reels/DY2_HI1srFh/,2026-05-28,yourdesignerbff,YT Shorts
tiktok:7625702598149999903,https://www.tiktok.com/@tinatealhome/video/7625702598149999903?lang=en,2026-05-28,tinatealhome,TikTok
tiktok:7644237918906617119,https://www.tiktok.com/@jalyssa_doubleu/video/7644237918906617119?lang=en,2026-05-28,jalyssa_doubleu,TikTok
url:www.instagram.com/reels/dy7fz-_hirf,https://www.instagram.com/reels/DY7FZ-_hIrf/,2026-05-29,carrieithome,Instagram
tiktok:7644280443935804685,https://www.tiktok.com/@justsusyl/video/7644280443935804685,2026-05-29,justsusyl,YT Shorts
url:www.instagram.com/reels/dxj_fb2ieom,https://www.instagram.com/reels/DXj_fB2ieoM/,2026-05-29,thestyleguyla,YT Shorts
tiktok:7624272472170614046,https://www.tiktok.com/@cookingwithpatlee/video/7624272472170614046/,2026-05-29,cookingwithpatlee,YT Shorts
url:www.instagram.com/reels/dzads9txpxa,https://www.instagram.com/reels/DZAds9TxPXa/,2026-06-01,inspirationbycp,YT Shorts
url:www.instagram.com/reels/dy6unzitgvt,https://www.instagram.com/reels/DY6unzItgvT/,2026-06-01,melissajwellness,YT Shorts
url:www.instagram.com/reels/dzffnierqzv,https://www.instagram.com/reels/DZFfNieRQzv/,2026-06-02,homewithshanna,Instagram
url:www.instagram.com/reels/dzfa-5kz0t4,https://www.instagram.com/reels/DZFa-5Kz0T4/,2026-06-02,itsjoycecreates,Instagram
url:www.instagram.com/reels/dzfvi8irsgh,https://www.instagram.com/reels/DZFVi8iRSGH/,2026-06-02,thetidytrendy,Instagram
url:www.instagram.com/reels/dzfvjirxvfe,https://www.instagram.com/reels/DZFVJIRxvFe/,2026-06-02,renauandco,Instagram
url:www.instagram.com/reels/dzeni8wvgjz,https://www.instagram.com/reels/DZEnI8wvgjz/,2026-06-02,cheekyeats,Instagram
url:www.instagram.com/reels/dzfjekfxze1,https://www.instagram.com/reels/DZFjekfxzE1/,2026-06-02,sotesycreations,Instagram
url:www.instagram.com/reels/dzd2hlvxstg,https://www.instagram.com/reels/DZD2HLVxSTg/,2026-06-02,jhop5,Instagram
url:www.instagram.com/reels/dzdwv0kxkzf,https://www.instagram.com/reels/DZDwV0KxKzF/,2026-06-02,renauandco,Instagram
url:www.instagram.com/reels/dzdr_l_ynlz,https://www.instagram.com/reels/DZDR_L_yNlz/,2026-06-02,craftednoshexplorer,Instagram
url:www.instagram.com/reels/dzaf0wmsnjd,https://www.instagram.com/reels/DZAF0WMsNJD/,2026-06-02,yourdesignerbff,Instagram
url:www.instagram.com/reels/dzdaxlmr7um,https://www.instagram.com/reels/DZDAXLmR7uM/,2026-06-02,arabellasourglow,Instagram
url:www.instagram.com/reels/dzc3ll-rqb5,https://www.instagram.com/reels/DZC3Ll-RQB5/,2026-06-02,thetidytrendy,Instagram
url:www.instagram.com/reels/dzcw7vvh-kw,https://www.instagram.com/reels/DZCw7VVh-KW/,2026-06-02,sweethomeology,Instagram
url:www.instagram.com/reels/dzcswvaxdeo,https://www.instagram.com/reels/DZCswvaxdeO/,2026-06-02,bonbonbell.home,Instagram
url:www.instagram.com/reels/dzaqgnxsyzg,https://www.instagram.com/reels/DZAqgnXsYzG/,2026-06-02,ellis_cottage,Instagram
url:www.instagram.com/reels/dzaswnux9lj,https://www.instagram.com/reels/DZASWNUx9lJ/,2026-06-02,emmylew_designs,Instagram
url:www.instagram.com/reels/dzfn_chmzwg,https://www.instagram.com/reels/DZFn_CHmZwG/,2026-06-02,savannahprattsharma,Instagram
url:www.instagram.com/reels/dy2posgzwng,https://www.instagram.com/reels/DY2PoSgzWnG/,2026-06-02,chilldesignsbyjess,Instagram
url:www.instagram.com/reels/dyw7vpookpv,https://www.instagram.com/reels/DYw7vpOOkPV/,2026-06-02,mymotherhoodmethod,Instagram
url:www.instagram.com/reels/dzdrqwyi_bj,https://www.instagram.com/reels/DZDRQwyI_BJ/,2026-06-02,surryplace,Instagram
url:www.instagram.com/reels/dyvuhjdocww,https://www.instagram.com/reels/DYvUHJdOCwW/,2026-06-02,chelsealizgreer,Instagram
url:www.instagram.com/reels/dy0dzeixies,https://www.instagram.com/reels/DY0DZeixiES/,2026-06-02,sotesycreations,Instagram
url:www.instagram.com/reels/dy71_j8jc0n,https://www.instagram.com/reels/DY71_j8Jc0N/,2026-06-02,lachiccouture,Instagram
url:www.instagram.com/reels/dys4lcli75b,https://www.instagram.com/reels/DYs4LCli75b/,2026-06-02,lafevreliving1,Instagram
url:www.instagram.com/reels/dy17-0sxwxu,https://www.instagram.com/reels/DY17-0SxWXU/,2026-06-02,crystalhanson.home,Instagram
url:www.instagram.com/reels/dy1_cehaq3x,https://www.instagram.com/reels/DY1_cehAQ3x/,2026-06-02,freely_nat,Instagram
url:www.instagram.com/reels/dy2lshzqmfn,https://www.instagram.com/reels/DY2LShZqmfN/,2026-06-02,tayloralxs,Instagram
url:www.instagram.com/reels/dy4vqlaxhat,https://www.instagram.com/reels/DY4vQlAxHat/,2026-06-02,renauandco,Instagram
url:www.instagram.com/reels/dy2midqp5md,https://www.instagram.com/reels/DY2mIDqP5Md/,2026-06-02,curatedbyreina,Instagram
url:www.instagram.com/reels/dy3ovzrnrrm,https://www.instagram.com/reels/DY3OvZRNRRM/,2026-06-02,bonbonbell.home,Instagram
url:www.instagram.com/reels/dy15n_qzfti,https://www.instagram.com/reels/DY15N_qzfTi/,2026-06-02,itsjoycecreates,Instagram
url:www.instagram.com/reels/dy55zshm43v,https://www.instagram.com/reels/DY55zShM43V/,2026-06-02,tannesiavs,Instagram
url:www.instagram.com/reels/dyw8smgxwwl,https://www.instagram.com/reels/DYw8sMgxwWl/,2026-06-02,styledwithpaws,Instagram
url:www.instagram.com/reels/dy0x1uxuwfb,https://www.instagram.com/reels/DY0X1UXuWfB/,2026-06-02,mymotherhoodmethod,Instagram
url:www.instagram.com/reels/dy14ai4b08h,https://www.instagram.com/reels/DY14aI4B08h/,2026-06-02,carrieithome,Instagram
url:www.instagram.com/reels/dy1jyalrslh,https://www.instagram.com/reels/DY1JyalRSlH/,2026-06-02,mypinkpalace93,Instagram
url:www.instagram.com/reels/dyzwupyxewt,https://www.instagram.com/reels/DYzwuPyxewT/,2026-06-02,jalyssa_doubleu,Instagram
url:www.instagram.com/reels/dyzs_wrxq71,https://www.instagram.com/reels/DYzS_Wrxq71/,2026-06-02,enamour_home,Instagram
url:www.instagram.com/reels/dyxhokhrohq,https://www.instagram.com/reels/DYxhOKhRohQ/,2026-06-02,ourcozycolonialct,Instagram
url:www.instagram.com/reels/dyw9zburrpy,https://www.instagram.com/reels/DYw9ZBuRRPY/,2026-06-02,designdetailsbydana,Instagram
url:www.instagram.com/reels/dy6-5yax-xz,https://www.instagram.com/reels/DY6-5Yax-Xz/,2026-06-02,homebodywithforlisa,Instagram
url:www.instagram.com/reels/dzc7qblud8k,https://www.instagram.com/reels/DZC7QBLud8K/,2026-06-02,mer__diana,Instagram
url:www.instagram.com/reels/dy9k54wrl67,https://www.instagram.com/reels/DY9k54wRL67/,2026-06-02,thenuttybrunettehome,Instagram
url:www.instagram.com/reels/dyuvdmqxx7j,https://www.instagram.com/reels/DYuvdmqxX7j/,2026-06-02,angwith4,Instagram
url:www.instagram.com/reels/dy-qdcwrep1,https://www.instagram.com/reels/DY-qDcWReP1/,2026-06-02,cozyandcalmliving,Instagram
url:www.instagram.com/reels/dyhsklsuxpb,https://www.instagram.com/reels/DYhSKlsuXpb/,2026-06-02,dzaninatahirovic,Instagram
url:www.instagram.com/reels/dymaplnxid_,https://www.instagram.com/reels/DYmaPlnxiD_/,2026-06-02,designdetailsbydana,Instagram
url:www.instagram.com/reels/dyuopp2rfhj,https://www.instagram.com/reels/DYuOPP2RfHJ/,2026-06-02,realprettyymb_,Instagram
url:www.instagram.com/reels/dytfnhstdy6,https://www.instagram.com/reels/DYtFnhstdy6/,2026-06-02,keysbykiana,Instagram
url:www.instagram.com/reels/dyixe5ihjq3,https://www.instagram.com/reels/DYiXe5IhjQ3/,2026-06-02,tayloralxs,Instagram
url:www.instagram.com/reels/dyql_sknnxu,https://www.instagram.com/reels/DYql_SkNNXu/,2026-06-02,layeredbymonay,Instagram
url:www.instagram.com/reels/dyqarlfrxyl,https://www.instagram.com/reels/DYqArLfRXyL/,2026-06-02,renauandco,Instagram
url:www.instagram.com/reels/dypskhzcuso,https://www.instagram.com/reels/DYpskHzCUSo/,2026-06-02,chardeney_mason,Instagram
url:www.instagram.com/reels/dypbggfbbci,https://www.instagram.com/reels/DYpBggfBbCi/,2026-06-02,carrieithome,Instagram
url:www.instagram.com/reels/dyo9e47zluh,https://www.instagram.com/reels/DYo9E47zluh/,2026-06-02,chilldesignsbyjess,Instagram
url:www.instagram.com/reels/dyk67jbyde3,https://www.instagram.com/reels/DYk67jbydE3/,2026-06-02,homelifewithrenz,Instagram
url:www.instagram.com/reels/dykxd-np5jv,https://www.instagram.com/reels/DYkxD-nP5Jv/,2026-06-02,thewelllovedfinds,Instagram
url:www.instagram.com/reels/dykn8z_x2n5,https://www.instagram.com/reels/DYkn8Z_x2n5/,2026-06-02,homebyelaine,Instagram
url:www.instagram.com/reels/dykxl6kswju,https://www.instagram.com/reels/DYkXL6KSwjU/,2026-06-02,tinatealhome,Instagram
url:www.instagram.com/reels/dyiehaiie_a,https://www.instagram.com/reels/DYieHAiiE_A/,2026-06-02,mrsmariashelton,Instagram
url:www.instagram.com/reels/dykw5qpuj8a,https://www.instagram.com/reels/DYkW5qPuJ8A/,2026-06-02,dzaninatahirovic,Instagram
url:www.instagram.com/reels/dykpsqlzfgp,https://www.instagram.com/reels/DYkPSQlzFGP/,2026-06-02,chilldesignsbyjess,Instagram
url:www.instagram.com/reels/dyj5uwetq5t,https://www.instagram.com/reels/DYj5UwETq5T/,2026-06-02,itsjoycecreates,Instagram
url:www.instagram.com/reels/dyjttfmhchl,https://www.instagram.com/reels/DYjttFMhchl/,2026-06-02,emmylew_designs,Instagram
url:www.instagram.com/reels/dyh6a_rozpd,https://www.instagram.com/reels/DYh6A_rozPd/,2026-06-02,surryplace,Instagram
url:www.instagram.com/reels/dyiuwkhv2em,https://www.instagram.com/reels/DYiUWKhv2em/,2026-06-02,nlaniganhome,Instagram
url:www.instagram.com/reels/dyfoswnp8i5,https://www.instagram.com/reels/DYfOSwnp8I5/,2026-06-02,tinatealhome,Instagram
url:www.instagram.com/reels/dymodkdtweu,https://www.instagram.com/reels/DYmodKDtWEu/,2026-06-02,iamquinti,Instagram
url:www.instagram.com/reels/dyuvcjeglzv,https://www.instagram.com/reels/DYuVCJegLzV/,2026-06-02,emstyles.7,Instagram
url:www.instagram.com/reels/dyhzwlpsfvu,https://www.instagram.com/reels/DYhzWlPsFvU/,2026-06-02,yourdesignerbff,Instagram
url:www.instagram.com/reels/dyfzb_3b8nz,https://www.instagram.com/reels/DYfzB_3B8nz/,2026-06-02,caro.finnegan,Instagram
url:www.instagram.com/reels/dyfmqcvvbwb,https://www.instagram.com/reels/DYfmqcvvbWB/,2026-06-02,houseofsaintdesign,Instagram
url:www.instagram.com/reels/dyfwnf8x9uy,https://www.instagram.com/reels/DYfWNF8x9uY/,2026-06-02,homebodywithforlisa,Instagram
url:www.instagram.com/reels/dye_czuruog,https://www.instagram.com/reels/DYe_cZuRuOG/,2026-06-02,shesallnash,Instagram
url:www.instagram.com/reels/dye3_6lrdg_,https://www.instagram.com/reels/DYe3_6LRdG_/,2026-06-02,arabellasourglow,Instagram
url:www.instagram.com/reels/dydpy29ogyk,https://www.instagram.com/reels/DYdpy29OGyK/,2026-06-02,cottageonwynn,Instagram
url:www.instagram.com/reels/dycayzoswhj,https://www.instagram.com/reels/DYcayzOswHj/,2026-06-02,devinawyatt,Instagram
url:www.instagram.com/reels/dybgio-njk-,https://www.instagram.com/reels/DYbgIO-NjK-/,2026-06-02,mypinkpalace93,Instagram
url:www.instagram.com/reels/dypskzbh0ss,https://www.instagram.com/reels/DYPSKZBh0SS/,2026-06-02,carrieithome,Instagram
url:www.instagram.com/reels/dya2ngexmsa,https://www.instagram.com/reels/DYa2nGExmSA/,2026-06-02,ourcozycolonialct,Instagram
url:www.instagram.com/reels/dypb3jozhtd,https://www.instagram.com/reels/DYpB3jOzhtd/,2026-06-02,itsjoycecreates,Instagram
url:www.instagram.com/reels/dygiyrjn56v,https://www.instagram.com/reels/DYgIyRjN56V/,2026-06-02,dana.vento,Instagram
url:www.instagram.com/reels/dyxn2h2ulzg,https://www.instagram.com/reels/DYXN2H2ulzg/,2026-06-02,ourmountainsidehome_1,Instagram
url:www.instagram.com/reels/dyysbeimtoj,https://www.instagram.com/reels/DYYSBEIMTOj/,2026-06-02,irene_lovetolive,Instagram
url:www.instagram.com/reels/dypymqntp1p,https://www.instagram.com/reels/DYpyMqNTP1p/,2026-06-02,christen.at.home,Instagram
url:www.instagram.com/reels/dyzshx-xe6a,https://www.instagram.com/reels/DYZshx-xe6a/,2026-06-02,thenuttybrunettehome,Instagram
url:www.instagram.com/reels/dyabmo3twci,https://www.instagram.com/reels/DYaBmo3tWci/,2026-06-02,basicallycontent,Instagram
url:www.instagram.com/reels/dyatj_6gweu,https://www.instagram.com/reels/DYatJ_6gWeU/,2026-06-02,styledwithpaws,Instagram
url:www.instagram.com/reels/dyzly0lhtvy,https://www.instagram.com/reels/DYZlY0LhTvy/,2026-06-02,carrieithome,Instagram
url:www.pinterest.com/pin/68187381856406987,https://www.pinterest.com/pin/68187381856406987/,2026-06-03,enamour,Pinterest
url:www.pinterest.com/pin/68187381856412735,https://www.pinterest.com/pin/68187381856412735/,2026-06-03,enamour,Pinterest
url:www.pinterest.com/pin/351912467379166,https://www.pinterest.com/pin/351912467379166/,2026-06-03,EmmyLewDecorates,Pinterest
url:www.pinterest.com/pin/522347256805233191,https://www.pinterest.com/pin/522347256805233191/,2026-06-03,boredmomsite,Pinterest
url:www.pinterest.com/pin/271271577552097339,https://www.pinterest.com/pin/271271577552097339/,2026-06-03,TinaTealHome,Pinterest
url:www.pinterest.com/pin/490399846946811728,https://www.pinterest.com/pin/490399846946811728/,2026-06-03,Renauandcohome,Pinterest
url:www.pinterest.com/pin/417497827976556675,https://www.pinterest.com/pin/417497827976556675/,2026-06-03,EyeSeeYourBeautyHomeDecor,Pinterest
url:www.pinterest.com/pin/1098737640371778249,https://www.pinterest.com/pin/1098737640371778249/,2026-06-03,styledwithpaws,Pinterest
url:www.pinterest.com/pin/179018153933049785,https://www.pinterest.com/pin/179018153933049785/,2026-06-03,crystalhanson4,Pinterest
url:www.pinterest.com/pin/285415695130926457,https://www.pinterest.com/pin/285415695130926457/,2026-06-03,kaylasuestyled,Pinterest
url:www.pinterest.com/pin/490399846946854623,https://www.pinterest.com/pin/490399846946854623/,2026-06-03,Renauandcohome,Pinterest
url:www.pinterest.com/pin/68187381856424188,https://www.pinterest.com/pin/68187381856424188/,2026-06-03,enamour,Pinterest
url:www.pinterest.com/pin/1064538430688084704,https://www.pinterest.com/pin/1064538430688084704/,2026-06-03,carrieithomedecor,Pinterest
url:www.pinterest.com/pin/217509856998606743,https://www.pinterest.com/pin/217509856998606743/,2026-06-03,caffeineNgrace,Pinterest
url:www.pinterest.com/pin/490399846946881865,https://www.pinterest.com/pin/490399846946881865/,2026-06-03,Renauandcohome,Pinterest
url:www.pinterest.com/pin/469641067414449532,https://www.pinterest.com/pin/469641067414449532/,2026-06-03,claudypel,Pinterest
url:www.pinterest.com/pin/1098737640371458724,https://www.pinterest.com/pin/1098737640371458724/,2026-06-03,styledwithpaws,Pinterest
tiktok:7644179147576708365,https://www.tiktok.com/@enamour_home/video/7644179147576708365,2026-06-04,enamour_home,AppLovin
tiktok:7642677758149020958,https://www.tiktok.com/@chilldesignsbyjess/video/7642677758149020958,2026-06-04,chilldesignsbyjess,AppLovin
tiktok:7637164130994064654,https://www.tiktok.com/@itsjoycecreates/video/7637164130994064654,2026-06-04,itsjoycecreates,AppLovin
tiktok:7639939713691929870,https://www.tiktok.com/@carolinafinnegan/video/7639939713691929870,2026-06-04,carolinafinnegan,AppLovin
tiktok:7640479877887544606,https://www.tiktok.com/@irene_lovetolive/video/7640479877887544606,2026-06-04,irene_lovetolive,AppLovin
tiktok:7643452709714005261,https://www.tiktok.com/@emmylewdecorates/video/7643452709714005261,2026-06-04,emmylewdecorates,AppLovin
tiktok:7646423791542799646,https://www.tiktok.com/@mer__diana/video/7646423791542799646,2026-06-04,mer__diana,AppLovin
tiktok:7644624548750494989,https://www.tiktok.com/@tayloralxs/video/7644624548750494989,2026-06-04,tayloralxs,AppLovin
tiktok:7646838217165032718,https://www.tiktok.com/@skillinhome/video/7646838217165032718,2026-06-04,skillinhome,AppLovin
tiktok:7647154698465643790,https://www.tiktok.com/@thetidytrendy/video/7647154698465643790,2026-06-04,thetidytrendy,AppLovin
tiktok:7647210691702689037,https://www.tiktok.com/@styledwithpaws/video/7647210691702689037,2026-06-04,styledwithpaws,AppLovin
instagram:dnlatferwxd,https://www.instagram.com/reel/DNlATfERWxD,2026-06-04,makingfrugalfun,AppLovin
tiktok:7634688918796930334,https://www.tiktok.com/@lifeinusa_/video/7634688918796930334,2026-06-04,lifeinusa_,AppLovin
url:www.instagram.com/reels/dzvhumcuzlf,https://www.instagram.com/reels/DZVHuMCuzLf/,2026-06-08,mymotherhoodmethod,Instagram
tiktok:7646771433946762510,https://www.tiktok.com/@thetidytrendy/video/7646771433946762510?lang=en,2026-06-08,thetidytrendy,TikTok
url:www.instagram.com/reels/dwg1jwddz1l,https://www.instagram.com/reels/DWG1jWdDZ1L/,2026-06-08,bonbonbell.home,Instagram
instagram:dzvx_dlu60w,https://www.instagram.com/reel/DZVX_DLu60w,2026-06-08,mer__diana,Instagram
instagram:dzu5z3vr7gu,https://www.instagram.com/p/DZU5z3vR7GU/,2026-06-08,thetidytrendy,Instagram
url:www.instagram.com/reels/dyizvceoxwr,https://www.instagram.com/reels/DYiZvcEOxwr/,2026-06-08,mymotherhoodmethod,Instagram
url:www.instagram.com/reels/dzvbogetohw,https://www.instagram.com/reels/DZVBogEtOhw/,2026-06-08,croft_treasurechest,Instagram
url:www.instagram.com/reels/dzuzec5kqpn,https://www.instagram.com/reels/DZUzEc5kQpN/,2026-06-08,savannahprattsharma,Instagram
instagram:dzuyu5atblc,https://www.instagram.com/p/DZUyU5AtBlC,2026-06-08,croft_treasurechest,Instagram
url:www.instagram.com/reels/dzujzagxpix,https://www.instagram.com/reels/DZUjZagxpiX/,2026-06-08,homebyelaine,Instagram
url:www.instagram.com/reels/dzlqk27tcpx,https://www.instagram.com/reels/DZLqK27TcpX/,2026-06-08,itsjoycecreates,Instagram
url:www.instagram.com/reels/dzvfacztcxj,https://www.instagram.com/reels/DZVFacZtcxJ/,2026-06-08,croft_treasurechest,Instagram
url:www.pinterest.com/pin/1098737640372491221,https://www.pinterest.com/pin/1098737640372491221/,2026-06-10,styledwithpaws,Pinterest
url:www.pinterest.com/pin/68187381856436899,https://www.pinterest.com/pin/68187381856436899/,2026-06-10,enamour,Pinterest
url:www.pinterest.com/pin/1064538430688256935,https://www.pinterest.com/pin/1064538430688256935/,2026-06-10,carrieithomedecor,Pinterest
url:www.pinterest.com/pin/231583605836086769,https://www.pinterest.com/pin/231583605836086769/,2026-06-10,mjames77,Pinterest
url:www.pinterest.com/pin/1064538430688294490,https://www.pinterest.com/pin/1064538430688294490/,2026-06-10,carrieithomedecor,Pinterest
url:www.pinterest.com/pin/285415695130956581,https://www.pinterest.com/pin/285415695130956581/,2026-06-10,kaylasuestyled,Pinterest
url:www.pinterest.com/pin/179018153933072568,https://www.pinterest.com/pin/179018153933072568/,2026-06-10,crystalhanson4,Pinterest
url:www.pinterest.com/pin/68187381856445805,https://www.pinterest.com/pin/68187381856445805/,2026-06-10,enamour,Pinterest
url:www.pinterest.com/pin/39125090510854101,https://www.pinterest.com/pin/39125090510854101/,2026-06-10,thenuttybrunettehome,Pinterest
url:www.pinterest.com/pin/494129390390288992,https://www.pinterest.com/pin/494129390390288992/,2026-06-10,chardeneymason,Pinterest
url:www.pinterest.com/pin/271271577552130973,https://www.pinterest.com/pin/271271577552130973/,2026-06-10,TinaTealHome,Pinterest
url:www.pinterest.com/pin/68187381856446858,https://www.pinterest.com/pin/68187381856446858/,2026-06-10,enamour,Pinterest
url:www.pinterest.com/pin/271271577552142656,https://www.pinterest.com/pin/271271577552142656/,2026-06-10,TinaTealHome,Pinterest
url:www.pinterest.com/pin/271271577552142560,https://www.pinterest.com/pin/271271577552142560/,2026-06-10,tinaTealHome,Pinterest
url:www.pinterest.com/pin/1064538430688362499,https://www.pinterest.com/pin/1064538430688362499/,2026-06-10,carrieithomedecor,Pinterest
url:www.pinterest.com/pin/1064538430688432094,https://www.pinterest.com/pin/1064538430688432094/,2026-06-10,carrieithomedecor,Pinterest
url:www.pinterest.com/pin/917256649324159234,https://www.pinterest.com/pin/917256649324159234/,2026-06-10,designdetailsbydana,Pinterest
url:www.pinterest.com/pin/351912467422923,https://www.pinterest.com/pin/351912467422923/,2026-06-10,EmmyLewDecorates,Pinterest
url:www.pinterest.com/pin/1098737640372817525,https://www.pinterest.com/pin/1098737640372817525/,2026-06-10,styledwithpaws,Pinterest
url:www.pinterest.com/pin/38702878044070957,https://www.pinterest.com/pin/38702878044070957/,2026-06-10,bonbonbellhome,Pinterest
url:www.pinterest.com/pin/889109151455338752,https://www.pinterest.com/pin/889109151455338752/,2026-06-10,sevensixtyhomeco,Pinterest
url:www.pinterest.com/pin/1064538430688464183,https://www.pinterest.com/pin/1064538430688464183/,2026-06-10,carrieithomedecor,Pinterest
url:www.pinterest.com/pin/39125090510862407,https://www.pinterest.com/pin/39125090510862407/,2026-06-10,thenuttybrunettehome,Pinterest
url:www.pinterest.com/pin/972918325769895102,https://www.pinterest.com/pin/972918325769895102/,2026-06-10,finding_your_aesthetic,Pinterest
url:www.pinterest.com/pin/271271577552145844,https://www.pinterest.com/pin/271271577552145844/,2026-06-10,TinaTealHome,Pinterest
tiktok:7649896432069004574,https://www.tiktok.com/@breianadeangeladu/video/7649896432069004574,2026-06-12,breianadeangeladu,AppLovin
tiktok:7650169051766869262,https://www.tiktok.com/@enamour_home/video/7650169051766869262,2026-06-12,enamour_home,AppLovin
tiktok:7649098040992746782,https://www.tiktok.com/@ashleytravelss/video/7649098040992746782,2026-06-12,ashleytravelss,AppLovin
tiktok:7649547879257787678,https://www.tiktok.com/@chilldesignsbyjess/video/7649547879257787678,2026-06-12,chilldesignsbyjess,AppLovin
tiktok:7648797907763727629,https://www.tiktok.com/@bonbonbell.home/video/7648797907763727629,2026-06-12,bonbonbell.home,AppLovin
tiktok:7643915971626831117,https://www.tiktok.com/@carrieithome/video/7643915971626831117,2026-06-12,carrieithome,AppLovin
tiktok:7647687979879730463,https://www.tiktok.com/@christaandthecity/video/7647687979879730463,2026-06-12,christaandthecity,AppLovin
instagram:dj2g0kky0jk,https://www.instagram.com/p/DJ2g0KKy0Jk/,2026-06-12,our.nohai.home,AppLovin
tiktok:7650130818072923405,https://www.tiktok.com/@itsjoycecreates/video/7650130818072923405,2026-06-12,itsjoycecreates,AppLovin
tiktok:7646855604354419982,https://www.tiktok.com/@kshawnee/video/7646855604354419982,2026-06-12,kshawnee,AppLovin
tiktok:7652053827574648077,https://www.tiktok.com/@lifeinwaheaven/video/7652053827574648077?lang=en,2026-06-17,lifeinwaheaven,TikTok
tiktok:7649829595201473822,https://www.tiktok.com/@atouchofsimplicitybyrana/video/7649829595201473822?lang=en,2026-06-24,atouchofsimplicitybyrana,TikTok
tiktok:7652333027732802829,https://www.tiktok.com/@justsusyl/video/7652333027732802829?lang=en,2026-06-25,justsusyl,TikTok
instagram:duo3dw7jua1,https://www.instagram.com/reel/DUo3DW7jUA1,,bycriszaragoza,YT Shorts
instagram:duoq0asevjr,https://www.instagram.com/reel/DUoq0aSEVJr,,yessy_reviews,YT Shorts
tiktok:7605740281903811853,https://www.tiktok.com/@elaine.batista19/video/7605740281903811853,,elaine.batista19,YT Shorts
instagram:duolp_2j5ou,https://www.instagram.com/reel/DUolp_2j5Ou,,redothezoo,Instagram
instagram:dun9ku-jrm3,https://www.instagram.com/reel/DUn9KU-jrm3,,jaylaferrell_,Instagram
instagram:dumulw7j0ro,https://www.instagram.com/reel/DUmULW7j0ro,,linda_wolfee,Instagram
instagram:dumbqxzeu_c,https://www.instagram.com/reel/DUmBQXZEU_c,,thetidytrendy,Instagram
instagram:dulqxhrgxhr,https://www.instagram.com/reel/DUlqXhRgXHr,,jaylaferrell_,Instagram
instagram:dulgtjskclb,https://www.instagram.com/reel/DUlgtjskcLB,,arabellasourglow,Instagram
instagram:dulf--0jwml,https://www.instagram.com/reel/DUlF--0jWmL,,curatedbyreina,Instagram
instagram:duldpvkdlsu,https://www.instagram.com/reel/DUlDpVKDlsU,,designdetailsbydana,Instagram
instagram:dugy_9aer7s,https://www.instagram.com/reel/DUgY_9AER7S,,arlindabkurtishi,Instagram
instagram:dueuwyvj1ew,https://www.instagram.com/reel/DUeUwYvj1Ew,,cozyandcalmliving,Instagram
instagram:duetelgeujg,https://www.instagram.com/reel/DUeTelgEuJG,,homeandstylebyt,Instagram
instagram:duehuvjeyi0,https://www.instagram.com/reel/DUeHuVjEYI0,,arlindabkurtishi,Instagram
instagram:dudkdgajjkj,https://www.instagram.com/reel/DUdkdGajJKj,,yourdesignerbff,Instagram
instagram:ducha0tezmd,https://www.instagram.com/reel/DUcHA0TEzmD,,jaylaferrell_,Instagram
instagram:dub0q7eeksp,https://www.instagram.com/reel/DUb0Q7eEksP,,surryplace,Instagram
instagram:dubnj5fkhx6,https://www.instagram.com/reel/DUbnj5fkhx6,,findshomeus,Instagram
instagram:duwoghbl7mz,https://www.instagram.com/reel/DUwOGhbl7mZ,,applepiedesign,YT Shorts
tiktok:7606854369585188126,https://www.tiktok.com/@tinatealhome/video/7606854369585188126,,tinatealhome,YT Shorts
instagram:duymumgkpeu,https://www.instagram.com/reel/DUymumGkpEu,,tarajanestyle,YT Shorts
instagram:du9ed9sdozs,https://www.instagram.com/reel/DU9ed9sDozs,,tati_camar,Instagram
instagram:du6kdieirng,https://www.instagram.com/reel/DU6kdIeiRNG,,ourcoastalclassic,Instagram
instagram:du6vf1ceem7,https://www.instagram.com/reel/DU6VF1cEeM7,,yessy_reviews,Instagram
instagram:du4hhbxdtrx,https://www.instagram.com/reel/DU4HHbxDtRx,,chelsealizgreer,Instagram
instagram:du1a-x2ew_b,https://www.instagram.com/reel/DU1A-x2EW_b,,chilldesignsbyjess,Instagram
instagram:duy2bvdec1o,https://www.instagram.com/reel/DUy2bvDEc1O,,ourcozycolonialct,Instagram
instagram:duyvjpskl5-,https://www.instagram.com/reel/DUyvjPskl5-,,lafevreliving1,Instagram
instagram:duusykfdsqh,https://www.instagram.com/reel/DUuSYKfDsQH,,rachel_marrero,Instagram
instagram:dutlncterlv,https://www.instagram.com/reel/DUtlnCtErLv,,surryplace,Instagram
instagram:dutm1vcdqvk,https://www.instagram.com/reel/DUtM1vcDqVk,,designdetailsbydana,Instagram
instagram:dur3ditdbie,https://www.instagram.com/reel/DUr3dItDbie,,designsbydemery,Instagram
instagram:durlanoatn8,https://www.instagram.com/p/DUrLanOATN8/,,elainebatista2024,Instagram
instagram:dus7lf9duth,https://www.instagram.com/reel/DUs7LF9Duth,,destn8tion,Instagram
tiktok:7584552562297146637,https://www.tiktok.com/@emmylewdecorates/video/7584552562297146637?_r=1&_t=ZT-94CLxDfkny2,,emmylewdecorates,TikTok
url:www.instagram.com/reels/dwuk--zkrja,https://www.instagram.com/reels/DWUk--zkRJA/,,thatgirlteci,Instagram
tiktok:7622696027581205773,https://www.tiktok.com/@itsjoycecreates/video/7622696027581205773,,itsjoycecreates,Applovin
tiktok:7622668990963354894,https://www.tiktok.com/@farmhouse40_/video/7622668990963354894,,farmhouse40_,Applovin
tiktok:7622334943980522783,https://www.tiktok.com/@destinystylesss/video/7622334943980522783,,destinystylesss,Applovin
tiktok:7622815047483411725,https://www.tiktok.com/@naylani/video/7622815047483411725,,naylani,Applovin
tiktok:7622459969916472607,https://www.tiktok.com/@angieinpa/video/7622459969916472607,,angieinpa,Applovin
tiktok:7623104648303414542,https://www.tiktok.com/@triedandtruemom/video/7623104648303414542,,triedandtruemom,Applovin
tiktok:7623006744209394957,https://www.tiktok.com/@carolinafinnegan/video/7623006744209394957,,carolinafinnegan,Applovin
tiktok:7622012812595924255,tiktok.com/@evsmokeatx/video/7622012812595924255/,,evsmokeatx,Applovin
tiktok:7622960748846714142,https://www.tiktok.com/@thepinkpalace93/video/7622960748846714142,,thepinkpalace93,Applovin
tiktok:7623144412012416270,https://www.tiktok.com/@christaandthecity/video/7623144412012416270,,christaandthecity,Applovin
tiktok:7622832478025223455,https://www.tiktok.com/@boredmoms/video/7622832478025223455,,boredmoms,Applovin
tiktok:7622706640827043102,https://www.tiktok.com/@jennmontoya_/video/7622706640827043102,,jennmontoya_,Applovin
url:www.instagram.com/reels/dwg5_wjkf5j,https://www.instagram.com/reels/DWg5_wjkf5J/,,thetidytrendy,Instagram
url:www.instagram.com/reels/dwgjotwjkmf,https://www.instagram.com/reels/DWgjoTwjkMF/,,destn8tion,Instagram
url:www.instagram.com/reels/dweux7vd31z,https://www.instagram.com/reels/DWeuX7vD31z/,,home.next.door,Instagram
url:www.instagram.com/reels/dweengbkdhi,https://www.instagram.com/reels/DWeenGBkdhi/,,thepirigyihome_,Instagram
url:www.instagram.com/reels/dwecfglkvg8,https://www.instagram.com/reels/DWecFglkVg8/,,ourcozycolonialct,Instagram
url:www.instagram.com/reels/dwesz_dkt_2,https://www.instagram.com/reels/DWesZ_DkT_2/,,elainebatista2024,Instagram
url:www.instagram.com/reels/dwec-ijdvxp,https://www.instagram.com/reels/DWeC-ijDVXp/,,farmhouse40_,Instagram
url:www.instagram.com/reels/dwebch2jr3a,https://www.instagram.com/reels/DWeBcH2jR3A/,,homewithshanna,Instagram
url:www.instagram.com/reels/dwd_b1nkqdn,https://www.instagram.com/reels/DWd_B1NkQdN/,,_queenofeverything,Instagram
url:www.instagram.com/reels/dwcpuodgckt,https://www.instagram.com/reels/DWcpUodgckt/,,carrieithome,Instagram
url:www.instagram.com/reels/dwcawhlk49v,https://www.instagram.com/reels/DWcaWHlk49V/,,christen.at.home,Instagram
url:www.instagram.com/reels/dwb6uewjxy1,https://www.instagram.com/reels/DWb6UEwjXy1/,,basicallycontent,Instagram
url:www.instagram.com/reels/dwbbtctdmqe,https://www.instagram.com/reels/DWbbTctDmQe/,,pinchmeimhome,Instagram
url:www.instagram.com/reels/dwanc0rjgbl,https://www.instagram.com/reels/DWaNC0rjgbL/,,olyacreative,Instagram
url:www.instagram.com/reels/dwab7i3xvly,https://www.instagram.com/reels/DWaB7i3xvlY/,,abraujewelry,Instagram
url:www.instagram.com/reels/dwz1jk2isgi,https://www.instagram.com/reels/DWZ1Jk2isGi/,,jaylaferrell_,Instagram
url:www.instagram.com/reels/dwz0ct3d3uv,https://www.instagram.com/reels/DWZ0ct3D3uv/,,christinasciblo,Instagram
url:www.instagram.com/reels/dwzx1kaiz-z,https://www.instagram.com/reels/DWZx1KaiZ-z/,,ourcoastalclassic,Instagram
url:www.instagram.com/reels/dwzityed3hd,https://www.instagram.com/reels/DWZitYeD3hD/,,jstinoo,Instagram
url:www.instagram.com/reels/dwznhpodtr2,https://www.instagram.com/reels/DWZNHPODTr2/,,homewithshanna,Instagram
url:www.instagram.com/reels/dwzlztdeqy5,https://www.instagram.com/reels/DWZLZtdEQY5/,,cozyandcalmliving,Instagram
url:www.instagram.com/reels/dwzlg85ka4h,https://www.instagram.com/reels/DWZLg85ka4h/,,houseoncalgarydowns,Instagram
url:www.pinterest.com/pin/1064538430686007802,https://www.pinterest.com/pin/1064538430686007802/,,carrieithomedecor,Pinterest
url:www.pinterest.com/pin/879679739732001840,https://www.pinterest.com/pin/879679739732001840/,,christenathome,Pinterest
url:www.pinterest.com/pin/1064538430685992452,https://www.pinterest.com/pin/1064538430685992452/,,carrieithomedecor,Pinterest
url:www.pinterest.com/pin/179088522678389016,https://www.pinterest.com/pin/179088522678389016/,,tinytoesandspaces,Pinterest
url:pinterest,Pinterest,,triedandtruemomlife,Pinterest
url:www.pinterest.com/pin/879679739731924702,https://www.pinterest.com/pin/879679739731924702/,,christenathome,Pinterest
url:www.pinterest.com/pin/271271577551953024,https://www.pinterest.com/pin/271271577551953024/,,TinaTealHome,Pinterest
url:www.pinterest.com/pin/917256649321732923,https://www.pinterest.com/pin/917256649321732923/,,designdetailsbydana,Pinterest
url:www.pinterest.com/pin/271271577551951911,https://www.pinterest.com/pin/271271577551951911/,,TinaTealHome,Pinterest
url:www.pinterest.com/pin/465981892719437849,https://www.pinterest.com/pin/465981892719437849/,,christinasciblo,Pinterest
url:www.pinterest.com/pin/1064538430685900791,https://www.pinterest.com/pin/1064538430685900791/,,carrieithomedecor,Pinterest
url:www.pinterest.com/pin/1064538430685897969,https://www.pinterest.com/pin/1064538430685897969/,,carrieithomedecor,Pinterest
url:www.pinterest.com/pin/1130192469027627448,https://www.pinterest.com/pin/1130192469027627448/,,healingyourhomewmedina,Pinterest
url:www.pinterest.com/pin/415808978118757208,https://www.pinterest.com/pin/415808978118757208/,,oiwajoyce01,Pinterest
url:www.pinterest.com/pin/522347256804841445,https://www.pinterest.com/pin/522347256804841445/,,boredmomsite,Pinterest
instagram:dxkavtteycq,https://www.instagram.com/reel/DXKAVTtEyCq,,ourcozycraftedhome,AppLovin
tiktok:7613788731522157855,https://www.tiktok.com/@britainbennett/video/7613788731522157855?lang=en,,britianbennett,TikTok
tiktok:7617699578971802911,https://www.tiktok.com/@whatlydia/video/7617699578971802911,,whatlydia,TikTok
tiktok:7628361046738226446,https://www.tiktok.com/@stephaniemwolfe/video/7628361046738226446,,stephaniemwolfe,AppLovin
tiktok:7623181268057853197,https://www.tiktok.com/@christenathome/video/7623181268057853197,,christenathome,AppLovin
instagram:dxo3ecyewph,https://www.instagram.com/reel/DXO3ECYEWPH,,emmylew_designs,AppLovin
instagram:dxe2wlhiomp,https://www.instagram.com/reel/DXE2wLHiOMP,,surryplace,AppLovin
tiktok:7628749162070232351,https://www.tiktok.com/@irene_lovetolive/video/7628749162070232351,,irene_lovetolive,AppLovin
instagram:dw3ups4j3df,https://www.instagram.com/reel/DW3ups4j3Df,,carrieithome,AppLovin
instagram:dwjjqfkgc98,https://www.instagram.com/reel/DWjJqfkgc98,,carrieithome,AppLovin
tiktok:7629008033804242206,https://www.tiktok.com/@ourmountainsidehome/video/7629008033804242206,,ourmountainsidehome,AppLovin
instagram:dxhrrq8lwab,https://www.instagram.com/reel/DXHrrq8lwaB,,megank_home,AppLovin
instagram:dzfllqiovva,https://www.instagram.com/reel/DZfLlQiOVVa,,thehartlandhome,Instagram
instagram:dzflvlcxnbb,https://www.instagram.com/p/DZfLVLCxnbb/,,homebodywithforlisa,Instagram
url:www.instagram.com/reels/dzfjqkvlx_3,https://www.instagram.com/reels/DZfJqkVlx_3/,,athomewithnene_,Instagram
url:www.instagram.com/reels/dzfhxcnbmtv,https://www.instagram.com/reels/DZfHXCNBmTV/,,carrieithome,Instagram
url:www.instagram.com/reels/dzfde1crhjh,https://www.instagram.com/reels/DZfDe1cRHJH/,,courtneytaylorhome,Instagram
url:www.instagram.com/reels/dzdsqxmnbn5,https://www.instagram.com/reels/DZdsQxmNbN5/,,bonbonbell.home,Instagram
url:www.instagram.com/reels/dzdsk0lvbq2,https://www.instagram.com/reels/DZdsK0LvbQ2/,,diaries.of.danielle,Instagram
instagram:dzdmnyttmfe,https://www.instagram.com/p/DZdMnyTTMFE/,,anya_gc_elegancy,Instagram
url:www.instagram.com/reels/dzbqiyobxx6,https://www.instagram.com/reels/DZbqIYOBxX6/,,reallyrians,Instagram
url:www.instagram.com/reels/dzbobljsfi8,https://www.instagram.com/reels/DZbObLjsfi8/,,lightscamerajacksons1,Instagram
url:www.instagram.com/reels/dza73ndst_u,https://www.instagram.com/reels/DZa73NdST_u/,,bored.mom,Instagram
url:www.instagram.com/reels/dza44ghh3ml,https://www.instagram.com/reels/DZa44ghh3mL/,,redothezoo,Instagram
url:www.instagram.com/reels/dzapk7xphkz,https://www.instagram.com/reels/DZapk7xpHkZ/,,thestyleguyla,Instagram
url:www.instagram.com/reels/dzz701trfpi,https://www.instagram.com/reels/DZZ701tRfpi/,,courtneytaylorhome,Instagram
url:www.instagram.com/reels/dzyexchvthg,https://www.instagram.com/reels/DZYexchvTHG/,,simplyilmaa_,Instagram
url:www.instagram.com/reels/dzywuqdsmmh,https://www.instagram.com/reels/DZYWUQdsmMh/,,jhop5,Instagram
url:www.instagram.com/reels/dzm45ejr2vg,https://www.instagram.com/reels/DZm45eJR2vG/,,thetidytrendy,YT Shorts
url:www.instagram.com/reels/dzm9txxpm6t,https://www.instagram.com/reels/DZm9TxxpM6t/,,layeredbymonay,YT Shorts
url:www.instagram.com/reels/dznwor8b9-h,https://www.instagram.com/reels/DZnwOr8B9-H/,,redothezoo,YT Shorts
url:www.instagram.com/reels/dzshs4-ors4,https://www.instagram.com/reels/DZsHs4-OrS4/,,mymotherhoodmethod,YT Shorts
url:www.instagram.com/reels/dzqn9azstx8,https://www.instagram.com/reels/DZqN9AzSTx8/,,yourdesignerbff,YT Shorts
url:www.instagram.com/reels/dzp2ytwu5hd,https://www.instagram.com/reels/DZp2yTWu5Hd/,,shelbyxdanielle_,YT Shorts
url:www.instagram.com/reels/dzpominr6f3,https://www.instagram.com/reels/DZpOMINR6f3/,,homewithshanna,YT Shorts
url:www.pinterest.com/pin/39125090510863300,https://www.pinterest.com/pin/39125090510863300/,,thenuttybrunettehome,Pinterest
url:www.pinterest.com/pin/39125090510865181,https://www.pinterest.com/pin/39125090510865181/,,thenuttybrunettehome,Pinterest
url:www.pinterest.com/pin/1064538430688497695,https://www.pinterest.com/pin/1064538430688497695/,,carrieithomedecor,Pinterest
url:www.pinterest.com/pin/223631937743071262,https://www.pinterest.com/pin/223631937743071262/,,brookeranz,Pinterest
url:www.pinterest.com/pin/223631937743071282,https://www.pinterest.com/pin/223631937743071282/,,brookeranz,Pinterest
url:www.pinterest.com/pin/1101341283905196052,https://www.pinterest.com/pin/1101341283905196052/,,paisleyathome1,Pinterest
url:www.pinterest.com/pin/223631937743071428,https://www.pinterest.com/pin/223631937743071428/,,brookeranz,Pinterest
url:www.pinterest.com/pin/1101341283905197445,https://www.pinterest.com/pin/1101341283905197445/,,paisleyathome1,Pinterest
url:www.pinterest.com/pin/1101341283905197838,https://www.pinterest.com/pin/1101341283905197838/,,paisleyathome1,Pinterest
url:www.pinterest.com/pin/889109151455405569,https://www.pinterest.com/pin/889109151455405569/,,sevensixtyhomeco,Pinterest
url:www.pinterest.com/pin/889109151455406482,https://www.pinterest.com/pin/889109151455406482/,,sevensixtyhomeco,Pinterest
url:www.pinterest.com/pin/351912467428990,https://www.pinterest.com/pin/351912467428990/,,EmmyLewDecorates,Pinterest
url:www.pinterest.com/pin/271271577552151399,https://www.pinterest.com/pin/271271577552151399/,,TinaTealHome,Pinterest
url:www.pinterest.com/pin/37295503160875480,https://www.pinterest.com/pin/37295503160875480/,,ladyofashion,Pinterest
url:www.pinterest.com/pin/1064538430688530587,https://www.pinterest.com/pin/1064538430688530587/,,carrieithomedecor,Pinterest
url:www.pinterest.com/pin/271271577552151868,https://www.pinterest.com/pin/271271577552151868/,,TinaTealHome,Pinterest
url:www.pinterest.com/pin/68187381856460564,https://www.pinterest.com/pin/68187381856460564/,,enamour,Pinterest
url:www.pinterest.com/pin/443745369558071925,https://www.pinterest.com/pin/443745369558071925/,,gagemadehome,Pinterest
url:www.pinterest.com/pin/351912467430741,https://www.pinterest.com/pin/351912467430741/,,EmmyLewDecorates,Pinterest
url:www.pinterest.com/pin/494129390390324823,https://www.pinterest.com/pin/494129390390324823/,,chardeneymason,Pinterest
url:www.pinterest.com/pin/1064538430688563882,https://www.pinterest.com/pin/1064538430688563882/,,carrieithomedecor,Pinterest
url:www.pinterest.com/pin/522347256805388786,https://www.pinterest.com/pin/522347256805388786/,,boredmomsite,Pinterest
url:www.pinterest.com/pin/1098737640373105445,https://www.pinterest.com/pin/1098737640373105445/,,styledwithpaws,Pinterest
url:www.pinterest.com/pin/1064538430688597220,https://www.pinterest.com/pin/1064538430688597220/,,carrieithomedecor,Pinterest
url:www.pinterest.com/pin/217509856998641862,https://www.pinterest.com/pin/217509856998641862/,,caffeineNgrace,Pinterest
url:www.pinterest.com/pin/1064538430688631066,https://www.pinterest.com/pin/1064538430688631066/,,carrieithomedecor,Pinterest
url:www.pinterest.com/pin/1101341283905463855,https://www.pinterest.com/pin/1101341283905463855/,,paisleyathome1,Pinterest
url:www.pinterest.com/pin/37295503160882479,https://www.pinterest.com/pin/37295503160882479/,,ladyofashion,Pinterest
url:www.pinterest.com/pin/494129390390340349,https://www.pinterest.com/pin/494129390390340349/,,chardeneymason,Pinterest
url:www.pinterest.com/pin/351912467439732,https://www.pinterest.com/pin/351912467439732/,,EmmyLewDecorates,Pinterest
url:www.pinterest.com/pin/68187381856472868,https://www.pinterest.com/pin/68187381856472868/,,enamour,Pinterest
url:www.pinterest.com/pin/285415695130989453,https://www.pinterest.com/pin/285415695130989453/,,kaylasuestyled,Pinterest
url:www.instagram.com/reels/dzsklghrorv,https://www.instagram.com/reels/DZsKLghROrV/,,designdetailsbydana,YT Shorts
url:www.instagram.com/reels/dzoabqtobpk,https://www.instagram.com/reels/DZoaBQtOBpK/,,mer__diana,YT Shorts
url:www.instagram.com/reels/dzpukdvoes0,https://www.instagram.com/reels/DZpuKdvOes0/,,thetidytrendy,YT Shorts
url:www.instagram.com/reels/dziu9m2uuts,https://www.instagram.com/reels/DZiU9M2uuts/,,home.next.door,YT Shorts
tiktok:7651395419653557518,https://www.tiktok.com/@chelsealizgreer/video/7651395419653557518,,chelsealizgreer,AppLovin
tiktok:7651429380022914335,https://www.tiktok.com/@triedandtruemom/video/7651429380022914335,,triedandtruemom,AppLovin
tiktok:7651630142745218334,https://www.tiktok.com/@tinatealhome/video/7651630142745218334,,tinatealhome,AppLovin
tiktok:7652011553729826061,https://www.tiktok.com/@thetidytrendy/video/7652011553729826061,,thetidytrendy,AppLovin
tiktok:7652116799202266382,https://www.tiktok.com/@savannahprattsharma/video/7652116799202266382,,savannahprattsharma,AppLovin
tiktok:7652117330368924942,https://www.tiktok.com/@kaylasuestyled/video/7652117330368924942,,kaylasuestyled,AppLovin
tiktok:7651715025576430879,https://www.tiktok.com/@newenglandsummerss/video/7651715025576430879,,newenglandsummerss,AppLovin
tiktok:7652387357030763789,https://www.tiktok.com/@mymotherhoodmethod/video/7652387357030763789,,mymotherhoodmethod,AppLovin
tiktok:7652441213898886414,https://www.tiktok.com/@medinacolaku/video/7652441213898886414,,medinacolaku,AppLovin
tiktok:7652447566990200094,https://www.tiktok.com/@tinatealhome/video/7652447566990200094,,tinatealhome,AppLovin
tiktok:7652555351010610462,https://www.tiktok.com/@cannachristiana/video/7652555351010610462,,cannachristiana,AppLovin
tiktok:7652789907219287310,https://www.tiktok.com/@leighastepp/video/7652789907219287310,,leighastepp,AppLovin
tiktok:7652834813048524045,https://www.tiktok.com/@thetidytrendy/video/7652834813048524045,,thetidytrendy,AppLovin
tiktok:7653099548146928909,https://www.tiktok.com/@justsusyl/video/7653099548146928909,,justsusyl,AppLovin
tiktok:7653106929627090190,https://www.tiktok.com/@itsjoycecreates/video/7653106929627090190,,itsjoycecreates,AppLovin
tiktok:7653254052867755277,https://www.tiktok.com/@enamour_home/video/7653254052867755277,,enamour_home,AppLovin
instagram:dz3lsm-s2kc,https://www.instagram.com/reel/DZ3lsm-S2kC,,lauren.fabbri,AppLovin
tiktok:7652908276996246814,https://www.tiktok.com/@carrieithome/video/7652908276996246814,,carrieithome,AppLovin
instagram:dz06grxvzpb,https://www.instagram.com/reel/DZ06grXvzPb,,thestyleguyla,AppLovin
instagram:dzulq1mz5qm,https://www.instagram.com/reel/DZulq1Mz5qM,,itsjoycecreates,AppLovin
url:www.instagram.com/reels/dz3uhu3x9cc,https://www.instagram.com/reels/DZ3uHU3x9Cc/,,rachelsreno,YT Shorts
url:www.instagram.com/reels/dz3t_7pybnh,https://www.instagram.com/reels/DZ3T_7PybnH/,,lifeinwaheaven,YT Shorts
url:www.instagram.com/reels/dzz7uhora95,https://www.instagram.com/reels/DZz7uHoRA95/,,arabellasourglow,YT Shorts
url:www.instagram.com/reels/dz4726ihibf,https://www.instagram.com/reels/DZ4726ihIBF/,,carrieithome,YT Shorts
url:www.instagram.com/reels/dz3lsm-s2kc,https://www.instagram.com/reels/DZ3lsm-S2kC/,,lauren.fabbri,YT Shorts
url:www.instagram.com/reels/dzlmdyosiwb,https://www.instagram.com/reels/DZlmdyosIwB/,,_aramos__,Instagram
url:www.instagram.com/reels/dzdycgmswzu,https://www.instagram.com/reels/DZdYCGmSwZu/,,tayloralxs,Instagram
url:www.instagram.com/reels/dz49y65r9zw,https://www.instagram.com/reels/DZ49Y65R9Zw/,,raisingthesuttons,YT Shorts
url:www.instagram.com/reels/dz8wg19xn6q,https://www.instagram.com/reels/DZ8WG19xN6Q/,,ourcozycolonialct,YT Shorts
url:www.instagram.com/reels/dz8mbvoagz9,https://www.instagram.com/reels/DZ8MBvoAgz9/,,shanonmakesithome,YT Shorts
url:www.instagram.com/reels/dz6ms5lxk2-,https://www.instagram.com/reels/DZ6Ms5lxK2-/,,homedecor.loverr,YT Shorts
url:www.instagram.com/reels/dz-pxx4uk6f,https://www.instagram.com/reels/DZ-pXx4uk6F/,,yourdesignerbff,YT Shorts
url:www.instagram.com/reels/dadpnmucwyn,https://www.instagram.com/reels/DaDPnmUCWyN/,,lafevreliving1,YT Shorts
url:www.instagram.com/reels/daendyutewa,https://www.instagram.com/reels/DaENdyuTEWA/,,pinkwithsonshine,YT Shorts
instagram:daisjjox8z2,https://www.instagram.com/p/DaISJjOx8z2/,,bonbonbell.home,YT Shorts
url:www.instagram.com/reels/dajlwvagkwv,https://www.instagram.com/reels/DaJLwVagkwV/,,styledwithpaws,YT Shorts
url:www.instagram.com/reels/daeamszjwtr,https://www.instagram.com/reels/DaEaMsZJwtr/,,carrieithome,Instagram
url:www.instagram.com/reels/dz_xxlgp1vh,https://www.instagram.com/reels/DZ_Xxlgp1vH/,,itlookedgoodonline,Instagram
url:www.instagram.com/reels/dalbc2jxxjd,https://www.instagram.com/reels/DaLbc2JxXjD/,,designdetailsbydana,YT Shorts
url:www.instagram.com/reels/dallqrcsfa9,https://www.instagram.com/reels/DaLlQrCsfa9/,,emilyaharrah,YT Shorts
tiktok:7657043853391744269,https://www.tiktok.com/@melinatesi/video/7657043853391744269,,melinatesi,YT Shorts
tiktok:7657329092420766989,https://www.tiktok.com/@mariawedding/video/7657329092420766989,,mariawedding,YT Shorts
tiktok:7654756250189679886,https://www.tiktok.com/@thetidytrendy/video/7654756250189679886,,thetidytrendy,AppLovin
tiktok:7654992173481413901,https://www.tiktok.com/@emmylewdecorates/video/7654992173481413901,,emmylewdecorates,AppLovin
tiktok:7655064818923195661,https://www.tiktok.com/@tayloralxs/video/7655064818923195661,,tayloralxs,AppLovin
tiktok:7655097584083569934,https://www.tiktok.com/@ourcozycraftedhome/video/7655097584083569934,,ourcozycraftedhome,AppLovin
tiktok:7655104762651692301,https://www.tiktok.com/@lifeinwaheaven/video/7655104762651692301,,lifeinwaheaven,AppLovin
tiktok:7655425050178260255,https://www.tiktok.com/@atouchofsimplicitybyrana/video/7655425050178260255,,atouchofsimplicitybyrana,AppLovin
tiktok:7655432848056306975,https://www.tiktok.com/@tannesias/video/7655432848056306975,,tannesias,AppLovin
tiktok:7657345398914157838,https://www.tiktok.com/@lifeinwaheaven/video/7657345398914157838,,lifeinwaheaven,AppLovin
instagram:dz-qefoojux,https://www.instagram.com/reel/DZ-qeFOOjuX,,yourdesignerbff,AppLovin
instagram:daeggkzduch,https://www.instagram.com/reel/DaEGgKzDUCh,,shanonmakesithome,AppLovin
instagram:damfh1jzhss,https://www.instagram.com/reel/DaMFH1jzHSS,,chilldesignsbyjess,AppLovin
instagram:dantxl9h6cw,https://www.instagram.com/p/DaNTXl9h6cw/,,cannachristiana,AppLovin
instagram:danvb2arhj5,https://www.instagram.com/reel/DaNvb2aRHj5,,stevicaitlin,AppLovin
instagram:daoeipjxypu,https://www.instagram.com/reel/DaOeIPjxypu,,chelsealizgreer,AppLovin
url:www.instagram.com/reels/damc2xkujej,https://www.instagram.com/reels/DamC2xkujEj/,,jenniferr.vo,YT Shorts
instagram:dyniijomfw-,https://www.instagram.com/reel/DYNiijOMFw-,,Tatyana Avramenko,Email
url:www.instagram.com/reels/da4io8iyjmn,https://www.instagram.com/reels/Da4Io8iyJmn/,,craftednoshexplorer,YT Shorts
url:www.instagram.com/reels/dba6gzdxcc4,https://www.instagram.com/reels/DbA6gzdxCc4/,,styledwithpaws,YT Shorts
url:www.instagram.com/reels/da9jgrnt_wl,https://www.instagram.com/reels/Da9JGrnt_WL/,,ashali123_,YT Shorts
url:www.instagram.com/reels/dblvlajtcqj,https://www.instagram.com/reels/DbLVLajtcQJ/,,emscollectedhome,YT Shorts
url:www.instagram.com/reels/dblesmabgzg,https://www.instagram.com/reels/DbLesMABGzG/,,lifeinwaheaven,YT Shorts
url:www.instagram.com/reels/dbnyqj-b7lr,https://www.instagram.com/reels/DbNyqJ-B7lR/,,carrieithome,YT Shorts
url:www.instagram.com/reels/dbthyiiin-v,https://www.instagram.com/reels/DbTHyIiiN-v/,,lafevreliving1,YT Shorts
url:www.instagram.com/reels/dboabknr_wb,https://www.instagram.com/reels/DbOabknR_Wb/,,styledwithpaws,YT Shorts
tiktok:7555898586337201438,https://www.tiktok.com/@clarityhome/video/7555898586337201438,,Clarity home,Email
url:www.pinterest.com/pin/1064538430689143740,https://www.pinterest.com/pin/1064538430689143740/,,Carrie It Home,Pinterest
url:www.instagram.com/reels/daiunusv_b3,https://www.instagram.com/reels/DaiUnUsv_b3/,,ourmountainsidehome_1,Pinterest
url:www.instagram.com/reels/da7xhchul8b,https://www.instagram.com/reels/Da7xhchuL8b/,,outfitsbyashley,Pinterest
url:www.instagram.com/reels/dbzuopvvqew,https://www.instagram.com/reels/DbZUOPvvQEW/,,ferndesol,Pinterest
url:www.instagram.com/reels/dagb3dqsryl,https://www.instagram.com/reels/Dagb3dqsRYL/,,devinawyatt,Pinterest
url:www.instagram.com/reels/dbk8tr_hspo,https://www.instagram.com/reels/Dbk8tR_hSPO/,,carrieithome,YT Shorts
url:www.instagram.com/reels/dblntlhbf00,https://www.instagram.com/reels/DblntLHBF00/,,tinatealhome,Instagram
instagram:dbj20phs4qm,https://www.instagram.com/p/Dbj20Phs4qM/,,beesnburlap,Instagram
instagram:dbeki5uxwj3,https://www.instagram.com/reel/DbeKI5UxwJ3,,gracefullyelevatedhome,Instagram
instagram:dbrz5wympjk,https://www.instagram.com/p/DbRz5WyMpjK/,,beesnburlap,Instagram
url:www.instagram.com/reels/dbvq7efck7a,https://www.instagram.com/reels/DbvQ7EFCK7a/,,courtneytaylorhome,YT Shorts
url:www.instagram.com/reels/dbrdnuquerz,https://www.instagram.com/reels/DbrdNUQueRz/,,thetidytrendy,YT Shorts
url:www.instagram.com/reels/dblkcdbotls,https://www.instagram.com/reels/DblKCDbOTLs/,,paisleyathome,YT Shorts
url:www.instagram.com/reels/dbwyglppk2z,https://www.instagram.com/reels/DbwYgLPpK2z/,,cassandra.noellee,YT Shorts
url:www.instagram.com/reels/db3cb7yiqau,https://www.instagram.com/reels/Db3cb7yIqaU/,,surryplace,YT Shorts
url:www.instagram.com/reels/db4q-iexmyh,https://www.instagram.com/reels/Db4Q-IExmyH/,,mymotherhoodmethod,YT Shorts
tiktok:7571151935311498509,https://www.tiktok.com/@crimewithkylie/video/7571151935311498509,,crimewithkylie,AppLovin
tiktok:7555543223519776031,https://www.tiktok.com/@robinwarz.interiors/video/7555543223519776031,,robinwarz.interiors,AppLovin
tiktok:7620902256002551070,https://www.tiktok.com/@alishafloryn/video/7620902256002551070,,alishafloryn,AppLovin
url:www.instagram.com/reels/dzk5a5qoy-t,https://www.instagram.com/reels/DZK5a5qOY-T/,,ashali123_,Organic Social (IG/YT/TT)
url:www.instagram.com/reels/dbbpmplpmke,https://www.instagram.com/reels/DbbPmPlpmke/,,sweethomeology,Organic Social (IG/YT/TT)
url:www.instagram.com/reels/dy-ial1pnr-,https://www.instagram.com/reels/DY-Ial1PNr-/,,haikettua_atl,Organic Social (IG/YT/TT)
instagram:2278351856031348,https://www.facebook.com/reel/2278351856031348,,CottageonWynn,Organic Social (IG/YT/TT)
tiktok:7647487328390221087,https://www.tiktok.com/@emstyles.7/video/7647487328390221087?lang=en,,emstyles.7,TikTok
url:www.pinterest.com/pin/14003448838736281,https://www.pinterest.com/pin/14003448838736281/,,yourdesignerbff,Pinterest
url:www.instagram.com/reels/dde0_ijxq-u,https://www.instagram.com/reels/DdE0_ijxq-U/,,basicallycontent,Instagram
url:www.instagram.com/reels/ddez4pmrf5c,https://www.instagram.com/reels/DdEZ4PmRf5C/,,arabellasourglow,Instagram
url:www.instagram.com/reels/ddbloaqrmyj,https://www.instagram.com/reels/DdBloaqRmyj/,,thetidytrendy,Instagram
url:www.instagram.com/reels/dc_ue_xbwmg,https://www.instagram.com/reels/Dc_uE_XBWMg/,,ellis_cottage,Instagram
url:www.instagram.com/reels/dc_utcpnq58,https://www.instagram.com/reels/Dc_UtcpNq58/,,thehartlandhome,Instagram
url:www.instagram.com/reels/dc_jgdotr34,https://www.instagram.com/reels/Dc_JGdOTr34/,,itsjoycecreates,Instagram
instagram:dwo3mwfdrur,https://www.instagram.com/reel/DWO3MWfDrUR,,skillinhome,YT Shorts
tiktok:7618603660733451534,https://www.tiktok.com/@heydanasia/video/7618603660733451534,,heydanasia,YT Shorts
tiktok:7516810514811358495,https://www.tiktok.com/@alishafloryn/video/7516810514811358495,,alishafloryn,YT Shorts
instagram:dvwbfvzeuyx,https://www.instagram.com/reel/DVWBFvzEUyX,,hamiltonhaven5,YT Shorts
tiktok:7520320540473658654,https://www.tiktok.com/@sa.miyahh/video/7520320540473658654,,sa.miyahh,YT Shorts
instagram:driia6vkudy,https://www.instagram.com/reel/DRiia6vkUdY,,realmom.finds,YT Shorts
instagram:dswqf8zjapa,https://www.instagram.com/p/DSWQf8zjaPA/,,dana.vento,YT Shorts
instagram:dke_qzkrsgr,https://www.instagram.com/reel/DKe_qZkRSgR,,brittanydesignspo,YT Shorts
tiktok:7610858306847952158,https://www.tiktok.com/@taticamar7/video/7610858306847952158,,taticamar7,TikTok
instagram:dnjmdpdt7af,https://www.instagram.com/p/DNjmdpDt7AF/,,iamquinti,YT Shorts
url:www.instagram.com/reels/ddsnbcimjm5,https://www.instagram.com/reels/DdSnBCIMjM5/,,homeandstylebyt,Instagram
url:www.instagram.com/reels/ddpgg7cv7lf,https://www.instagram.com/reels/DdPgg7cv7lF/,,glad.tobehome,Instagram
url:www.instagram.com/reels/ddhnssoglqd,https://www.instagram.com/reels/DdHNsSoglQd/,,savannahprattsharma,Instagram
url:www.instagram.com/reels/ddf1lmvptot,https://www.instagram.com/reels/DdF1lmvpTot/,,heidi.hygge.home,Instagram
url:www.instagram.com/reels/ddhqge8oyvl,https://www.instagram.com/reels/DdHQgE8OYvL/,,paisleyathome,Instagram
tiktok:7656825703509314846,https://www.tiktok.com/@tinatealhome/video/7656825703509314846,,tinatealhome,TikTok
tiktok:7607415809396182302,https://www.tiktok.com/@tinatealhome/video/7607415809396182302?lang=en,,tinatealhome,TikTok
url:www.instagram.com/reels/ddb7nktxzkh,https://www.instagram.com/reels/Ddb7NKTxZkh/,,emmylew_designs,Instagram
url:www.instagram.com/reels/ddh2hb8seiw,https://www.instagram.com/reels/Ddh2hb8sEiw/,,mymotherhoodmethod,Instagram
url:www.instagram.com/reels/dc4vhupsbmu,https://www.instagram.com/reels/Dc4VHUpSBmu/,,dwellbyteressa,Instagram
tiktok:7593081769415429406,https://www.tiktok.com/@corinneboofinds/video/7593081769415429406?lang=en,,corinneboofinds,TikTok
tiktok:7668145152367561997,https://www.tiktok.com/@homebodywithforlisa/video/7668145152367561997?lang=en,,homebodywithforlisa,TikTok
url:www.instagram.com/reels/ddqzy82xyqh,https://www.instagram.com/reels/DdqzY82xyqh/,,emmylew_designs,Instagram
url:www.instagram.com/reels/ddoec0zteyy,https://www.instagram.com/reels/DdoeC0ZteYy/,,emscollectedhome,Instagram
url:www.instagram.com/reels/ddoeddhbtpm,https://www.instagram.com/reels/DdoEdDhBtPm/,,sweethomeology,Instagram
url:www.instagram.com/reels/ddm3iuwucwo,https://www.instagram.com/reels/Ddm3iUWuCwo/,,paisleyathome,Instagram
url:www.instagram.com/reels/ddwd15pioul,https://www.instagram.com/reels/DdwD15pIouL/,,courtneytaylorhome,Instagram
url:www.instagram.com/reels/ddq28qripnh,https://www.instagram.com/reels/Ddq28qripNh/,,courtneytaylorhome,Instagram
url:www.instagram.com/reels/dd119pzpdgb,https://www.instagram.com/reels/Dd119pzpDGB/,,home.withkatrina,Instagram
