creator_id,creator_name,creator_handle,month,content_url,platform,post_date,eligible,selected,selection_date,boosted,gift_card_cost,paid_spend,boosted_revenue,impressions,engagements,clicks,featured_category,campaign
24812950,Adrian Elia,adrianeliab,2026-08,https://www.instagram.com/p/Db1nQ9XNDpc/,Instagram,2026-08-09 16:32:29,Yes,Yes,,False,0.0,0.0,0.0,0,0,0,,Halo effect upload
24812950,Adrian Elia,theadrianelia,2026-08,https://tiktok.com/@theadrianelia/video/7672591789970296078/,TikTok,2026-08-10 19:15:04,Yes,No,,False,0.0,0.0,0.0,0,0,0,,Halo effect upload
28065337,Adriana Quaranto,mymotherhoodmethod,2026-07,https://www.youtube.com/shorts/sAadmSWpEKo,YouTube,2026-07-14 06:25:19,No,No,,False,0.0,0.0,0.0,0,0,0,,Halo effect upload
28065337,Adriana Quaranto,mymotherhoodmethod,2026-07,https://tiktok.com/@mymotherhoodmethod/video/7662574152338918669/,TikTok,2026-07-14 19:21:35,Yes,No,,False,0.0,0.0,0.0,0,0,0,,Halo effect upload
28065337,Adriana Quaranto,mymotherhoodmethod,2026-07,https://www.instagram.com/reel/Da1ewvjO6Gj,Instagram,2026-07-15 18:43:30,Yes,No,,False,0.0,0.0,0.0,0,0,0,,Halo effect upload
28065337,Adriana Quaranto,mymotherhoodmethod,2026-07,https://www.instagram.com/reel/Da9CmVrRr1O,Instagram,2026-07-18 17:11:13,Yes,No,,False,0.0,0.0,0.0,0,0,0,,Halo effect upload
28065337,Adriana Quaranto,mymotherhoodmethod,2026-07,https://www.youtube.com/shorts/Tn16XSXaBxs,YouTube,2026-07-20 06:03:47,Yes,No,,False,0.0,0.0,0.0,0,0,0,,Halo effect upload
28065337,Adriana Quaranto,mymotherhoodmethod,2026-07,https://www.instagram.com/reel/DbDqmvdOIv-,Instagram,2026-07-21 06:56:00,Yes,No,,False,0.0,0.0,0.0,0,0,0,,Halo effect upload
28065337,Adriana Quaranto,mymotherhoodmethod,2026-07,https://www.facebook.com/mymotherhoodmethod/posts/1428166175802022,,2026-07-21 13:41:36,Yes,No,,False,0.0,0.0,0.0,0,0,0,,Halo effect upload
28065337,Adriana Quaranto,mymotherhoodmethod,2026-07,https://www.youtube.com/shorts/5ifTTd9QoEQ,YouTube,2026-07-21 13:35:41,Yes,No,,False,0.0,0.0,0.0,0,0,0,,Halo effect upload
28065337,Adriana Quaranto,mymotherhoodmethod,2026-07,https://www.instagram.com/reel/DbEZUSGxh83,Instagram,2026-07-21 13:40:56,Yes,No,,False,0.0,0.0,0.0,0,0,0,,Halo effect upload
28065337,Adriana Quaranto,mymotherhoodmethod,2026-07,https://tiktok.com/@mymotherhoodmethod/video/7665085158973820174/,TikTok,2026-07-21 13:45:39,Yes,No,,False,0.0,0.0,0.0,0,0,0,,Halo effect upload
28065337,Adriana Quaranto,mymotherhoodmethod,2026-07,https://www.youtube.com/shorts/5ZksLic0GHo,YouTube,2026-07-22 14:26:06,Yes,No,,False,0.0,0.0,0.0,0,0,0,,Halo effect upload
28065337,Adriana Quaranto,mymotherhoodmethod,2026-07,https://www.instagram.com/reel/DbHocjruLLx,Instagram,2026-07-22 19:54:07,Yes,No,,False,0.0,0.0,0.0,0,0,0,,Halo effect upload
28065337,Adriana Quaranto,mymotherhoodmethod,2026-07,https://tiktok.com/@mymotherhoodmethod/video/7665555722809183502/,TikTok,2026-07-22 20:11:33,Yes,No,,False,0.0,0.0,0.0,0,0,0,,Halo effect upload
28065337,Adriana Quaranto,mymotherhoodmethod,2026-07,https://www.youtube.com/shorts/BG9yy3c2xGQ,YouTube,2026-07-22 20:03:00,Yes,No,,False,0.0,0.0,0.0,0,0,0,,Halo effect upload
28065337,Adriana Quaranto,mymotherhoodmethod,2026-07,https://www.instagram.com/p/DbJlKgvjoSh,Instagram,2026-07-23 14:00:01,Yes,No,,False,0.0,0.0,0.0,0,0,0,,Halo effect upload
28065337,Adriana Quaranto,mymotherhoodmethod,2026-07,https://www.facebook.com/mymotherhoodmethod/posts/1429740898977883,,2026-07-23 16:07:25,Yes,No,,False,0.0,0.0,0.0,0,0,0,,Halo effect upload
28065337,Adriana Quaranto,mymotherhoodmethod,2026-07,https://tiktok.com/@mymotherhoodmethod/video/7665927709201042702/,TikTok,2026-07-23 20:14:59,Yes,No,,False,0.0,0.0,0.0,0,0,0,,Halo effect upload
28065337,Adriana Quaranto,mymotherhoodmethod,2026-07,https://www.instagram.com/reel/DbTaPbFxFuC,Instagram,2026-07-27 09:38:35,Yes,No,,False,0.0,0.0,0.0,0,0,0,,Halo effect upload
28065337,Adriana Quaranto,mymotherhoodmethod,2026-07,https://www.instagram.com/reel/DberOqIufx6,Instagram,2026-07-31 18:38:27,Yes,No,,False,0.0,0.0,0.0,0,0,0,,Halo effect upload
28065337,Adriana Quaranto,mymotherhoodmethod,2026-08,https://www.instagram.com/reel/DbhKqfuRSjx,Instagram,2026-08-01 17:54:10,Yes,No,,False,0.0,0.0,0.0,0,0,0,,Halo effect upload
28065337,Adriana Quaranto,mymotherhoodmethod,2026-08,https://www.instagram.com/reel/DbnoJiNuioW,Instagram,2026-08-04 06:07:34,Yes,No,,False,0.0,0.0,0.0,0,0,0,,Halo effect upload
28065337,Adriana Quaranto,mymotherhoodmethod,2026-08,https://www.instagram.com/reel/DbrgYKwRJhz,Instagram,2026-08-05 18:15:41,Yes,No,,False,0.0,0.0,0.0,0,0,0,,Halo effect upload
28065337,Adriana Quaranto,mymotherhoodmethod,2026-08,https://www.instagram.com/reel/DbtxpTExetF,Instagram,2026-08-06 15:22:52,Yes,No,,False,0.0,0.0,0.0,0,0,0,,Halo effect upload
28065337,Adriana Quaranto,mymotherhoodmethod,2026-08,https://www.facebook.com/mymotherhoodmethod/posts/1441320574486582,,2026-08-06 15:23:10,Yes,No,,False,0.0,0.0,0.0,0,0,0,,Halo effect upload
28065337,Adriana Quaranto,mymotherhoodmethod,2026-08,https://www.instagram.com/reel/DbyBsbeupWd,Instagram,2026-08-08 07:02:29,Yes,No,,False,0.0,0.0,0.0,0,0,0,,Halo effect upload
28065337,Adriana Quaranto,mymotherhoodmethod,2026-08,https://www.youtube.com/shorts/qlPG5bpE1to,YouTube,2026-08-08 07:11:15,Yes,No,,False,0.0,0.0,0.0,0,0,0,,Halo effect upload
28065337,Adriana Quaranto,mymotherhoodmethod,2026-08,https://tiktok.com/@mymotherhoodmethod/video/7671664028657290510/,TikTok,2026-08-08 07:15:06,Yes,No,,False,0.0,0.0,0.0,0,0,0,,Halo effect upload
28065337,Adriana Quaranto,mymotherhoodmethod,2026-08,https://www.facebook.com/mymotherhoodmethod/posts/1444665617485411,,2026-08-10 17:09:34,Yes,No,,False,0.0,0.0,0.0,0,0,0,,Halo effect upload
28065337,Adriana Quaranto,mymotherhoodmethod,2026-08,https://www.instagram.com/reel/Db4Q-IExmyH,Instagram,2026-08-10 17:09:14,Yes,No,,False,0.0,0.0,0.0,0,0,0,,Halo effect upload
28065337,Adriana Quaranto,mymotherhoodmethod,2026-08,https://www.instagram.com/reel/DcBXhqEuYTV,Instagram,2026-08-14 05:59:12,Yes,No,,False,0.0,0.0,0.0,0,0,0,,Halo effect upload
28065337,Adriana Quaranto,mymotherhoodmethod,2026-08,https://www.youtube.com/shorts/klmFvfBqZr8,YouTube,2026-08-14 06:11:00,Yes,No,,False,0.0,0.0,0.0,0,0,0,,Halo effect upload
28065337,Adriana Quaranto,mymotherhoodmethod,2026-08,https://tiktok.com/@mymotherhoodmethod/video/7673874349383798029/,TikTok,2026-08-14 06:11:59,Yes,No,,False,0.0,0.0,0.0,0,0,0,,Halo effect upload
28065337,Adriana Quaranto,mymotherhoodmethod,2026-08,https://www.instagram.com/reel/Dcdj6DOuP7W,Instagram,2026-08-25 04:45:57,Yes,No,,False,0.0,0.0,0.0,0,0,0,,Halo effect upload
28065337,Adriana Quaranto,mymotherhoodmethod,2026-08,https://www.instagram.com/reel/Dce8J0-xiJO,Instagram,2026-08-25 17:38:15,Yes,No,,False,0.0,0.0,0.0,0,0,0,,Halo effect upload
28065337,Adriana Quaranto,mymotherhoodmethod,2026-08,https://tiktok.com/@mymotherhoodmethod/video/7678100373223001357/,TikTok,2026-08-25 15:31:10,Yes,No,,False,0.0,0.0,0.0,0,0,0,,Halo effect upload
28065337,Adriana Quaranto,mymotherhoodmethod,2026-08,https://www.instagram.com/reel/DcoR3b5uRBO,Instagram,2026-08-29 08:42:24,Yes,No,,False,0.0,0.0,0.0,0,0,0,,Halo effect upload
28065337,Adriana Quaranto,mymotherhoodmethod,2026-08,https://www.instagram.com/p/DcriXm2oG1H/,Instagram,2026-08-30 15:01:24,Yes,No,,False,0.0,0.0,0.0,0,0,0,,Halo effect upload
28065337,Adriana Quaranto,mymotherhoodmethod,2026-08,https://www.facebook.com/mymotherhoodmethod/posts/1461071582511481,,2026-08-30 15:01:40,Yes,No,,False,0.0,0.0,0.0,0,0,0,,Halo effect upload
28065337,Adriana Quaranto,mymotherhoodmethod,2026-08,https://tiktok.com/@mymotherhoodmethod/video/7679951255141125389/,TikTok,2026-08-30 15:13:38,Yes,No,,False,0.0,0.0,0.0,0,0,0,,Halo effect upload
28065337,Adriana Quaranto,mymotherhoodmethod,2026-09,https://www.instagram.com/reel/Dc0x4hMxX2w,Instagram,2026-09-03 05:10:53,Yes,No,,False,0.0,0.0,0.0,0,0,0,,Halo effect upload
28065337,Adriana Quaranto,mymotherhoodmethod,2026-09,https://www.instagram.com/reel/Dc39ELbRih8,Instagram,2026-09-04 10:47:48,Yes,No,,False,0.0,0.0,0.0,0,0,0,,Halo effect upload
28065337,Adriana Quaranto,mymotherhoodmethod,2026-09,https://www.youtube.com/shorts/hOpAVkp_2Iw,YouTube,2026-09-04 14:27:11,No,No,,False,0.0,0.0,0.0,0,0,0,,Halo effect upload
28065337,Adriana Quaranto,mymotherhoodmethod,2026-09,https://www.instagram.com/reel/DdVHBQIxlY5,Instagram,2026-09-15 18:34:49,Yes,No,,False,0.0,0.0,0.0,0,0,0,,Halo effect upload
28065337,Adriana Quaranto,mymotherhoodmethod,2026-09,https://tiktok.com/@mymotherhoodmethod/video/7685969061380902157/,TikTok,2026-09-15 20:25:35,Yes,No,,False,0.0,0.0,0.0,0,0,0,,Halo effect upload
28065337,Adriana Quaranto,mymotherhoodmethod,2026-09,https://www.facebook.com/mymotherhoodmethod/posts/1474538077831498,,2026-09-15 18:35:05,Yes,No,,False,0.0,0.0,0.0,0,0,0,,Halo effect upload
28065337,Adriana Quaranto,mymotherhoodmethod,2026-09,https://www.youtube.com/shorts/ozmpy2IkjcI,YouTube,2026-09-15 20:55:00,Yes,No,,False,0.0,0.0,0.0,0,0,0,,Halo effect upload
28065337,Adriana Quaranto,mymotherhoodmethod,2026-09,https://www.instagram.com/reel/DdZ5zfGx0cy,Instagram,2026-09-17 15:16:16,Yes,No,,False,0.0,0.0,0.0,0,0,0,,Halo effect upload
28065337,Adriana Quaranto,mymotherhoodmethod,2026-09,https://www.facebook.com/mymotherhoodmethod/posts/1476469820971657,,2026-09-18 04:39:41,Yes,No,,False,0.0,0.0,0.0,0,0,0,,Halo effect upload
28065337,Adriana Quaranto,mymotherhoodmethod,2026-09,https://www.instagram.com/reel/DdgweigxvnP,Instagram,2026-09-20 07:08:49,Yes,No,,False,0.0,0.0,0.0,0,0,0,,Halo effect upload
28065337,Adriana Quaranto,mymotherhoodmethod,2026-09,https://www.instagram.com/reel/Ddh2hb8sEiw,Instagram,2026-09-20 17:16:52,Yes,No,,False,0.0,0.0,0.0,0,0,0,,Halo effect upload
28065337,Adriana Quaranto,mymotherhoodmethod,2026-09,https://www.facebook.com/mymotherhoodmethod/posts/1478630204088952,,2026-09-20 17:17:07,Yes,No,,False,0.0,0.0,0.0,0,0,0,,Halo effect upload
28065337,Adriana Quaranto,mymotherhoodmethod,2026-09,https://www.instagram.com/reel/DdOx9VRxTq4,Instagram,2026-09-13 07:32:05,No,No,,False,0.0,0.0,0.0,0,0,0,,Halo effect upload
28065337,Adriana Quaranto,mymotherhoodmethod,2026-09,https://www.instagram.com/reel/DdlqkdTRYD3,Instagram,2026-09-22 04:50:33,Yes,No,,False,0.0,0.0,0.0,0,0,0,,Halo effect upload
28065337,Adriana Quaranto,mymotherhoodmethod,2026-09,https://www.instagram.com/reel/Dde7DSkREnB,Instagram,2026-09-19 13:59:19,No,No,,False,0.0,0.0,0.0,0,0,0,,Halo effect upload
28065337,Adriana Quaranto,mymotherhoodmethod,2026-09,https://www.instagram.com/p/Ddrdb6gRi4L/,Instagram,2026-09-24 10:50:26,Yes,No,,False,0.0,0.0,0.0,0,0,0,,Halo effect upload
34416211,akamawmi@gmail.com,aka.mawmi,2026-08,https://www.instagram.com/reel/DboRAIeTYRU,Instagram,2026-08-04 12:06:02,Yes,No,,False,0.0,0.0,0.0,0,0,0,,Halo effect upload
34416211,akamawmi@gmail.com,aka.mawmi,2026-07,https://www.instagram.com/reel/DbPPzFOtYMT,Instagram,2026-07-25 19:00:18,Yes,No,,False,0.0,0.0,0.0,0,0,0,,Halo effect upload
34416211,akamawmi@gmail.com,aka.mawmi,2026-08,https://www.instagram.com/reel/DbySZwKzxBp,Instagram,2026-08-08 09:27:49,Yes,No,,False,0.0,0.0,0.0,0,0,0,,Halo effect upload
25487403,Alesha Ball,aleshaspov,2026-09,https://www.instagram.com/p/DdEakIIRyVG/,Instagram,2026-09-09 06:55:18,Yes,No,,False,0.0,0.0,0.0,0,0,0,,Halo effect upload
25487403,Alesha Ball,aleshaspov,2026-09,https://www.instagram.com/reel/DdG8SLQxHqI,Instagram,2026-09-10 06:28:00,Yes,No,,False,0.0,0.0,0.0,0,0,0,,Halo effect upload
33452711,Alexandria Smith,alexandriasmithfit,2026-07,https://www.pinterest.com/pin/1088182328741438735/,,2026-07-25 14:56:02,Yes,No,,False,0.0,0.0,0.0,0,0,0,,Halo effect upload
33452711,Alexandria Smith,alexandriasmithfit,2026-07,https://www.pinterest.com/pin/1088182328741434326/,,2026-07-25 13:41:36,Yes,No,,False,0.0,0.0,0.0,0,0,0,,Halo effect upload
33452711,Alexandria Smith,alexandriasmithfit,2026-07,https://www.pinterest.com/pin/1088182328740891251/,,2026-07-18 06:10:59,Yes,No,,False,0.0,0.0,0.0,0,0,0,,Halo effect upload
33452711,Alexandria Smith,alexandriasmithfit,2026-07,https://www.pinterest.com/pin/1088182328741407869/,,2026-07-25 06:29:34,Yes,No,,False,0.0,0.0,0.0,0,0,0,,Halo effect upload
24518531,Alexia Reina Mubayiwa,curatedbyreina,2026-08,https://www.instagram.com/p/DcbNXKnPkPt/,Instagram,2026-08-24 06:50:37,Yes,Yes,,False,0.0,0.0,0.0,0,0,0,,Halo effect upload
24518531,Alexia Reina Mubayiwa,curatedbyreina,2026-09,https://www.instagram.com/p/DcyS2adPI1w/,Instagram,2026-09-02 06:01:15,Yes,No,,False,0.0,0.0,0.0,0,0,0,,Halo effect upload
24518531,Alexia Reina Mubayiwa,curatedbyreina,2026-09,https://www.instagram.com/reel/DdEP8pcvsOJ,Instagram,2026-09-09 05:23:01,Yes,No,,False,0.0,0.0,0.0,0,0,0,,Halo effect upload
27142361,Alexis Luna,letushavecake,2026-07,https://www.instagram.com/reel/DaToj68hwuc,Instagram,2026-07-02 15:16:14,Yes,Yes,,False,0.0,0.0,0.0,0,0,0,,Halo effect upload
27142361,Alexis Luna,letushavecake,2026-08,https://www.instagram.com/reel/DchNDVjBzFh,Instagram,2026-08-26 14:53:20,Yes,No,,False,0.0,0.0,0.0,0,0,0,,Halo effect upload
27408921,Alexis Pratt,alexisdpratt,2026-07,https://www.instagram.com/p/Da_f_P5OtUS/,Instagram,2026-07-19 16:03:49,Yes,No,,False,0.0,0.0,0.0,0,0,0,,Halo effect upload
27408921,Alexis Pratt,alexisdpratt,2026-07,https://tiktok.com/@alexisdpratt/video/7664375734521072927/,TikTok,2026-07-19 15:52:29,Yes,Yes,,False,0.0,0.0,0.0,0,0,0,,Halo effect upload
24415638,alwaysdecoratingbeautifully,decoratingbeautifully,2026-08,https://www.facebook.com/reel/1396737525666573/,Instagram,2026-08-16 19:48:27,Yes,No,,False,0.0,0.0,0.0,0,0,0,,Halo effect upload
29036371,Amber benoit,Alwaysblabbing,2026-09,https://www.facebook.com/Alwaysblabbing/posts/1446702280606417,,2026-09-10 13:36:57,Yes,No,,False,0.0,0.0,0.0,0,0,0,,Halo effect upload
29386705,amylang248,homeandhobby,2026-07,https://www.tiktok.com/@homeandhobby/video/7665014303686266126,TikTok,2026-07-21 09:10:42,Yes,No,,False,0.0,0.0,0.0,0,0,0,,Halo effect upload
29386705,amylang248,homeandhobby,2026-07,https://www.tiktok.com/@homeandhobby/video/7665036288600329485,TikTok,2026-07-21 10:35:59,Yes,No,,False,0.0,0.0,0.0,0,0,0,,Halo effect upload
29386705,amylang248,homeandhobby,2026-07,https://www.tiktok.com/@homeandhobby/video/7665060673180732686,TikTok,2026-07-21 12:10:30,Yes,No,,False,0.0,0.0,0.0,0,0,0,,Halo effect upload
29386705,amylang248,homeandhobby,2026-07,https://www.tiktok.com/@homeandhobby/video/7665299055135755534,TikTok,2026-07-22 03:35:29,Yes,No,,False,0.0,0.0,0.0,0,0,0,,Halo effect upload
28067037,Ana Najera,ananajerac,2026-08,https://www.instagram.com/reel/DcmCIkkJNq-,Instagram,2026-08-28 11:43:59,Yes,No,,False,0.0,0.0,0.0,0,0,0,,Halo effect upload
28067037,Ana Najera,ananajerac,2026-09,https://www.instagram.com/p/DdctLw2M27Z/,Instagram,2026-09-18 17:20:01,Yes,Yes,,False,0.0,0.0,0.0,0,0,0,,Halo effect upload
28067037,Ana Najera,ananajerac,2026-09,https://www.instagram.com/p/DdXlYflOx2E/,Instagram,2026-09-16 17:35:37,Yes,Yes,,False,0.0,0.0,0.0,0,0,0,,Halo effect upload
33599361,Ana Rodriguez,anamrodriguez,2026-07,https://www.tiktok.com/@anamrodriguez/video/7668371450088279310,TikTok,2026-07-30 10:17:53,Yes,Yes,,False,0.0,0.0,0.0,0,0,0,,Halo effect upload
33599361,Ana Rodriguez,anamrodriguez,2026-09,https://tiktok.com/@anamrodriguez/video/7686587683027602702/,TikTok,2026-09-17 12:26:10,Yes,No,,False,0.0,0.0,0.0,0,0,0,,Halo effect upload
33599361,Ana Rodriguez,anamrodriguez,2026-09,https://tiktok.com/@anamrodriguez/video/7686672621429132558/,TikTok,2026-09-17 17:55:42,Yes,No,,False,0.0,0.0,0.0,0,0,0,,Halo effect upload
26855930,Anaya Mayhew,ayanaa.lm,2026-09,https://www.instagram.com/reel/DdZV5x4ttaP,Instagram,2026-09-17 10:12:59,Yes,No,,False,0.0,0.0,0.0,0,0,0,,Halo effect upload
26855930,Anaya Mayhew,ayanaa.lm,2026-09,https://www.tiktok.com/@ayanaa.lm/video/7686548168934182175,TikTok,2026-09-17 09:52:48,Yes,No,,False,0.0,0.0,0.0,0,0,0,,Halo effect upload
26855930,Anaya Mayhew,ayanaa.lm,2026-09,https://www.instagram.com/reel/DdeCkuBx8td,Instagram,2026-09-19 05:47:22,Yes,No,,False,0.0,0.0,0.0,0,0,0,,Halo effect upload
26855930,Anaya Mayhew,ayanaa.lm,2026-09,https://www.tiktok.com/@ayanaa.lm/video/7687226093534743838,TikTok,2026-09-19 05:43:43,Yes,No,,False,0.0,0.0,0.0,0,0,0,,Halo effect upload
24017751,Andrea Nelson | Home Decor Interior Styling Functional Finds,1stonebrookhome,2026-07,https://www.facebook.com/reel/2415787372265029/,Instagram,2026-07-20 11:00:50,Yes,No,,False,0.0,0.0,0.0,0,0,0,,Halo effect upload
24017751,Andrea Nelson | Home Decor Interior Styling Functional Finds,1stonebrookhome,2026-07,https://www.facebook.com/reel/2613928759057605/,Instagram,2026-07-24 06:09:00,Yes,No,,False,0.0,0.0,0.0,0,0,0,,Halo effect upload
24017751,Andrea Nelson | Home Decor Interior Styling Functional Finds,1stonebrookhome,2026-08,https://www.facebook.com/reel/2559397081173239/,Instagram,2026-08-08 07:59:12,Yes,No,,False,0.0,0.0,0.0,0,0,0,,Halo effect upload
24017751,Andrea Nelson | Home Decor Interior Styling Functional Finds,1stonebrookhome,2026-08,https://www.facebook.com/reel/985315191182804/,Instagram,2026-08-28 05:59:33,Yes,No,,False,0.0,0.0,0.0,0,0,0,,Halo effect upload
25536514,Andrea Sanchez,ourmountainsidehome,2026-07,https://tiktok.com/@ourmountainsidehome/video/7660184261072325919/,TikTok,2026-07-08 08:47:24,Yes,No,,False,0.0,0.0,0.0,0,0,0,,Halo effect upload
25536514,Andrea Sanchez,ourmountainsidehome_1,2026-07,https://www.instagram.com/reel/DaiUnUsv_b3,Instagram,2026-07-08 08:06:11,Yes,No,,False,0.0,0.0,0.0,0,0,0,,Halo effect upload
25536514,Andrea Sanchez,ourmountainsidehome,2026-08,https://tiktok.com/@ourmountainsidehome/video/7677987902004972831/,TikTok,2026-08-25 08:14:50,Yes,No,,False,0.0,0.0,0.0,0,0,0,,Halo effect upload
25536514,Andrea Sanchez,ourmountainsidehome_1,2026-08,https://www.instagram.com/reel/DcdyFfzBk47,Instagram,2026-08-25 06:50:46,Yes,Yes,,False,0.0,0.0,0.0,0,0,0,,Halo effect upload
25768574,Angela  Beechan,LuvSavingMoney,2026-08,https://www.facebook.com/reel/1698166387958699/,Instagram,2026-08-02 21:18:55,Yes,No,,False,0.0,0.0,0.0,0,0,0,,Halo effect upload
25768574,Angela  Beechan,angwith4,2026-08,https://static-resources.creatoriq.com/instagram-stories/videos/3955320177436783336.mp4,,2026-08-02 21:22:04,Yes,No,,False,0.0,0.0,0.0,0,0,0,,Halo effect upload
25768574,Angela  Beechan,angwith4,2026-08,https://www.instagram.com/p/DbkE60BtCRF/,Instagram,2026-08-02 20:59:19,Yes,No,,False,0.0,0.0,0.0,0,0,0,,Halo effect upload
25768574,Angela  Beechan,angwith4,2026-08,https://www.instagram.com/reel/DbubcBWxfA8,Instagram,2026-08-06 21:32:48,Yes,No,,False,0.0,0.0,0.0,0,0,0,,Halo effect upload
25768574,Angela  Beechan,LuvSavingMoney,2026-08,https://www.facebook.com/reel/934730688886855/,Instagram,2026-08-06 22:07:32,Yes,No,,False,0.0,0.0,0.0,0,0,0,,Halo effect upload
25768574,Angela  Beechan,LuvSavingMoney,2026-08,https://www.pinterest.com/pin/6192518233428584/,,2026-08-06 23:25:36,Yes,No,,False,0.0,0.0,0.0,0,0,0,,Halo effect upload
25768574,Angela  Beechan,LuvSavingMoney,2026-08,https://www.pinterest.com/pin/6192518233428585/,,2026-08-06 23:33:17,Yes,No,,False,0.0,0.0,0.0,0,0,0,,Halo effect upload
25768574,Angela  Beechan,LuvSavingMoney,2026-08,https://www.pinterest.com/pin/6192518233428548/,,2026-08-06 22:47:26,Yes,No,,False,0.0,0.0,0.0,0,0,0,,Halo effect upload
25768574,Angela  Beechan,LuvSavingMoney,2026-08,https://www.pinterest.com/pin/6192518233428545/,,2026-08-06 22:44:27,Yes,No,,False,0.0,0.0,0.0,0,0,0,,Halo effect upload
25768574,Angela  Beechan,LuvSavingMoney,2026-08,https://www.pinterest.com/pin/6192518233428550/,,2026-08-06 22:48:35,Yes,No,,False,0.0,0.0,0.0,0,0,0,,Halo effect upload
25768574,Angela  Beechan,LuvSavingMoney,2026-08,https://www.pinterest.com/pin/6192518233428566/,,2026-08-06 22:55:10,Yes,No,,False,0.0,0.0,0.0,0,0,0,,Halo effect upload
25768574,Angela  Beechan,LuvSavingMoney,2026-08,https://www.pinterest.com/pin/6192518233428541/,,2026-08-06 22:43:45,Yes,No,,False,0.0,0.0,0.0,0,0,0,,Halo effect upload
25768574,Angela  Beechan,LuvSavingMoney,2026-08,https://www.pinterest.com/pin/6192518233428521/,,2026-08-06 22:39:49,Yes,No,,False,0.0,0.0,0.0,0,0,0,,Halo effect upload
25768574,Angela  Beechan,LuvSavingMoney,2026-08,https://www.pinterest.com/pin/6192518233428528/,,2026-08-06 22:41:05,Yes,No,,False,0.0,0.0,0.0,0,0,0,,Halo effect upload
25768574,Angela  Beechan,LuvSavingMoney,2026-08,https://www.pinterest.com/pin/6192518233428507/,,2026-08-06 22:37:54,Yes,No,,False,0.0,0.0,0.0,0,0,0,,Halo effect upload
25768574,Angela  Beechan,LuvSavingMoney,2026-08,https://www.pinterest.com/pin/6192518233428488/,,2026-08-06 22:33:18,Yes,No,,False,0.0,0.0,0.0,0,0,0,,Halo effect upload
25768574,Angela  Beechan,LuvSavingMoney,2026-08,https://www.pinterest.com/pin/6192518233428492/,,2026-08-06 22:34:39,Yes,No,,False,0.0,0.0,0.0,0,0,0,,Halo effect upload
25768574,Angela  Beechan,LuvSavingMoney,2026-08,https://www.pinterest.com/pin/6192518233428482/,,2026-08-06 22:30:38,Yes,No,,False,0.0,0.0,0.0,0,0,0,,Halo effect upload
25768574,Angela  Beechan,angieinpa,2026-08,https://tiktok.com/@angieinpa/video/7671366398735650078/,TikTok,2026-08-07 11:59:53,Yes,No,,False,0.0,0.0,0.0,0,0,0,,Halo effect upload
25768574,Angela  Beechan,LuvSavingMoney,2026-08,https://www.pinterest.com/pin/6192518233433763/,,2026-08-09 02:49:22,Yes,No,,False,0.0,0.0,0.0,0,0,0,,Halo effect upload
25768574,Angela  Beechan,luvsavingmoney,2026-08,https://www.youtube.com/shorts/D_ZZW-O2Aus,YouTube,2026-08-14 18:02:21,No,No,,False,0.0,0.0,0.0,0,0,0,,Halo effect upload
25768574,Angela  Beechan,angwith4,2026-08,https://www.instagram.com/reel/DcCpRyeRmgW,Instagram,2026-08-14 17:56:25,Yes,No,,False,0.0,0.0,0.0,0,0,0,,Halo effect upload
25768574,Angela  Beechan,LuvSavingMoney,2026-08,https://www.facebook.com/reel/1043806188497052/,Instagram,2026-08-14 17:58:55,Yes,No,,False,0.0,0.0,0.0,0,0,0,,Halo effect upload
25768574,Angela  Beechan,angieinpa,2026-08,https://tiktok.com/@angieinpa/video/7674060778441329950/,TikTok,2026-08-14 18:15:18,Yes,No,,False,0.0,0.0,0.0,0,0,0,,Halo effect upload
25768574,Angela  Beechan,LuvSavingMoney,2026-08,https://www.pinterest.com/pin/6192518233447722/,,2026-08-15 02:19:02,Yes,No,,False,0.0,0.0,0.0,0,0,0,,Halo effect upload
25768574,Angela  Beechan,LuvSavingMoney,2026-09,https://www.facebook.com/reel/1062662690075139/,Instagram,2026-09-05 09:59:31,Yes,No,,False,0.0,0.0,0.0,0,0,0,,Halo effect upload
25768574,Angela  Beechan,LuvSavingMoney,2026-09,https://www.facebook.com/reel/1652430836398086/,Instagram,2026-09-10 12:22:06,Yes,No,,False,0.0,0.0,0.0,0,0,0,,Halo effect upload
25768574,Angela  Beechan,angwith4,2026-09,https://www.instagram.com/reel/DdHlzl_TxOB,Instagram,2026-09-10 12:32:50,Yes,No,,False,0.0,0.0,0.0,0,0,0,,Halo effect upload
25768574,Angela  Beechan,angieinpa,2026-09,https://tiktok.com/@angieinpa/video/7683994366477733151/,TikTok,2026-09-10 12:42:50,Yes,No,,False,0.0,0.0,0.0,0,0,0,,Halo effect upload
25768574,Angela  Beechan,LuvSavingMoney,2026-09,https://www.pinterest.com/pin/6192518233512950/,,2026-09-11 02:26:04,Yes,No,,False,0.0,0.0,0.0,0,0,0,,Halo effect upload
27574228,Angie Agerter,AngiesAngle,2026-07,https://www.facebook.com/reel/2245886175950934/,Instagram,2026-07-08 14:43:44,Yes,No,,False,0.0,0.0,0.0,0,0,0,,Halo effect upload
27574228,Angie Agerter,angiesangle,2026-07,https://tiktok.com/@angiesangle/video/7660274732280859935/,TikTok,2026-07-08 14:38:34,Yes,No,,False,0.0,0.0,0.0,0,0,0,,Halo effect upload
27574228,Angie Agerter,penguinsangel,2026-07,https://www.instagram.com/p/DajAwody6gP/,Instagram,2026-07-08 14:34:16,Yes,No,,False,0.0,0.0,0.0,0,0,0,,Halo effect upload
27574228,Angie Agerter,angiesangle,2026-07,https://www.pinterest.com/pin/97953360640878645/,,2026-07-08 14:46:47,Yes,No,,False,0.0,0.0,0.0,0,0,0,,Halo effect upload
24691140,Angie Ivie,howwedo208,2026-09,https://www.pinterest.com/pin/90001692551099575/,,2026-09-24 12:00:54,Yes,No,,False,0.0,0.0,0.0,0,0,0,,Halo effect upload
24691140,Angie Ivie,howwedo208,2026-09,https://www.pinterest.com/pin/90001692551099424/,,2026-09-24 11:20:42,Yes,No,,False,0.0,0.0,0.0,0,0,0,,Halo effect upload
26947848,Anna Gandrabur,anya_gc_elegancy,2026-07,https://www.instagram.com/reel/DbMEqxWTLG6,Instagram,2026-07-24 13:16:04,Yes,No,,False,0.0,0.0,0.0,0,0,0,,Halo effect upload
30687668,AnneMarie Greenberg,annemariesantiagoisamie,2026-09,https://www.instagram.com/p/Dd2I_xmj004/,Instagram,2026-09-28 14:22:59,Yes,No,,False,0.0,0.0,0.0,0,0,0,,Halo effect upload
30564022,Antoinette Wright,mythriftedfashions,2026-07,https://tiktok.com/@mythriftedfashions/video/7664154803815189790/,TikTok,2026-07-19 01:35:56,Yes,No,,False,0.0,0.0,0.0,0,0,0,,Halo effect upload
30564022,Antoinette Wright,ellabeablog,2026-07,https://www.facebook.com/reel/2464125084107838/,Instagram,2026-07-19 13:46:30,Yes,No,,False,0.0,0.0,0.0,0,0,0,,Halo effect upload
30564022,Antoinette Wright,realdealmarie,2026-07,https://static-resources.creatoriq.com/instagram-stories/videos/3946634632468788711.mp4,,2026-07-21 21:45:29,Yes,No,,False,0.0,0.0,0.0,0,0,0,,Halo effect upload
30564022,Antoinette Wright,realdealmarie,2026-07,https://www.instagram.com/reel/DbHZHR-ujya,Instagram,2026-07-22 17:41:21,Yes,No,,False,0.0,0.0,0.0,0,0,0,,Halo effect upload
30564022,Antoinette Wright,realdealmarie,2026-07,https://www.instagram.com/p/DbLywDcjmrL,Instagram,2026-07-24 10:37:27,Yes,No,,False,0.0,0.0,0.0,0,0,0,,Halo effect upload
30564022,Antoinette Wright,ellabeablog,2026-07,https://www.pinterest.com/pin/985162487551613203/,,2026-07-28 19:47:29,Yes,No,,False,0.0,0.0,0.0,0,0,0,,Halo effect upload
30564022,Antoinette Wright,ellabeablog,2026-08,https://www.instagram.com/p/Dbthtxxkvco,Instagram,2026-08-06 13:02:46,Yes,No,,False,0.0,0.0,0.0,0,0,0,,Halo effect upload
30564022,Antoinette Wright,ellabeablog,2026-08,https://www.instagram.com/reel/Db3tr9pvkwC,Instagram,2026-08-10 12:01:28,Yes,No,,False,0.0,0.0,0.0,0,0,0,,Halo effect upload
30564022,Antoinette Wright,ellabeablog,2026-08,https://www.facebook.com/reel/1710550773551152/,Instagram,2026-08-06 12:46:55,Yes,No,,False,0.0,0.0,0.0,0,0,0,,Halo effect upload
30564022,Antoinette Wright,ellabeablog,2026-08,https://www.facebook.com/reel/27470056496029023/,Instagram,2026-08-10 11:35:14,Yes,No,,False,0.0,0.0,0.0,0,0,0,,Halo effect upload
30564022,Antoinette Wright,mythriftedfashions,2026-09,https://tiktok.com/@mythriftedfashions/video/7684760549670014238/,TikTok,2026-09-12 14:16:04,Yes,No,,False,0.0,0.0,0.0,0,0,0,,Halo effect upload
30564022,Antoinette Wright,ellabeablog,2026-09,https://www.instagram.com/reel/DdxpLuXNVyc,Instagram,2026-09-26 20:29:52,Yes,No,,False,0.0,0.0,0.0,0,0,0,,Halo effect upload
28115882,Ashley Delore,ashdelore,2026-09,https://www.pinterest.com/pin/137430226134804481/,,2026-09-06 21:06:36,Yes,No,,False,0.0,0.0,0.0,0,0,0,,Halo effect upload
28115882,Ashley Delore,ashdelore,2026-09,https://static-resources.creatoriq.com/instagram-stories/videos/3980940724925457919.mp4,,2026-09-07 05:45:36,Yes,No,,False,0.0,0.0,0.0,0,0,0,,Halo effect upload
30635969,Ashley Hankins,outfitsbyashley,2026-07,https://www.instagram.com/reel/Da7xhchuL8b,Instagram,2026-07-18 05:19:09,Yes,No,,False,0.0,0.0,0.0,0,0,0,,Halo effect upload
25635657,Ashley Mulholland,boujeefilipina,2026-08,https://www.instagram.com/reel/DcjYU8GsjNH,Instagram,2026-08-27 11:06:03,Yes,No,,False,0.0,0.0,0.0,0,0,0,,Halo effect upload
25635657,Ashley Mulholland,boujeefilipina,2026-08,https://www.tiktok.com/@boujeefilipina/video/7678788479509089549,TikTok,2026-08-27 12:01:16,Yes,Yes,,False,0.0,0.0,0.0,0,0,0,,Halo effect upload
28914015,Ashley Ramos,_aramos__,2026-07,https://www.instagram.com/p/DbCg-yXBAJv/,Instagram,2026-07-20 20:13:56,Yes,Yes,,False,0.0,0.0,0.0,0,0,0,,Halo effect upload
29929108,Asia Martin,ashali123_,2026-07,https://www.instagram.com/reel/Da9JGrnt_WL,Instagram,2026-07-18 18:09:39,Yes,No,,False,0.0,0.0,0.0,0,0,0,,Halo effect upload
29929108,Asia Martin,295111193683322,2026-07,https://www.facebook.com/reel/997511846440396/,Instagram,2026-07-18 18:10:04,Yes,No,,False,0.0,0.0,0.0,0,0,0,,Halo effect upload
29929108,Asia Martin,ashali123_,2026-07,https://tiktok.com/@ashali123_/video/7664036927129095455/,TikTok,2026-07-18 17:57:51,Yes,Yes,,False,0.0,0.0,0.0,0,0,0,,Halo effect upload
29929108,Asia Martin,295111193683322,2026-07,https://www.facebook.com/122215213064288986/posts/122228133716288986,,2026-07-22 11:21:03,Yes,No,,False,0.0,0.0,0.0,0,0,0,,Halo effect upload
29929108,Asia Martin,ashali123_,2026-07,https://tiktok.com/@ashali123_/video/7665416176704474398/,TikTok,2026-07-22 11:10:05,Yes,No,,False,0.0,0.0,0.0,0,0,0,,Halo effect upload
29929108,Asia Martin,ashali123_,2026-07,https://www.instagram.com/p/DbGtbYEu1y9/,Instagram,2026-07-22 11:20:43,Yes,No,,False,0.0,0.0,0.0,0,0,0,,Halo effect upload
29929108,Asia Martin,ashali123_,2026-07,https://tiktok.com/@ashali123_/video/7665880730089573662/,TikTok,2026-07-23 17:12:46,Yes,Yes,,False,0.0,0.0,0.0,0,0,0,,Halo effect upload
29929108,Asia Martin,ashali123_,2026-07,https://www.instagram.com/p/DbJ9qF4tKRt/,Instagram,2026-07-23 17:36:00,Yes,No,,False,0.0,0.0,0.0,0,0,0,,Halo effect upload
29929108,Asia Martin,295111193683322,2026-07,https://www.facebook.com/reel/1016076654616468/,Instagram,2026-07-25 06:31:26,Yes,No,,False,0.0,0.0,0.0,0,0,0,,Halo effect upload
29929108,Asia Martin,295111193683322,2026-08,https://www.facebook.com/122215213064288986/posts/122230074896288986,,2026-08-12 16:19:04,Yes,No,,False,0.0,0.0,0.0,0,0,0,,Halo effect upload
29929108,Asia Martin,ashali123_,2026-08,https://www.instagram.com/reel/Db9Um6IOWEe,Instagram,2026-08-12 16:18:34,Yes,No,,False,0.0,0.0,0.0,0,0,0,,Halo effect upload
29929108,Asia Martin,ashali123_,2026-08,https://tiktok.com/@ashali123_/video/7673287041769098526/,TikTok,2026-08-12 16:13:00,Yes,Yes,,False,0.0,0.0,0.0,0,0,0,,Halo effect upload
29929108,Asia Martin,ashali123_,2026-09,https://www.instagram.com/reel/Dc4P6rouppj,Instagram,2026-09-04 13:31:45,Yes,No,,False,0.0,0.0,0.0,0,0,0,,Halo effect upload
29929108,Asia Martin,295111193683322,2026-09,https://www.facebook.com/122215213064288986/posts/122232312548288986,,2026-09-04 13:32:04,Yes,No,,False,0.0,0.0,0.0,0,0,0,,Halo effect upload
33562430,Atiana Russell,amraspointofview,2026-07,https://tiktok.com/@amraspointofview/video/7667400107456843022/,TikTok,2026-07-27 19:28:50,Yes,No,,False,0.0,0.0,0.0,0,0,0,,Halo effect upload
33562430,Atiana Russell,amraspointofview,2026-09,https://tiktok.com/@amraspointofview/video/7681888999396412686/,TikTok,2026-09-04 20:32:58,Yes,No,,False,0.0,0.0,0.0,0,0,0,,Halo effect upload
33562430,Atiana Russell,amraspointofview,2026-09,https://tiktok.com/@amraspointofview/video/7683503145552547086/,TikTok,2026-09-09 04:56:39,Yes,No,,False,0.0,0.0,0.0,0,0,0,,Halo effect upload
25707726,Audra Stino,latticeandluxe,2026-08,https://www.instagram.com/reel/DbqaDknxv3U,Instagram,2026-08-05 07:58:17,Yes,No,,False,0.0,0.0,0.0,0,0,0,,Halo effect upload
25707726,Audra Stino,latticeandluxe,2026-08,https://www.instagram.com/reel/DcQ4RX6BLoV,Instagram,2026-08-20 06:34:47,Yes,No,,False,0.0,0.0,0.0,0,0,0,,Halo effect upload
25707726,Audra Stino,latticeandluxe,2026-09,https://www.instagram.com/reel/Dc9kuyUR5hz,Instagram,2026-09-06 15:18:31,Yes,No,,False,0.0,0.0,0.0,0,0,0,,Halo effect upload
24789152,Barb Craft,ourcozycraftedhome,2026-08,https://tiktok.com/@ourcozycraftedhome/video/7678533732940156174/,TikTok,2026-08-26 19:32:54,Yes,No,,False,0.0,0.0,0.0,0,0,0,,Halo effect upload
24789152,Barb Craft,ourcozycraftedhome,2026-09,https://www.instagram.com/reel/Dc14LANy0yB,Instagram,2026-09-03 15:27:54,Yes,No,,False,0.0,0.0,0.0,0,0,0,,Halo effect upload
24789152,Barb Craft,ourcozycraftedhome,2026-09,https://www.instagram.com/reel/DdZoF1Gyp0h,Instagram,2026-09-17 12:39:57,Yes,No,,False,0.0,0.0,0.0,0,0,0,,Halo effect upload
24789152,Barb Craft,ourcozycraftedhome,2026-09,https://tiktok.com/@ourcozycraftedhome/video/7686589907258608909/,TikTok,2026-09-17 12:34:48,Yes,Yes,,False,0.0,0.0,0.0,0,0,0,,Halo effect upload
24789152,Barb Craft,ourcozycraftedhome,2026-09,https://www.instagram.com/reel/Ddwpq4zzS7J,Instagram,2026-09-26 11:15:02,Yes,No,,False,0.0,0.0,0.0,0,0,0,,Halo effect upload
24789152,Barb Craft,ourcozycraftedhome,2026-09,https://tiktok.com/@ourcozycraftedhome/video/7689908231270878477/,TikTok,2026-09-26 11:11:50,Yes,No,,False,0.0,0.0,0.0,0,0,0,,Halo effect upload
24866084,bloomandflourishinteriors,bloomand.flourish,2026-08,https://static-resources.creatoriq.com/instagram-stories/videos/3968818084814889662.mp4,,2026-08-21 12:20:05,Yes,No,,False,0.0,0.0,0.0,0,0,0,,Halo effect upload
24866084,bloomandflourishinteriors,bloomand.flourish,2026-08,https://www.instagram.com/p/DcUEAvqJ1op,Instagram,2026-08-21 12:16:55,Yes,No,,False,0.0,0.0,0.0,0,0,0,,Halo effect upload
24866084,bloomandflourishinteriors,bloomand.flourish,2026-09,https://www.instagram.com/p/Dc1y3Nup9UE/,Instagram,2026-09-03 14:38:48,Yes,No,,False,0.0,0.0,0.0,0,0,0,,Halo effect upload
25284766,BonBon Bell,bonbonbell.home,2026-07,https://tiktok.com/@bonbonbell.home/video/7661453889589267725/,TikTok,2026-07-11 18:54:22,Yes,No,,False,0.0,0.0,0.0,0,0,0,,Halo effect upload
25284766,BonBon Bell,bonbonbell.home,2026-07,https://www.instagram.com/reel/DbHfBW0MF9M,Instagram,2026-07-22 18:32:27,Yes,No,,False,0.0,0.0,0.0,0,0,0,,Halo effect upload
25284766,BonBon Bell,bonbonbell.home,2026-07,https://tiktok.com/@bonbonbell.home/video/7665534143219961101/,TikTok,2026-07-22 18:47:50,Yes,No,,False,0.0,0.0,0.0,0,0,0,,Halo effect upload
25284766,BonBon Bell,bonbonbell.home,2026-07,https://www.instagram.com/p/DbKBSh8NtM6/,Instagram,2026-07-23 18:06:17,Yes,Yes,,False,0.0,0.0,0.0,0,0,0,,Halo effect upload
25284766,BonBon Bell,bonbonbell.home,2026-07,https://www.instagram.com/reel/DbRmqDKtbm_,Instagram,2026-07-26 16:48:38,Yes,Yes,,False,0.0,0.0,0.0,0,0,0,,Halo effect upload
25284766,BonBon Bell,bonbonbell.home,2026-07,https://www.instagram.com/reel/DbUMHMvNAmY,Instagram,2026-07-27 16:53:54,Yes,No,,False,0.0,0.0,0.0,0,0,0,,Halo effect upload
25284766,BonBon Bell,bonbonbellhome,2026-07,https://www.youtube.com/shorts/1aobH0IOXlU,YouTube,2026-07-27 17:28:59,Yes,No,,False,0.0,0.0,0.0,0,0,0,,Halo effect upload
25284766,BonBon Bell,bonbonbell.home,2026-07,https://tiktok.com/@bonbonbell.home/video/7667361659442171150/,TikTok,2026-07-27 16:59:30,Yes,No,,False,0.0,0.0,0.0,0,0,0,,Halo effect upload
25284766,BonBon Bell,bonbonbellhome,2026-07,https://www.pinterest.com/pin/38702878044201891/,,2026-07-29 13:05:53,Yes,No,,False,0.0,0.0,0.0,0,0,0,,Halo effect upload
25284766,BonBon Bell,bonbonbell.home,2026-08,https://www.instagram.com/p/DcHlTZ0ADPh/,Instagram,2026-08-16 15:55:02,Yes,No,,False,0.0,0.0,0.0,0,0,0,,Halo effect upload
25284766,BonBon Bell,bonbonbell.home,2026-08,https://www.instagram.com/p/DcPaEJHN3MC/,Instagram,2026-08-19 16:53:16,Yes,No,,False,0.0,0.0,0.0,0,0,0,,Halo effect upload
25284766,BonBon Bell,bonbonbellhome,2026-09,https://www.youtube.com/shorts/MC--dUX_J_M,YouTube,2026-09-07 11:12:46,Yes,No,,False,0.0,0.0,0.0,0,0,0,,Halo effect upload
25284766,BonBon Bell,bonbonbell.home,2026-09,https://www.instagram.com/reel/Dc_WFrTRqVA,Instagram,2026-09-07 07:41:04,Yes,No,,False,0.0,0.0,0.0,0,0,0,,Halo effect upload
25284766,BonBon Bell,bonbonbell.home,2026-09,https://tiktok.com/@bonbonbell.home/video/7682813369346198798/,TikTok,2026-09-07 08:20:17,Yes,No,,False,0.0,0.0,0.0,0,0,0,,Halo effect upload
25284766,BonBon Bell,bonbonbell.home,2026-09,https://www.instagram.com/p/DdFcCfPte19/,Instagram,2026-09-09 16:29:24,Yes,No,,False,0.0,0.0,0.0,0,0,0,,Halo effect upload
25284766,BonBon Bell,bonbonbellhome,2026-09,https://www.pinterest.com/pin/38702878044320373/,,2026-09-10 05:55:16,Yes,No,,False,0.0,0.0,0.0,0,0,0,,Halo effect upload
25284766,BonBon Bell,bonbonbell.home,2026-09,https://tiktok.com/@bonbonbell.home/video/7686308701124283661/,TikTok,2026-09-16 18:23:34,Yes,No,,False,0.0,0.0,0.0,0,0,0,,Halo effect upload
25284766,BonBon Bell,bonbonbell.home,2026-09,https://www.instagram.com/reel/DdXpd_3N-tJ,Instagram,2026-09-16 18:10:21,Yes,No,,False,0.0,0.0,0.0,0,0,0,,Halo effect upload
25284766,BonBon Bell,bonbonbellhome,2026-09,https://www.pinterest.com/pin/38702878044345351/,,2026-09-18 05:38:33,Yes,No,,False,0.0,0.0,0.0,0,0,0,,Halo effect upload
29755451,breiana duncan,breianadeangeladu,2026-07,https://www.tiktok.com/@breianadeangeladu/video/7659526787860401439,TikTok,2026-07-06 14:16:08,Yes,No,,False,0.0,0.0,0.0,0,0,0,,Halo effect upload
29755451,breiana duncan,breiana_duncan,2026-07,https://www.instagram.com/reel/Dad4VIjO1U8,Instagram,2026-07-06 14:47:03,Yes,No,,False,0.0,0.0,0.0,0,0,0,,Halo effect upload
29755451,breiana duncan,breiana_duncan,2026-09,https://www.instagram.com/reel/Dc4PbJkuIle,Instagram,2026-09-04 13:32:57,Yes,No,,False,0.0,0.0,0.0,0,0,0,,Halo effect upload
29755451,breiana duncan,breianadeangeladu,2026-09,https://www.tiktok.com/@breianadeangeladu/video/7681785944386719007,TikTok,2026-09-04 13:53:06,Yes,No,,False,0.0,0.0,0.0,0,0,0,,Halo effect upload
29755451,breiana duncan,breiana_duncan,2026-09,https://www.instagram.com/p/Ddg83AwlBBB,Instagram,2026-09-20 08:52:37,Yes,No,,False,0.0,0.0,0.0,0,0,0,,Halo effect upload
26066679,Briana Holmes,msbrianaholmes,2026-09,https://static-resources.creatoriq.com/instagram-stories/videos/3981223916043062586.mp4,,2026-09-07 15:08:15,Yes,No,,False,0.0,0.0,0.0,0,0,0,,Halo effect upload
26066679,Briana Holmes,msbrianaholmes,2026-09,https://static-resources.creatoriq.com/instagram-stories/videos/3981213552387637269.mp4,,2026-09-07 14:47:40,Yes,No,,False,0.0,0.0,0.0,0,0,0,,Halo effect upload
26066679,Briana Holmes,msbrianaholmes,2026-09,https://static-resources.creatoriq.com/instagram-stories/videos/3981212309263051570.mp4,,2026-09-07 14:45:12,Yes,No,,False,0.0,0.0,0.0,0,0,0,,Halo effect upload
26066679,Briana Holmes,msbrianaholmes,2026-09,https://static-resources.creatoriq.com/instagram-stories/videos/3981211359320298698.mp4,,2026-09-07 14:43:18,Yes,No,,False,0.0,0.0,0.0,0,0,0,,Halo effect upload
26066679,Briana Holmes,msbrianaholmes,2026-09,https://static-resources.creatoriq.com/instagram-stories/videos/3981231396928173146.mp4,,2026-09-07 15:23:07,Yes,No,,False,0.0,0.0,0.0,0,0,0,,Halo effect upload
26066679,Briana Holmes,msbrianaholmes,2026-09,https://static-resources.creatoriq.com/instagram-stories/videos/3989817682375041926.mp4,,2026-09-19 11:42:32,Yes,No,,False,0.0,0.0,0.0,0,0,0,,Halo effect upload
25410452,Brianeisha Thompson,athomewithnene,2026-07,https://tiktok.com/@athomewithnene/video/7659389579342007582/,TikTok,2026-07-06 06:00:00,Yes,No,,False,0.0,0.0,0.0,0,0,0,,Halo effect upload
25410452,Brianeisha Thompson,athomewithnene_,2026-07,https://www.instagram.com/reel/Dac8tVRm1wB,Instagram,2026-07-06 06:00:00,Yes,No,,False,0.0,0.0,0.0,0,0,0,,Halo effect upload
25410452,Brianeisha Thompson,athomewithnene,2026-07,https://www.facebook.com/reel/2055788235025090/,Instagram,2026-07-06 06:00:14,Yes,No,,False,0.0,0.0,0.0,0,0,0,,Halo effect upload
25410452,Brianeisha Thompson,athomewithnene,2026-07,https://www.facebook.com/reel/2038158423461312/,Instagram,2026-07-15 05:00:17,Yes,No,,False,0.0,0.0,0.0,0,0,0,,Halo effect upload
25410452,Brianeisha Thompson,athomewithnene,2026-07,https://tiktok.com/@athomewithnene/video/7662605317422845215/,TikTok,2026-07-15 06:00:00,Yes,No,,False,0.0,0.0,0.0,0,0,0,,Halo effect upload
25410452,Brianeisha Thompson,athomewithnene_,2026-07,https://www.instagram.com/reel/Da0BCTVDs3s,Instagram,2026-07-15 05:00:00,Yes,No,,False,0.0,0.0,0.0,0,0,0,,Halo effect upload
25410452,Brianeisha Thompson,athomewithnene_,2026-07,https://www.instagram.com/reel/Da5RfP2m59t,Instagram,2026-07-17 06:00:00,Yes,No,,False,0.0,0.0,0.0,0,0,0,,Halo effect upload
25410452,Brianeisha Thompson,athomewithnene,2026-07,https://www.facebook.com/reel/2260799254671828/,Instagram,2026-07-17 06:00:15,Yes,No,,False,0.0,0.0,0.0,0,0,0,,Halo effect upload
25410452,Brianeisha Thompson,athomewithnene_,2026-09,https://www.instagram.com/reel/Dc_K1PMGM7o,Instagram,2026-09-07 06:00:00,Yes,No,,False,0.0,0.0,0.0,0,0,0,,Halo effect upload
25410452,Brianeisha Thompson,athomewithnene,2026-09,https://tiktok.com/@athomewithnene/video/7682547271061359902/,TikTok,2026-09-07 06:00:00,Yes,No,,False,0.0,0.0,0.0,0,0,0,,Halo effect upload
25410452,Brianeisha Thompson,athomewithnene,2026-09,https://www.facebook.com/reel/1575934347647616/,Instagram,2026-09-07 06:00:16,Yes,No,,False,0.0,0.0,0.0,0,0,0,,Halo effect upload
25410452,Brianeisha Thompson,athomewithnene,2026-09,https://tiktok.com/@athomewithnene/video/7683040082743348511/,TikTok,2026-09-08 06:00:00,Yes,No,,False,0.0,0.0,0.0,0,0,0,,Halo effect upload
25410452,Brianeisha Thompson,athomewithnene_,2026-09,https://www.instagram.com/reel/DdBvkmcFUab,Instagram,2026-09-08 06:00:00,Yes,No,,False,0.0,0.0,0.0,0,0,0,,Halo effect upload
25410452,Brianeisha Thompson,athomewithnene,2026-09,https://www.facebook.com/reel/1584350819798791/,Instagram,2026-09-08 06:00:14,Yes,No,,False,0.0,0.0,0.0,0,0,0,,Halo effect upload
25410452,Brianeisha Thompson,athomewithnene_,2026-09,https://www.instagram.com/p/DdJd-nrGB0z/,Instagram,2026-09-11 06:00:00,Yes,No,,False,0.0,0.0,0.0,0,0,0,,Halo effect upload
25410452,Brianeisha Thompson,athomewithnene,2026-09,https://www.facebook.com/reel/947388718422133/,Instagram,2026-09-11 06:00:16,Yes,No,,False,0.0,0.0,0.0,0,0,0,,Halo effect upload
25410452,Brianeisha Thompson,athomewithnene,2026-09,https://tiktok.com/@athomewithnene/video/7684156288187616542/,TikTok,2026-09-11 06:00:00,Yes,No,,False,0.0,0.0,0.0,0,0,0,,Halo effect upload
25410452,Brianeisha Thompson,athomewithnene,2026-09,https://tiktok.com/@athomewithnene/video/7687101946506857759/,TikTok,2026-09-19 06:00:00,Yes,No,,False,0.0,0.0,0.0,0,0,0,,Halo effect upload
25410452,Brianeisha Thompson,athomewithnene_,2026-09,https://www.instagram.com/p/DdeEU2sGK-n/,Instagram,2026-09-19 06:00:00,Yes,No,,False,0.0,0.0,0.0,0,0,0,,Halo effect upload
25410452,Brianeisha Thompson,athomewithnene,2026-09,https://www.facebook.com/reel/1811664536684966/,Instagram,2026-09-19 06:00:22,Yes,No,,False,0.0,0.0,0.0,0,0,0,,Halo effect upload
25410452,Brianeisha Thompson,athomewithnene_,2026-09,https://www.instagram.com/p/DdthG74mPAz/,Instagram,2026-09-25 06:00:00,Yes,No,,False,0.0,0.0,0.0,0,0,0,,Halo effect upload
25410452,Brianeisha Thompson,athomewithnene,2026-09,https://www.facebook.com/reel/1477771744257346/,Instagram,2026-09-25 06:00:15,Yes,No,,False,0.0,0.0,0.0,0,0,0,,Halo effect upload
25410452,Brianeisha Thompson,athomewithnene,2026-09,https://tiktok.com/@athomewithnene/video/7689296882438393118/,TikTok,2026-09-25 06:00:00,Yes,No,,False,0.0,0.0,0.0,0,0,0,,Halo effect upload
25460546,Brianna Hand-Solomon,birdyshome,2026-09,https://tiktok.com/@birdyshome/video/7682923694527663373/,TikTok,2026-09-07 15:28:10,Yes,No,,False,0.0,0.0,0.0,0,0,0,,Halo effect upload
25460546,Brianna Hand-Solomon,birdyshome,2026-09,https://tiktok.com/@birdyshome/video/7684432502668168461/,TikTok,2026-09-11 17:02:55,Yes,Yes,,False,0.0,0.0,0.0,0,0,0,,Halo effect upload
24302351,Brittany Spoerhase,brittanydesignspo,2026-07,https://www.instagram.com/p/Dbdf4BwxmrL/,Instagram,2026-07-31 07:39:19,Yes,Yes,,False,0.0,0.0,0.0,0,0,0,,Halo effect upload
24302351,Brittany Spoerhase,BrittanyDesignSpo,2026-08,https://www.pinterest.com/pin/931611872938179618/,,2026-08-02 01:56:30,Yes,No,,False,0.0,0.0,0.0,0,0,0,,Halo effect upload
24302351,Brittany Spoerhase,brittanydesignspo,2026-08,https://www.instagram.com/p/DcpavTcxBpa/,Instagram,2026-08-29 19:16:59,Yes,No,,False,0.0,0.0,0.0,0,0,0,,Halo effect upload
24302351,Brittany Spoerhase,brittanydesignspo,2026-09,https://www.instagram.com/reel/Dc6Wt8rRzg9,Instagram,2026-09-05 09:09:27,Yes,No,,False,0.0,0.0,0.0,0,0,0,,Halo effect upload
24302351,Brittany Spoerhase,brittanydesignspo,2026-09,https://www.tiktok.com/@brittanydesignspo/video/7682088116559170847,TikTok,2026-09-05 09:25:43,Yes,No,,False,0.0,0.0,0.0,0,0,0,,Halo effect upload
27173845,Brittany W. | STL Influencer📷,brittbratstyles,2026-09,https://tiktok.com/@brittbratstyles/video/7687615981371280670/,TikTok,2026-09-20 06:56:42,Yes,No,,False,0.0,0.0,0.0,0,0,0,,Halo effect upload
28412422,Brooke Ransom,brookeranz,2026-07,https://tiktok.com/@brookeranz/video/7665820636878540063/,TikTok,2026-07-23 13:19:29,Yes,No,,False,0.0,0.0,0.0,0,0,0,,Halo effect upload
28412422,Brooke Ransom,brookeranzyt,2026-07,https://www.youtube.com/watch?v=skxKL46SoXM,,2026-07-23 15:15:43,Yes,No,,False,0.0,0.0,0.0,0,0,0,,Halo effect upload
28412422,Brooke Ransom,brookeranzyt,2026-08,https://www.youtube.com/shorts/ODezcbjhYno,YouTube,2026-08-12 12:05:47,Yes,No,,False,0.0,0.0,0.0,0,0,0,,Halo effect upload
28412422,Brooke Ransom,brookeranz,2026-08,https://www.tiktok.com/@brookeranz/video/7673219610757451039,TikTok,2026-08-12 11:51:15,Yes,No,,False,0.0,0.0,0.0,0,0,0,,Halo effect upload
28412422,Brooke Ransom,brookeranz,2026-09,https://www.pinterest.com/pin/223631937743293518/,,2026-09-03 20:52:38,Yes,No,,False,0.0,0.0,0.0,0,0,0,,Halo effect upload
28412422,Brooke Ransom,brookeranz,2026-09,https://www.pinterest.com/pin/223631937743293930/,,2026-09-04 04:00:09,Yes,No,,False,0.0,0.0,0.0,0,0,0,,Halo effect upload
28412422,Brooke Ransom,brookeranz,2026-09,https://www.pinterest.com/pin/223631937743343420/,,2026-09-23 12:37:06,Yes,No,,False,0.0,0.0,0.0,0,0,0,,Halo effect upload
33720010,Buddy,buddy_exotic_bulldog,2026-07,https://www.instagram.com/reel/Dan6MjKgk4y,Instagram,2026-07-10 12:14:43,Yes,No,,False,0.0,0.0,0.0,0,0,0,,Halo effect upload
33507917,buttah.ib,itsirisandwill,2026-07,https://www.instagram.com/reel/Da0ug0LpABw,Instagram,2026-07-15 11:39:06,Yes,No,,False,0.0,0.0,0.0,0,0,0,,Halo effect upload
33507917,buttah.ib,itsirisandwill,2026-07,https://www.instagram.com/reel/DbEkczku0AN,Instagram,2026-07-21 15:19:35,Yes,No,,False,0.0,0.0,0.0,0,0,0,,Halo effect upload
29015356,calita Ferreira Lummertz,calita.fl,2026-07,https://tiktok.com/@calita.fl/video/7659037262197394701/,TikTok,2026-07-05 06:37:09,Yes,No,,False,0.0,0.0,0.0,0,0,0,,Halo effect upload
29015356,calita Ferreira Lummertz,calita.fl,2026-07,https://tiktok.com/@calita.fl/video/7660652390420319501/,TikTok,2026-07-09 15:03:57,Yes,No,,False,0.0,0.0,0.0,0,0,0,,Halo effect upload
29015356,calita Ferreira Lummertz,calita.fl,2026-07,https://tiktok.com/@calita.fl/video/7663890080729206029/,TikTok,2026-07-18 08:28:16,Yes,No,,False,0.0,0.0,0.0,0,0,0,,Halo effect upload
25205302,Carrie Passaro,carrieithome,2026-07,https://tiktok.com/@carrieithome/video/7659219166120922382/,TikTok,2026-07-08 05:28:00,Yes,No,,False,0.0,0.0,0.0,0,0,0,,Halo effect upload
25205302,Carrie Passaro,carrieithome,2026-07,https://www.instagram.com/reel/DaiC9VtBRlS,Instagram,2026-07-08 05:30:09,Yes,No,,False,0.0,0.0,0.0,0,0,0,,Halo effect upload
25205302,Carrie Passaro,carrieithomedecor,2026-07,https://www.pinterest.com/pin/1064538430689395855/,,2026-07-08 15:25:21,Yes,No,,False,0.0,0.0,0.0,0,0,0,,Halo effect upload
25205302,Carrie Passaro,carrieithome,2026-07,https://www.instagram.com/reel/Da0GzUGBvxb,Instagram,2026-07-15 05:50:05,Yes,No,,False,0.0,0.0,0.0,0,0,0,,Halo effect upload
25205302,Carrie Passaro,carrieithome,2026-07,https://www.instagram.com/p/Da6BhiFBiLO/,Instagram,2026-07-17 12:12:39,Yes,Yes,,False,0.0,0.0,0.0,0,0,0,,Halo effect upload
25205302,Carrie Passaro,carrieithome,2026-07,https://tiktok.com/@carrieithome/video/7663586578089905421/,TikTok,2026-07-17 12:50:20,Yes,Yes,,False,0.0,0.0,0.0,0,0,0,,Halo effect upload
25205302,Carrie Passaro,carrieithome,2026-07,https://www.instagram.com/reel/Da7wnuwh4Gs,Instagram,2026-07-18 05:10:04,Yes,No,,False,0.0,0.0,0.0,0,0,0,,Halo effect upload
25205302,Carrie Passaro,carrieithomedecor,2026-07,https://www.pinterest.com/pin/1064538430689716708/,,2026-07-18 15:19:55,Yes,No,,False,0.0,0.0,0.0,0,0,0,,Halo effect upload
25205302,Carrie Passaro,carrieithomedecor,2026-07,https://www.pinterest.com/pin/1064538430689622554/,,2026-07-15 15:40:39,Yes,No,,False,0.0,0.0,0.0,0,0,0,,Halo effect upload
25205302,Carrie Passaro,carrieithomedecor,2026-07,https://www.pinterest.com/pin/1064538430689686773/,,2026-07-17 15:17:20,Yes,No,,False,0.0,0.0,0.0,0,0,0,,Halo effect upload
25205302,Carrie Passaro,carrieithome,2026-07,https://www.instagram.com/reel/DbGlXCIhh0V,Instagram,2026-07-22 10:15:01,Yes,No,,False,0.0,0.0,0.0,0,0,0,,Halo effect upload
25205302,Carrie Passaro,carrieithome,2026-07,https://tiktok.com/@carrieithome/video/7662906782762798367/,TikTok,2026-07-22 09:57:25,Yes,No,,False,0.0,0.0,0.0,0,0,0,,Halo effect upload
25205302,Carrie Passaro,carrieithome,2026-07,https://tiktok.com/@carrieithome/video/7663603618146274590/,TikTok,2026-07-22 09:51:09,Yes,No,,False,0.0,0.0,0.0,0,0,0,,Halo effect upload
25205302,Carrie Passaro,carrieithome,2026-07,https://www.instagram.com/reel/DbLMzrYhl4d,Instagram,2026-07-24 05:05:05,Yes,No,,False,0.0,0.0,0.0,0,0,0,,Halo effect upload
25205302,Carrie Passaro,carrieithome,2026-07,https://www.instagram.com/reel/DbNyqJ-B7lR,Instagram,2026-07-25 05:15:05,Yes,Yes,,False,0.0,0.0,0.0,0,0,0,,Halo effect upload
25205302,Carrie Passaro,carrieithome,2026-08,https://www.instagram.com/reel/Dbk8tR_hSPO,Instagram,2026-08-01 05:05:01,No,No,,False,0.0,0.0,0.0,0,0,0,,Halo effect upload
25205302,Carrie Passaro,carrieithome,2026-08,https://tiktok.com/@carrieithome/video/7663615714950991134/,TikTok,2026-08-03 05:13:00,Yes,Yes,,False,0.0,0.0,0.0,0,0,0,,Halo effect upload
25205302,Carrie Passaro,carrieithome,2026-08,https://www.instagram.com/reel/DbdP_gjBZiw,Instagram,2026-08-05 05:20:01,No,Yes,,False,0.0,0.0,0.0,0,0,0,,Halo effect upload
25205302,Carrie Passaro,carrieithome,2026-08,https://www.instagram.com/reel/Dbk_i4rBFY6,Instagram,2026-08-10 04:30:01,No,No,,False,0.0,0.0,0.0,0,0,0,,Halo effect upload
25205302,Carrie Passaro,carrieithome,2026-08,https://tiktok.com/@carrieithome/video/7668512026246778142/,TikTok,2026-08-11 05:20:00,Yes,No,,False,0.0,0.0,0.0,0,0,0,,Halo effect upload
25205302,Carrie Passaro,carrieithome,2026-08,https://tiktok.com/@carrieithome/video/7663624188866858271/,TikTok,2026-08-12 05:45:00,Yes,No,,False,0.0,0.0,0.0,0,0,0,,Halo effect upload
25205302,Carrie Passaro,carrieithome,2026-08,https://www.instagram.com/reel/DcBQ3xThaQW,Instagram,2026-08-14 05:00:04,Yes,No,,False,0.0,0.0,0.0,0,0,0,,Halo effect upload
25205302,Carrie Passaro,carrieithome,2026-08,https://tiktok.com/@carrieithome/video/7668837564966620429/,TikTok,2026-08-18 05:47:00,Yes,No,,False,0.0,0.0,0.0,0,0,0,,Halo effect upload
25205302,Carrie Passaro,carrieithome,2026-08,https://www.instagram.com/reel/DcQ4ABpR9OV,Instagram,2026-08-20 06:30:07,Yes,No,,False,0.0,0.0,0.0,0,0,0,,Halo effect upload
25205302,Carrie Passaro,carrieithome,2026-08,https://tiktok.com/@carrieithome/video/7674098911740546335/,TikTok,2026-08-20 11:21:41,Yes,No,,False,0.0,0.0,0.0,0,0,0,,Halo effect upload
25205302,Carrie Passaro,carrieithome,2026-08,https://tiktok.com/@carrieithome/video/7674100443236093215/,TikTok,2026-08-20 11:17:53,Yes,No,,False,0.0,0.0,0.0,0,0,0,,Halo effect upload
25205302,Carrie Passaro,carrieithome,2026-08,https://www.instagram.com/reel/DcV3NlcBbwP,Instagram,2026-08-22 05:00:04,Yes,Yes,,False,0.0,0.0,0.0,0,0,0,,Halo effect upload
25205302,Carrie Passaro,carrieithome,2026-08,https://tiktok.com/@carrieithome/video/7669057510761876750/,TikTok,2026-08-22 05:20:00,Yes,Yes,,False,0.0,0.0,0.0,0,0,0,,Halo effect upload
25205302,Carrie Passaro,carrieithome,2026-08,https://www.instagram.com/p/DcgFQhGBf37/,Instagram,2026-08-26 04:15:04,Yes,No,,False,0.0,0.0,0.0,0,0,0,,Halo effect upload
25205302,Carrie Passaro,carrieithomedecor,2026-08,https://www.pinterest.com/pin/1064538430690474924/,,2026-08-10 15:34:47,Yes,No,,False,0.0,0.0,0.0,0,0,0,,Halo effect upload
25205302,Carrie Passaro,carrieithomedecor,2026-08,https://www.pinterest.com/pin/1064538430690806642/,,2026-08-20 15:22:08,Yes,No,,False,0.0,0.0,0.0,0,0,0,,Halo effect upload
25205302,Carrie Passaro,carrieithomedecor,2026-08,https://www.pinterest.com/pin/1064538430690606972/,,2026-08-14 15:10:04,Yes,No,,False,0.0,0.0,0.0,0,0,0,,Halo effect upload
25205302,Carrie Passaro,carrieithomedecor,2026-08,https://www.pinterest.com/pin/1064538430690868067/,,2026-08-22 15:10:38,Yes,Yes,,False,0.0,0.0,0.0,0,0,0,,Halo effect upload
25205302,Carrie Passaro,carrieithomedecor,2026-08,https://www.pinterest.com/pin/1064538430690310198/,,2026-08-05 15:18:37,Yes,No,,False,0.0,0.0,0.0,0,0,0,,Halo effect upload
25205302,Carrie Passaro,carrieithomedecor,2026-07,https://www.pinterest.com/pin/1064538430689847770/,,2026-07-22 15:18:01,Yes,No,,False,0.0,0.0,0.0,0,0,0,,Halo effect upload
25205302,Carrie Passaro,carrieithomedecor,2026-08,https://www.pinterest.com/pin/1064538430690213791/,,2026-08-02 17:29:58,Yes,No,,False,0.0,0.0,0.0,0,0,0,,Halo effect upload
25205302,Carrie Passaro,carrieithomedecor,2026-07,https://www.pinterest.com/pin/1064538430690098448/,,2026-07-30 04:04:45,Yes,No,,False,0.0,0.0,0.0,0,0,0,,Halo effect upload
25205302,Carrie Passaro,carrieithomedecor,2026-07,https://www.pinterest.com/pin/1064538430689926091/,,2026-07-24 23:15:55,Yes,No,,False,0.0,0.0,0.0,0,0,0,,Halo effect upload
25205302,Carrie Passaro,carrieithome,2026-08,https://tiktok.com/@carrieithome/video/7670730348015275295/,TikTok,2026-08-30 05:21:00,Yes,Yes,,False,0.0,0.0,0.0,0,0,0,,Halo effect upload
25205302,Carrie Passaro,carrieithome,2026-08,https://www.instagram.com/reel/DcqdDHZBn_S,Instagram,2026-08-31 04:55:01,Yes,No,,False,0.0,0.0,0.0,0,0,0,,Halo effect upload
25205302,Carrie Passaro,carrieithomedecor,2026-08,https://www.pinterest.com/pin/1064538430691151614/,,2026-08-31 15:09:34,Yes,No,,False,0.0,0.0,0.0,0,0,0,,Halo effect upload
25205302,Carrie Passaro,carrieithomedecor,2026-08,https://www.pinterest.com/pin/1064538430691025839/,,2026-08-27 16:02:25,Yes,No,,False,0.0,0.0,0.0,0,0,0,,Halo effect upload
25205302,Carrie Passaro,carrieithome,2026-09,https://tiktok.com/@carrieithome/video/7659596392771374366/,TikTok,2026-09-10 10:08:59,Yes,No,,False,0.0,0.0,0.0,0,0,0,,Halo effect upload
25534963,Cass | home&motherhood,cassandra.noellee,2026-08,https://www.instagram.com/reel/DbwYgLPpK2z,Instagram,2026-08-07 15:46:03,Yes,No,,False,0.0,0.0,0.0,0,0,0,,Halo effect upload
25534963,Cass | home&motherhood,c.noellee,2026-08,https://tiktok.com/@c.noellee/video/7671430021143104799/,TikTok,2026-08-07 16:06:40,Yes,No,,False,0.0,0.0,0.0,0,0,0,,Halo effect upload
34416551,cassidy.diagostino,lifewith.cassidy,2026-07,https://www.instagram.com/reel/DaVqcWfJxhW,Instagram,2026-07-03 10:07:33,Yes,No,,False,0.0,0.0,0.0,0,0,0,,Halo effect upload
34416551,cassidy.diagostino,lifewith.cassidy,2026-07,https://www.instagram.com/reel/Da6USCPpV2a,Instagram,2026-07-17 15:44:42,Yes,No,,False,0.0,0.0,0.0,0,0,0,,Halo effect upload
34416551,cassidy.diagostino,lifewith.cassidy,2026-07,https://tiktok.com/@lifewith.cassidy/video/7658465255701499167/,TikTok,2026-07-03 17:36:59,Yes,No,,False,0.0,0.0,0.0,0,0,0,,Halo effect upload
27175139,Catherine Grassel,catherinesreviews,2026-07,https://www.instagram.com/reel/Da3siSju65J,Instagram,2026-07-16 15:58:05,Yes,No,,False,0.0,0.0,0.0,0,0,0,,Halo effect upload
27175139,Catherine Grassel,catherinesreviews,2026-07,https://www.tiktok.com/@catherinesreviews/video/7663272860785429774,TikTok,2026-07-16 16:32:47,Yes,No,,False,0.0,0.0,0.0,0,0,0,,Halo effect upload
27175139,Catherine Grassel,catherinesreviews,2026-07,https://www.instagram.com/reel/DbOleJBp6HP,Instagram,2026-07-25 12:40:36,Yes,No,,False,0.0,0.0,0.0,0,0,0,,Halo effect upload
30636479,Chardeney Mason,chardeneymason,2026-08,https://www.pinterest.com/pin/494129390390694345/,,2026-08-06 09:52:47,Yes,No,,False,0.0,0.0,0.0,0,0,0,,Halo effect upload
30636479,Chardeney Mason,chardeneymason,2026-09,https://www.pinterest.com/pin/494129390390932312/,,2026-09-08 10:20:52,Yes,No,,False,0.0,0.0,0.0,0,0,0,,Halo effect upload
30636479,Chardeney Mason,chardeneymason,2026-09,https://www.pinterest.com/pin/494129390390932202/,,2026-09-08 09:57:44,Yes,No,,False,0.0,0.0,0.0,0,0,0,,Halo effect upload
30636479,Chardeney Mason,chardeneymason,2026-09,https://www.pinterest.com/pin/494129390390940213/,,2026-09-09 14:46:20,Yes,No,,False,0.0,0.0,0.0,0,0,0,,Halo effect upload
30636479,Chardeney Mason,chardeneymason,2026-09,https://www.pinterest.com/pin/494129390390998195/,,2026-09-17 16:04:27,Yes,No,,False,0.0,0.0,0.0,0,0,0,,Halo effect upload
26253481,Chelsea Greer,chelsealizgreer,2026-07,https://tiktok.com/@chelsealizgreer/video/7659619949287132429/,TikTok,2026-07-06 20:17:46,Yes,No,,False,0.0,0.0,0.0,0,0,0,,Halo effect upload
26253481,Chelsea Greer,chelsealizgreer,2026-07,https://www.instagram.com/reel/DarRfKEOYZK,Instagram,2026-07-11 19:32:50,Yes,No,,False,0.0,0.0,0.0,0,0,0,,Halo effect upload
26253481,Chelsea Greer,chelsealizgreer,2026-07,https://www.instagram.com/reel/DbE2Ag5OB7m,Instagram,2026-07-21 17:57:33,Yes,No,,False,0.0,0.0,0.0,0,0,0,,Halo effect upload
26253481,Chelsea Greer,chelsealizgreer,2026-07,https://www.instagram.com/p/DbWixrEx4pY/,Instagram,2026-07-28 15:03:56,Yes,Yes,,False,0.0,0.0,0.0,0,0,0,,Halo effect upload
26253481,Chelsea Greer,chelsealizgreer,2026-07,https://tiktok.com/@chelsealizgreer/video/7668539121777773838/,TikTok,2026-07-30 21:08:28,Yes,Yes,,False,0.0,0.0,0.0,0,0,0,,Halo effect upload
26253481,Chelsea Greer,chelsealizgreer,2026-08,https://www.instagram.com/reel/Db64TYoO9u8,Instagram,2026-08-11 17:33:59,Yes,No,,False,0.0,0.0,0.0,0,0,0,,Halo effect upload
26253481,Chelsea Greer,chelsealizgreer,2026-08,https://www.instagram.com/reel/DcRrHsepMgc,Instagram,2026-08-20 13:59:17,Yes,No,,False,0.0,0.0,0.0,0,0,0,,Halo effect upload
26253481,Chelsea Greer,chelsealizgreer,2026-08,https://tiktok.com/@chelsealizgreer/video/7678573506732330253/,TikTok,2026-08-26 22:07:43,Yes,Yes,,False,0.0,0.0,0.0,0,0,0,,Halo effect upload
26253481,Chelsea Greer,chelsealizgreer,2026-08,https://www.instagram.com/reel/DcpaggVOMCs,Instagram,2026-08-29 19:15:00,Yes,No,,False,0.0,0.0,0.0,0,0,0,,Halo effect upload
26253481,Chelsea Greer,chelsealizgreer,2026-08,https://www.instagram.com/reel/DcryXMaOmJQ,Instagram,2026-08-30 17:21:57,Yes,No,,False,0.0,0.0,0.0,0,0,0,,Halo effect upload
26253481,Chelsea Greer,chelsealizgreer,2026-09,https://tiktok.com/@chelsealizgreer/video/7680655904512953613/,TikTok,2026-09-01 12:48:06,Yes,No,,False,0.0,0.0,0.0,0,0,0,,Halo effect upload
26253481,Chelsea Greer,chelsealizgreer,2026-09,https://www.instagram.com/reel/Dc4xIuNuh6B,Instagram,2026-09-04 18:25:26,Yes,No,,False,0.0,0.0,0.0,0,0,0,,Halo effect upload
26253481,Chelsea Greer,chelsealizgreer,2026-09,https://www.instagram.com/p/DdRMQqmOtfy/,Instagram,2026-09-14 06:00:53,Yes,No,,False,0.0,0.0,0.0,0,0,0,,Halo effect upload
26253481,Chelsea Greer,chelsealizgreer,2026-09,https://www.instagram.com/reel/DdY-RCIu7Nl,Instagram,2026-09-17 06:37:52,Yes,No,,False,0.0,0.0,0.0,0,0,0,,Halo effect upload
26253481,Chelsea Greer,chelsealizgreer,2026-09,https://www.instagram.com/reel/DdsCdXvOmF3,Instagram,2026-09-24 16:17:27,Yes,No,,False,0.0,0.0,0.0,0,0,0,,Halo effect upload
26253481,Chelsea Greer,chelsealizgreer,2026-09,https://www.instagram.com/reel/Dd2jDiJuwcy,Instagram,2026-09-28 18:14:03,Yes,No,,False,0.0,0.0,0.0,0,0,0,,Halo effect upload
24813597,Cher ᥫ᭡,AllurebyCher,2026-07,https://www.facebook.com/AllurebyCher/posts/1533588785135845,,2026-07-08 02:33:03,Yes,No,,False,0.0,0.0,0.0,0,0,0,,Halo effect upload
24813597,Cher ᥫ᭡,AllurebyCher,2026-07,https://www.facebook.com/AllurebyCher/posts/1537044268123630,,2026-07-12 11:00:10,Yes,No,,False,0.0,0.0,0.0,0,0,0,,Halo effect upload
24813597,Cher ᥫ᭡,allurebycher,2026-07,https://www.pinterest.com/pin/687502699427798827/,,2026-07-12 11:11:57,Yes,No,,False,0.0,0.0,0.0,0,0,0,,Halo effect upload
24813597,Cher ᥫ᭡,allurebycher,2026-07,https://www.pinterest.com/pin/687502699428079412/,,2026-07-27 21:25:17,Yes,No,,False,0.0,0.0,0.0,0,0,0,,Halo effect upload
24813597,Cher ᥫ᭡,AllurebyCher,2026-08,https://www.facebook.com/AllurebyCher/posts/1577436177417772,,2026-08-28 23:29:04,Yes,No,,False,0.0,0.0,0.0,0,0,0,,Halo effect upload
24813597,Cher ᥫ᭡,AllurebyCher,2026-09,https://www.facebook.com/AllurebyCher/posts/1594054889089234,,2026-09-17 11:33:51,Yes,No,,False,0.0,0.0,0.0,0,0,0,,Halo effect upload
24813597,Cher ᥫ᭡,AllurebyCher,2026-09,https://www.facebook.com/AllurebyCher/posts/1595102742317782,,2026-09-18 17:55:54,Yes,No,,False,0.0,0.0,0.0,0,0,0,,Halo effect upload
24813597,Cher ᥫ᭡,AllurebyCher,2026-09,https://www.facebook.com/AllurebyCher/posts/1595121172315939,,2026-09-18 18:29:52,Yes,No,,False,0.0,0.0,0.0,0,0,0,,Halo effect upload
24813597,Cher ᥫ᭡,allurebycher,2026-09,https://www.pinterest.com/pin/397301998401661393/,,2026-09-22 05:56:25,Yes,No,,False,0.0,0.0,0.0,0,0,0,,Halo effect upload
24813597,Cher ᥫ᭡,AllurebyCher,2026-09,https://www.facebook.com/AllurebyCher/posts/1602255408269182,,2026-09-26 16:19:07,Yes,No,,False,0.0,0.0,0.0,0,0,0,,Halo effect upload
26794287,Christa Carter-Williams,christaandthecity,2026-07,https://www.tiktok.com/@christaandthecity/video/7657733077732494623,TikTok,2026-07-01 18:15:39,Yes,Yes,,False,0.0,0.0,0.0,0,0,0,,Halo effect upload
26794287,Christa Carter-Williams,christaandthecity,2026-07,https://www.facebook.com/reel/2411530399338528/,Instagram,2026-07-15 07:18:55,Yes,No,,False,0.0,0.0,0.0,0,0,0,,Halo effect upload
26794287,Christa Carter-Williams,christaandthecity,2026-07,https://www.instagram.com/reel/Da0OzZeOLT8,Instagram,2026-07-15 07:01:26,Yes,No,,False,0.0,0.0,0.0,0,0,0,,Halo effect upload
26794287,Christa Carter-Williams,christaandthecity,2026-07,https://tiktok.com/@christaandthecity/video/7663139663892303134/,TikTok,2026-07-16 07:55:54,Yes,No,,False,0.0,0.0,0.0,0,0,0,,Halo effect upload
26794287,Christa Carter-Williams,christaandthecity,2026-08,https://www.instagram.com/reel/DcMu_Sqp065,Instagram,2026-08-18 15:56:26,Yes,No,,False,0.0,0.0,0.0,0,0,0,,Halo effect upload
26794287,Christa Carter-Williams,christaandthecity,2026-08,https://www.facebook.com/christaandthecity/posts/1487698090043787,,2026-08-19 17:37:05,Yes,No,,False,0.0,0.0,0.0,0,0,0,,Halo effect upload
26794287,Christa Carter-Williams,christaandthecity,2026-08,https://tiktok.com/@christaandthecity/video/7675797866987719967/,TikTok,2026-08-19 10:36:09,Yes,No,,False,0.0,0.0,0.0,0,0,0,,Halo effect upload
26794287,Christa Carter-Williams,christaandthecity,2026-08,https://www.instagram.com/p/DcbRpDPOm0i/,Instagram,2026-08-24 07:27:46,Yes,No,,False,0.0,0.0,0.0,0,0,0,,Halo effect upload
26794287,Christa Carter-Williams,christaandthecity,2026-08,https://www.facebook.com/reel/1581682186789828/,Instagram,2026-08-24 07:45:34,Yes,No,,False,0.0,0.0,0.0,0,0,0,,Halo effect upload
26794287,Christa Carter-Williams,christaandthecity,2026-08,https://tiktok.com/@christaandthecity/video/7677979097397579038/,TikTok,2026-08-25 07:40:46,Yes,No,,False,0.0,0.0,0.0,0,0,0,,Halo effect upload
26794287,Christa Carter-Williams,christaandthecity,2026-09,https://www.facebook.com/christaandthecity/posts/1510653641081565,,2026-09-14 10:17:25,Yes,No,,False,0.0,0.0,0.0,0,0,0,,Halo effect upload
26794287,Christa Carter-Williams,christaandthecity,2026-09,https://www.instagram.com/reel/DdRoA48vk_x,Instagram,2026-09-14 10:02:07,Yes,No,,False,0.0,0.0,0.0,0,0,0,,Halo effect upload
26794287,Christa Carter-Williams,christaandthecity,2026-09,https://tiktok.com/@christaandthecity/video/7686296516499213598/,TikTok,2026-09-16 17:36:21,Yes,No,,False,0.0,0.0,0.0,0,0,0,,Halo effect upload
24294288,christen Mencaccini,christenathome,2026-07,https://www.pinterest.com/pin/879679739735194455/,,2026-07-04 05:05:01,Yes,No,,False,0.0,0.0,0.0,0,0,0,,Halo effect upload
24294288,christen Mencaccini,christenathome,2026-07,https://www.pinterest.com/pin/879679739735194037/,,2026-07-04 04:50:43,Yes,No,,False,0.0,0.0,0.0,0,0,0,,Halo effect upload
24294288,christen Mencaccini,christenathome,2026-07,https://www.pinterest.com/pin/879679739735193999/,,2026-07-04 04:47:56,Yes,No,,False,0.0,0.0,0.0,0,0,0,,Halo effect upload
24294288,christen Mencaccini,christenathome,2026-07,https://www.pinterest.com/pin/879679739735193997/,,2026-07-04 04:47:48,Yes,No,,False,0.0,0.0,0.0,0,0,0,,Halo effect upload
24294288,christen Mencaccini,christenathome,2026-07,https://www.pinterest.com/pin/879679739735194005/,,2026-07-04 04:48:21,Yes,Yes,,False,0.0,0.0,0.0,0,0,0,,Halo effect upload
24294288,christen Mencaccini,christenathome,2026-07,https://www.pinterest.com/pin/879679739735154796/,,2026-07-02 19:42:28,Yes,No,,False,0.0,0.0,0.0,0,0,0,,Halo effect upload
24294288,christen Mencaccini,christenathome,2026-07,https://www.pinterest.com/pin/879679739735154868/,,2026-07-02 19:46:43,Yes,No,,False,0.0,0.0,0.0,0,0,0,,Halo effect upload
24294288,christen Mencaccini,christenathome,2026-07,https://www.pinterest.com/pin/879679739735154723/,,2026-07-02 19:39:46,Yes,No,,False,0.0,0.0,0.0,0,0,0,,Halo effect upload
24294288,christen Mencaccini,christenathome,2026-07,https://www.pinterest.com/pin/879679739735154762/,,2026-07-02 19:41:18,Yes,No,,False,0.0,0.0,0.0,0,0,0,,Halo effect upload
24294288,christen Mencaccini,christenathome,2026-07,https://www.pinterest.com/pin/879679739735154721/,,2026-07-02 19:39:31,Yes,No,,False,0.0,0.0,0.0,0,0,0,,Halo effect upload
24294288,christen Mencaccini,christenathome,2026-07,https://www.pinterest.com/pin/879679739735154653/,,2026-07-02 19:35:39,Yes,No,,False,0.0,0.0,0.0,0,0,0,,Halo effect upload
24294288,christen Mencaccini,christenathome,2026-07,https://www.pinterest.com/pin/879679739735154542/,,2026-07-02 19:30:13,Yes,No,,False,0.0,0.0,0.0,0,0,0,,Halo effect upload
24294288,christen Mencaccini,christenathome,2026-07,https://www.pinterest.com/pin/879679739735154630/,,2026-07-02 19:34:54,Yes,No,,False,0.0,0.0,0.0,0,0,0,,Halo effect upload
24294288,christen Mencaccini,christenathome,2026-07,https://www.pinterest.com/pin/879679739735154593/,,2026-07-02 19:32:51,Yes,No,,False,0.0,0.0,0.0,0,0,0,,Halo effect upload
24294288,christen Mencaccini,christenathome,2026-07,https://www.pinterest.com/pin/879679739735154496/,,2026-07-02 19:26:59,Yes,No,,False,0.0,0.0,0.0,0,0,0,,Halo effect upload
24294288,christen Mencaccini,christenathome,2026-07,https://www.pinterest.com/pin/879679739735154492/,,2026-07-02 19:26:49,Yes,No,,False,0.0,0.0,0.0,0,0,0,,Halo effect upload
24294288,christen Mencaccini,christenathome,2026-07,https://www.pinterest.com/pin/879679739735154430/,,2026-07-02 19:22:23,Yes,Yes,,False,0.0,0.0,0.0,0,0,0,,Halo effect upload
24294288,christen Mencaccini,christen.at.home,2026-08,https://www.instagram.com/p/DcY794NR0ms/,Instagram,2026-08-23 09:43:58,Yes,No,,False,0.0,0.0,0.0,0,0,0,,Halo effect upload
24294288,christen Mencaccini,christen.at.home,2026-09,https://www.instagram.com/reel/Dc1mU_xz63i,Instagram,2026-09-03 12:49:03,Yes,No,,False,0.0,0.0,0.0,0,0,0,,Halo effect upload
24294288,christen Mencaccini,christenathome,2026-09,https://tiktok.com/@christenathome/video/7681422510377733389/,TikTok,2026-09-03 14:22:40,No,No,,False,0.0,0.0,0.0,0,0,0,,Halo effect upload
24418835,Cindy Pichardo,inspirationbycp,2026-07,https://www.instagram.com/reel/DbMjgjAJQdC,Instagram,2026-07-24 17:45:17,Yes,Yes,,False,0.0,0.0,0.0,0,0,0,,Halo effect upload
24418835,Cindy Pichardo,inspirationbycp,2026-08,https://www.instagram.com/reel/DcOQU1Gx6Pl,Instagram,2026-08-19 06:11:46,Yes,No,,False,0.0,0.0,0.0,0,0,0,,Halo effect upload
24418835,Cindy Pichardo,inspirationbycp,2026-08,https://www.instagram.com/reel/DcYem6JxZ7Q,Instagram,2026-08-23 05:25:03,Yes,No,,False,0.0,0.0,0.0,0,0,0,,Halo effect upload
24418835,Cindy Pichardo,inspirationbycp,2026-09,https://www.instagram.com/p/DdG3yJPR1zK/,Instagram,2026-09-10 05:55:01,Yes,Yes,,False,0.0,0.0,0.0,0,0,0,,Halo effect upload
24418835,Cindy Pichardo,inspirationbycp,2026-09,https://www.instagram.com/p/DdoVxGHx_dA/,Instagram,2026-09-23 05:51:02,Yes,No,,False,0.0,0.0,0.0,0,0,0,,Halo effect upload
24418835,Cindy Pichardo,inspirationbycp,2026-09,https://www.instagram.com/reel/DdwNaWeRF-Q,Instagram,2026-09-26 07:15:07,Yes,No,,False,0.0,0.0,0.0,0,0,0,,Halo effect upload
27410350,Claudy Pelingon,claudy_pel,2026-09,https://www.instagram.com/reel/Dd1y6p-iNr-,Instagram,2026-09-28 11:12:43,Yes,No,,False,0.0,0.0,0.0,0,0,0,,Halo effect upload
27410350,Claudy Pelingon,claudypel,2026-09,https://www.facebook.com/reel/1097239166151474/,Instagram,2026-09-28 11:13:03,Yes,No,,False,0.0,0.0,0.0,0,0,0,,Halo effect upload
32249152,clinique0333,designerdom24,2026-09,https://www.instagram.com/reel/DdEwpzoRy7J,Instagram,2026-09-09 10:08:23,Yes,No,,False,0.0,0.0,0.0,0,0,0,,Halo effect upload
32249152,clinique0333,designerdom24,2026-09,https://tiktok.com/@designerdom24/video/7683587145256291597/,TikTok,2026-09-09 10:23:09,Yes,No,,False,0.0,0.0,0.0,0,0,0,,Halo effect upload
32249152,clinique0333,Designerdom24.official,2026-09,https://www.facebook.com/reel/1454954196692401/,Instagram,2026-09-09 10:42:15,Yes,No,,False,0.0,0.0,0.0,0,0,0,,Halo effect upload
32939379,Cornesha Robinson,nourishedbynesha,2026-08,https://www.tiktok.com/@nourishedbynesha/video/7674687993436785933,TikTok,2026-08-16 10:49:32,Yes,No,,False,0.0,0.0,0.0,0,0,0,,Halo effect upload
24827084,Courtney Azurmendi,courtneytaylorhome,2026-07,https://www.instagram.com/reel/Dau9k67RIam,Instagram,2026-07-13 06:01:41,Yes,No,,False,0.0,0.0,0.0,0,0,0,,Halo effect upload
24827084,Courtney Azurmendi,courtneytaylorhome,2026-07,https://tiktok.com/@courtneytaylorhome/video/7663567237143416094/,TikTok,2026-07-17 11:35:15,Yes,Yes,,False,0.0,0.0,0.0,0,0,0,,Halo effect upload
24827084,Courtney Azurmendi,courtneytaylorhome,2026-07,https://www.instagram.com/reel/DbGMW6GiOD-,Instagram,2026-07-22 06:28:14,Yes,No,,False,0.0,0.0,0.0,0,0,0,,Halo effect upload
24827084,Courtney Azurmendi,courtneytaylorhome,2026-07,https://www.instagram.com/reel/DbIvCufinBA,Instagram,2026-07-23 06:14:08,Yes,No,,False,0.0,0.0,0.0,0,0,0,,Halo effect upload
24827084,Courtney Azurmendi,courtneytaylorhome,2026-07,https://tiktok.com/@courtneytaylorhome/video/7666180097463930143/,TikTok,2026-07-24 12:34:24,Yes,No,,False,0.0,0.0,0.0,0,0,0,,Halo effect upload
24827084,Courtney Azurmendi,courtneytaylorhome,2026-08,https://www.instagram.com/reel/Dbf8AfXih4x,Instagram,2026-08-01 06:36:09,Yes,Yes,,False,0.0,0.0,0.0,0,0,0,,Halo effect upload
24827084,Courtney Azurmendi,courtneytaylorhome,2026-08,https://www.instagram.com/reel/DbvQ7EFCK7a,Instagram,2026-08-07 05:19:24,Yes,Yes,,False,0.0,0.0,0.0,0,0,0,,Halo effect upload
24827084,Courtney Azurmendi,courtneytaylorhome,2026-08,https://www.instagram.com/reel/DcgMiqhxAzJ,Instagram,2026-08-26 05:27:32,Yes,No,,False,0.0,0.0,0.0,0,0,0,,Halo effect upload
24827084,Courtney Azurmendi,courtneytaylorhome,2026-09,https://www.instagram.com/p/Dc6FQG4C5wC/,Instagram,2026-09-05 06:43:56,Yes,No,,False,0.0,0.0,0.0,0,0,0,,Halo effect upload
24827084,Courtney Azurmendi,courtneytaylorhome,2026-09,https://tiktok.com/@courtneytaylorhome/video/7683169718915681567/,TikTok,2026-09-08 07:22:46,Yes,No,,False,0.0,0.0,0.0,0,0,0,,Halo effect upload
24827084,Courtney Azurmendi,courtneytaylorhome,2026-09,https://www.instagram.com/reel/Ddq28qripNh,Instagram,2026-09-24 05:19:38,No,No,,False,0.0,0.0,0.0,0,0,0,,Halo effect upload
24827084,Courtney Azurmendi,courtneytaylorhome,2026-09,https://www.instagram.com/reel/DdwD15pIouL,Instagram,2026-09-26 05:47:32,No,No,,False,0.0,0.0,0.0,0,0,0,,Halo effect upload
27927396,Courtney Thibodeaux,lachiccouture,2026-07,https://www.youtube.com/shorts/SGb7ngVwqUQ,YouTube,2026-07-10 15:32:52,No,No,,False,0.0,0.0,0.0,0,0,0,,Halo effect upload
27927396,Courtney Thibodeaux,lachiccouture,2026-07,https://www.instagram.com/reel/DaoRNGpJT1Y,Instagram,2026-07-10 15:31:29,Yes,No,,False,0.0,0.0,0.0,0,0,0,,Halo effect upload
27927396,Courtney Thibodeaux,124293810982739,2026-07,https://www.facebook.com/reel/1000797615893278/,Instagram,2026-07-10 15:31:51,Yes,No,,False,0.0,0.0,0.0,0,0,0,,Halo effect upload
27927396,Courtney Thibodeaux,lachiccouture,2026-07,https://tiktok.com/@lachiccouture/video/7661030156810587406/,TikTok,2026-07-10 15:30:05,Yes,No,,False,0.0,0.0,0.0,0,0,0,,Halo effect upload
27927396,Courtney Thibodeaux,lachiccouture,2026-07,https://www.instagram.com/reel/DbeRd_MJb4y,Instagram,2026-07-31 14:53:23,Yes,Yes,,False,0.0,0.0,0.0,0,0,0,,Halo effect upload
27927396,Courtney Thibodeaux,124293810982739,2026-07,https://www.facebook.com/reel/1088375403619000/,Instagram,2026-07-31 14:53:44,Yes,No,,False,0.0,0.0,0.0,0,0,0,,Halo effect upload
27927396,Courtney Thibodeaux,lachiccouture,2026-07,https://www.youtube.com/shorts/ieIHM3fgQBM,YouTube,2026-07-31 14:56:06,No,No,,False,0.0,0.0,0.0,0,0,0,,Halo effect upload
27927396,Courtney Thibodeaux,lachiccouture,2026-07,https://tiktok.com/@lachiccouture/video/7668747643224362254/,TikTok,2026-07-31 10:37:54,Yes,No,,False,0.0,0.0,0.0,0,0,0,,Halo effect upload
27927396,Courtney Thibodeaux,lachiccouture,2026-09,https://www.youtube.com/shorts/HD_AILn-I84,YouTube,2026-09-12 12:57:27,No,No,,False,0.0,0.0,0.0,0,0,0,,Halo effect upload
27927396,Courtney Thibodeaux,124293810982739,2026-09,https://www.facebook.com/reel/1396809345971604/,Instagram,2026-09-12 12:56:25,Yes,No,,False,0.0,0.0,0.0,0,0,0,,Halo effect upload
27927396,Courtney Thibodeaux,lachiccouture,2026-09,https://tiktok.com/@lachiccouture/video/7684739253850426637/,TikTok,2026-09-12 12:53:29,Yes,No,,False,0.0,0.0,0.0,0,0,0,,Halo effect upload
27927396,Courtney Thibodeaux,lachiccouture,2026-09,https://www.instagram.com/reel/DdMyVaoJJjx,Instagram,2026-09-12 12:56:05,Yes,No,,False,0.0,0.0,0.0,0,0,0,,Halo effect upload
27927396,Courtney Thibodeaux,lachiccouture,2026-09,https://www.instagram.com/reel/DdMyP_fpMAf,Instagram,2026-09-12 12:55:37,Yes,No,,False,0.0,0.0,0.0,0,0,0,,Halo effect upload
27927396,Courtney Thibodeaux,124293810982739,2026-09,https://www.facebook.com/reel/1117526064178640/,Instagram,2026-09-26 16:20:40,Yes,No,,False,0.0,0.0,0.0,0,0,0,,Halo effect upload
27927396,Courtney Thibodeaux,lachiccouture,2026-09,https://www.instagram.com/reel/DdxMwVWp2L8,Instagram,2026-09-26 16:19:35,Yes,No,,False,0.0,0.0,0.0,0,0,0,,Halo effect upload
27927396,Courtney Thibodeaux,lachiccouture,2026-09,https://www.instagram.com/reel/DdxMyteJCh3,Instagram,2026-09-26 16:20:12,Yes,No,,False,0.0,0.0,0.0,0,0,0,,Halo effect upload
27927396,Courtney Thibodeaux,lachiccouture,2026-09,https://tiktok.com/@lachiccouture/video/7689986730883157261/,TikTok,2026-09-26 16:16:10,Yes,No,,False,0.0,0.0,0.0,0,0,0,,Halo effect upload
27927396,Courtney Thibodeaux,lachiccouture,2026-09,https://www.youtube.com/shorts/_Zx7SE_mCeM,YouTube,2026-09-28 11:49:42,No,No,,False,0.0,0.0,0.0,0,0,0,,Halo effect upload
27927396,Courtney Thibodeaux,124293810982739,2026-09,https://www.facebook.com/reel/2989612234712767/,Instagram,2026-09-28 11:48:14,Yes,No,,False,0.0,0.0,0.0,0,0,0,,Halo effect upload
27927396,Courtney Thibodeaux,lachiccouture,2026-09,https://www.instagram.com/reel/Dd13ODsJfad,Instagram,2026-09-28 11:47:51,Yes,No,,False,0.0,0.0,0.0,0,0,0,,Halo effect upload
27927396,Courtney Thibodeaux,lachiccouture,2026-09,https://www.instagram.com/reel/Dd13FapJEKG,Instagram,2026-09-28 11:47:14,Yes,No,,False,0.0,0.0,0.0,0,0,0,,Halo effect upload
27927396,Courtney Thibodeaux,lachiccouture,2026-09,https://tiktok.com/@lachiccouture/video/7690659070138666254/,TikTok,2026-09-28 11:45:26,Yes,No,,False,0.0,0.0,0.0,0,0,0,,Halo effect upload
24669814,Cris Zaragoza,bycriszaragoza,2026-07,https://static-resources.creatoriq.com/instagram-stories/thumbs/3947159178346930237.jpg,,2026-07-22 15:07:42,Yes,No,,False,0.0,0.0,0.0,0,0,0,,Halo effect upload
24669814,Cris Zaragoza,bycriszaragoza,2026-08,https://static-resources.creatoriq.com/instagram-stories/thumbs/3960384309792455201.jpg,,2026-08-09 21:03:41,Yes,No,,False,0.0,0.0,0.0,0,0,0,,Halo effect upload
24669814,Cris Zaragoza,bycriszaragoza,2026-08,https://static-resources.creatoriq.com/instagram-stories/thumbs/3967293722055898014.jpg,,2026-08-19 09:51:27,Yes,No,,False,0.0,0.0,0.0,0,0,0,,Halo effect upload
24669814,Cris Zaragoza,Bycriszaragoza,2026-08,https://www.facebook.com/reel/1862952341729406/,Instagram,2026-08-19 09:00:33,Yes,No,,False,0.0,0.0,0.0,0,0,0,,Halo effect upload
24669814,Cris Zaragoza,bycriszaragoza,2026-08,https://www.instagram.com/reel/DcOkRClpOX-,Instagram,2026-08-19 09:00:05,Yes,No,,False,0.0,0.0,0.0,0,0,0,,Halo effect upload
24669814,Cris Zaragoza,bycriszaragoza,2026-09,https://www.instagram.com/reel/DdCsDOoSkTC,Instagram,2026-09-08 14:53:32,Yes,No,,False,0.0,0.0,0.0,0,0,0,,Halo effect upload
24669814,Cris Zaragoza,Bycriszaragoza,2026-09,https://www.facebook.com/reel/4433349313588981/,Instagram,2026-09-08 16:19:16,Yes,No,,False,0.0,0.0,0.0,0,0,0,,Halo effect upload
24669814,Cris Zaragoza,Bycriszaragoza,2026-09,https://www.facebook.com/Bycriszaragoza/posts/1463656882238613,,2026-09-08 16:14:28,No,No,,False,0.0,0.0,0.0,0,0,0,,Halo effect upload
24669814,Cris Zaragoza,bycriszaragoza,2026-09,https://www.instagram.com/reel/DdKIx5cS4fP,Instagram,2026-09-11 12:18:21,Yes,No,,False,0.0,0.0,0.0,0,0,0,,Halo effect upload
24669814,Cris Zaragoza,Bycriszaragoza,2026-09,https://www.facebook.com/reel/1726967011935659/,Instagram,2026-09-11 12:24:24,Yes,No,,False,0.0,0.0,0.0,0,0,0,,Halo effect upload
24669814,Cris Zaragoza,bycriszaragoza,2026-09,https://www.instagram.com/p/DdcLDIfSao8/,Instagram,2026-09-18 12:24:42,Yes,No,,False,0.0,0.0,0.0,0,0,0,,Halo effect upload
24445806,Crystal Hanson,ChronicleinthePines,2026-08,https://www.facebook.com/ChronicleinthePines/posts/1650735647059767,,2026-08-24 05:36:28,Yes,No,,False,0.0,0.0,0.0,0,0,0,,Halo effect upload
24445806,Crystal Hanson,crystalhanson.home,2026-08,https://www.instagram.com/reel/DcbDfWXRJh7,Instagram,2026-08-24 05:36:15,Yes,Yes,,False,0.0,0.0,0.0,0,0,0,,Halo effect upload
24445806,Crystal Hanson,crystalhanson4,2026-08,https://www.pinterest.com/pin/179018153933288613/,,2026-08-24 17:14:30,Yes,Yes,,False,0.0,0.0,0.0,0,0,0,,Halo effect upload
28872637,Dana Cole,designdetailsbydana,2026-07,https://www.instagram.com/p/Dafd8QyFko_,Instagram,2026-07-07 05:29:02,Yes,No,,False,0.0,0.0,0.0,0,0,0,,Halo effect upload
28872637,Dana Cole,designdetailsbydana,2026-07,https://www.pinterest.com/pin/917256649325072621/,,2026-07-07 10:26:33,Yes,No,,False,0.0,0.0,0.0,0,0,0,,Halo effect upload
28872637,Dana Cole,designdetailsbydana,2026-07,https://www.instagram.com/reel/DbJubaQxcqn,Instagram,2026-07-23 15:27:24,Yes,No,,False,0.0,0.0,0.0,0,0,0,,Halo effect upload
28872637,Dana Cole,designdetailsbydana,2026-07,https://www.pinterest.com/pin/917256649325749010/,,2026-07-29 05:33:44,Yes,No,,False,0.0,0.0,0.0,0,0,0,,Halo effect upload
28872637,Dana Cole,designdetailsbydana,2026-07,https://www.instagram.com/p/DbdRq47xtgZ/,Instagram,2026-07-31 05:35:42,Yes,Yes,,False,0.0,0.0,0.0,0,0,0,,Halo effect upload
28872637,Dana Cole,designdetailsbydana,2026-07,https://www.facebook.com/reel/1703451744100784/,Instagram,2026-07-31 05:36:03,Yes,No,,False,0.0,0.0,0.0,0,0,0,,Halo effect upload
28872637,Dana Cole,designdetailsbydana,2026-08,https://www.instagram.com/reel/DbyLfqURAi3,Instagram,2026-08-08 08:25:49,Yes,No,,False,0.0,0.0,0.0,0,0,0,,Halo effect upload
28872637,Dana Cole,designdetailsbydana,2026-08,https://www.facebook.com/reel/1369131024603843/,Instagram,2026-08-08 08:52:38,Yes,No,,False,0.0,0.0,0.0,0,0,0,,Halo effect upload
28872637,Dana Cole,designdetailsbydana,2026-08,https://www.pinterest.com/pin/917256649326065166/,,2026-08-08 08:50:03,Yes,Yes,,False,0.0,0.0,0.0,0,0,0,,Halo effect upload
28872637,Dana Cole,designdetailsbydana,2026-08,https://www.instagram.com/p/DcV_6QFxdw9/,Instagram,2026-08-22 06:18:14,Yes,No,,False,0.0,0.0,0.0,0,0,0,,Halo effect upload
28872637,Dana Cole,designdetailsbydana,2026-08,https://www.facebook.com/reel/2882910608750518/,Instagram,2026-08-22 06:24:59,Yes,No,,False,0.0,0.0,0.0,0,0,0,,Halo effect upload
28872637,Dana Cole,designdetailsbydana,2026-08,https://www.pinterest.com/pin/917256649326735883/,,2026-08-29 11:25:49,Yes,No,,False,0.0,0.0,0.0,0,0,0,,Halo effect upload
28872637,Dana Cole,designdetailsbydana,2026-08,https://www.instagram.com/reel/DctFcFDxPre,Instagram,2026-08-31 05:28:32,Yes,No,,False,0.0,0.0,0.0,0,0,0,,Halo effect upload
28872637,Dana Cole,designdetailsbydana,2026-09,https://www.instagram.com/p/DdBr9FTRdWN/,Instagram,2026-09-08 05:29:36,Yes,Yes,,False,0.0,0.0,0.0,0,0,0,,Halo effect upload
28872637,Dana Cole,designdetailsbydana,2026-09,https://www.instagram.com/p/Ddq4UDfxZX8,Instagram,2026-09-24 05:25:27,Yes,No,,False,0.0,0.0,0.0,0,0,0,,Halo effect upload
24241209,Dana Vento,dana.vento,2026-07,https://www.instagram.com/reel/DbWSnbsKspM,Instagram,2026-07-28 12:28:48,Yes,No,,False,0.0,0.0,0.0,0,0,0,,Halo effect upload
24241209,Dana Vento,dana.vento,2026-08,https://www.instagram.com/p/DcomRAPKvNf/,Instagram,2026-08-29 11:38:07,Yes,No,,False,0.0,0.0,0.0,0,0,0,,Halo effect upload
24241209,Dana Vento,danavento,2026-08,https://tiktok.com/@danavento/video/7679516171208576286/,TikTok,2026-08-29 11:05:08,Yes,No,,False,0.0,0.0,0.0,0,0,0,,Halo effect upload
24241209,Dana Vento,dana.vento,2026-09,https://www.instagram.com/reel/DdwP-fOqDcA,Instagram,2026-09-26 07:28:54,Yes,No,,False,0.0,0.0,0.0,0,0,0,,Halo effect upload
28431932,Danielle Marie,love.ellemarie,2026-07,https://tiktok.com/@love.ellemarie/video/7666475913160264973/,TikTok,2026-07-25 07:42:53,Yes,No,,False,0.0,0.0,0.0,0,0,0,,Halo effect upload
27047361,Daygia charles,acx3charles,2026-09,https://www.tiktok.com/@acx3charles/video/7685412302920666382,TikTok,2026-09-14 08:25:07,Yes,No,,False,0.0,0.0,0.0,0,0,0,,Halo effect upload
27047361,Daygia charles,acx3charles,2026-09,https://www.tiktok.com/@acx3charles/video/7685766668001217806,TikTok,2026-09-15 07:20:44,Yes,No,,False,0.0,0.0,0.0,0,0,0,,Halo effect upload
27047361,Daygia charles,acx3charles,2026-09,https://tiktok.com/@acx3charles/video/7688831076306865422/,TikTok,2026-09-23 13:32:01,Yes,No,,False,0.0,0.0,0.0,0,0,0,,Halo effect upload
27047361,Daygia charles,acx3charles,2026-09,https://tiktok.com/@acx3charles/video/7690026032677539085/,TikTok,2026-09-26 18:48:47,Yes,No,,False,0.0,0.0,0.0,0,0,0,,Halo effect upload
31261983,Dayna Godsey,daynacharie,2026-07,https://tiktok.com/@daynacharie/video/7667736667054296333/,TikTok,2026-07-28 17:14:55,Yes,No,,False,0.0,0.0,0.0,0,0,0,,Halo effect upload
31261983,Dayna Godsey,daynacharie,2026-09,https://tiktok.com/@daynacharie/video/7688101651038620942/,TikTok,2026-09-21 14:21:24,Yes,No,,False,0.0,0.0,0.0,0,0,0,,Halo effect upload
16461174,Daysha O'Pry,slaymamaday,2026-07,https://tiktok.com/@slaymamaday/video/7659959252294896927/,TikTok,2026-07-07 18:14:19,Yes,No,,False,0.0,0.0,0.0,0,0,0,,Halo effect upload
29064686,ddchambers10,lorddgreat,2026-07,https://tiktok.com/@lorddgreat/video/7659169617532767519/,TikTok,2026-07-05 15:10:10,Yes,No,,False,0.0,0.0,0.0,0,0,0,,Halo effect upload
29064686,ddchambers10,lorddgreat,2026-07,https://www.instagram.com/reel/DabXaUqve15,Instagram,2026-07-05 15:15:27,Yes,No,,False,0.0,0.0,0.0,0,0,0,,Halo effect upload
27177438,Delaney Zollman,basicallycontent,2026-08,https://www.instagram.com/reel/Db_bU7qRgKX,Instagram,2026-08-13 11:57:44,Yes,No,,False,0.0,0.0,0.0,0,0,0,,Halo effect upload
27177438,Delaney Zollman,basicallycontent,2026-08,https://www.instagram.com/reel/Db_jbmaRC_T,Instagram,2026-08-13 13:05:15,Yes,No,,False,0.0,0.0,0.0,0,0,0,,Halo effect upload
27177438,Delaney Zollman,basicallycontent,2026-08,https://www.instagram.com/reel/DcHukX3tGRt,Instagram,2026-08-16 17:15:51,Yes,No,,False,0.0,0.0,0.0,0,0,0,,Halo effect upload
27177438,Delaney Zollman,basicallycontent,2026-08,https://www.instagram.com/reel/DcHvNigNxR_,Instagram,2026-08-16 17:33:15,Yes,Yes,,False,0.0,0.0,0.0,0,0,0,,Halo effect upload
27177438,Delaney Zollman,basicallycontent,2026-08,https://www.tiktok.com/@basicallycontent/video/7675134392880106765,TikTok,2026-08-17 15:41:43,Yes,No,,False,0.0,0.0,0.0,0,0,0,,Halo effect upload
27177438,Delaney Zollman,basicallycontent,2026-09,https://www.instagram.com/reel/DdEtjBxtNFL,Instagram,2026-09-09 09:43:34,Yes,No,,False,0.0,0.0,0.0,0,0,0,,Halo effect upload
27177438,Delaney Zollman,basicallycontent,2026-09,https://www.instagram.com/reel/DdEuR1YNOWV,Instagram,2026-09-09 09:53:34,Yes,No,,False,0.0,0.0,0.0,0,0,0,,Halo effect upload
27177438,Delaney Zollman,basicallycontent,2026-09,https://www.instagram.com/reel/DdEv7MrRkSo,Instagram,2026-09-09 10:07:20,Yes,No,,False,0.0,0.0,0.0,0,0,0,,Halo effect upload
27177438,Delaney Zollman,basicallycontent,2026-09,https://www.instagram.com/reel/DdE0_ijxq-U,Instagram,2026-09-09 10:47:19,Yes,No,,False,0.0,0.0,0.0,0,0,0,,Halo effect upload
27177438,Delaney Zollman,basicallycontent,2026-09,https://www.instagram.com/reel/DdE1y5zRF12,Instagram,2026-09-09 10:56:02,Yes,No,,False,0.0,0.0,0.0,0,0,0,,Halo effect upload
27177438,Delaney Zollman,basicallycontent,2026-09,https://www.instagram.com/reel/DdE2jxHx8KP,Instagram,2026-09-09 10:59:41,Yes,No,,False,0.0,0.0,0.0,0,0,0,,Halo effect upload
27177438,Delaney Zollman,basicallycontent,2026-09,https://www.tiktok.com/@basicallycontent/video/7684007936380734734,TikTok,2026-09-10 13:35:28,Yes,No,,False,0.0,0.0,0.0,0,0,0,,Halo effect upload
23208944,Deone Watkins,thedeezignlab,2026-08,https://www.youtube.com/shorts/QSkJ5PTndGc,YouTube,2026-08-11 16:52:12,No,No,,False,0.0,0.0,0.0,0,0,0,,Halo effect upload
23208944,Deone Watkins,thedeezignlab,2026-08,https://tiktok.com/@thedeezignlab/video/7672920524623875342/,TikTok,2026-08-11 16:30:37,Yes,No,,False,0.0,0.0,0.0,0,0,0,,Halo effect upload
23208944,Deone Watkins,thedeezignlab,2026-09,https://tiktok.com/@thedeezignlab/video/7682585994993945869/,TikTok,2026-09-06 17:37:34,Yes,No,,False,0.0,0.0,0.0,0,0,0,,Halo effect upload
23208944,Deone Watkins,thedeezignlab,2026-09,https://www.instagram.com/reel/Dc9zLRFAn54,Instagram,2026-09-06 17:15:35,Yes,No,,False,0.0,0.0,0.0,0,0,0,,Halo effect upload
23208944,Deone Watkins,thedeezignlab,2026-09,https://www.instagram.com/p/DdAE7NMTHSD/,Instagram,2026-09-07 14:31:24,Yes,No,,False,0.0,0.0,0.0,0,0,0,,Halo effect upload
23208944,Deone Watkins,thedeezignlab,2026-09,https://www.tiktok.com/@thedeezignlab/video/7684755077629775118,TikTok,2026-09-12 13:54:53,Yes,No,,False,0.0,0.0,0.0,0,0,0,,Halo effect upload
26293507,Desiree Fairchild,destn8tion,2026-07,https://www.instagram.com/reel/Dau-WVAOlDD,Instagram,2026-07-13 06:05:29,Yes,No,,False,0.0,0.0,0.0,0,0,0,,Halo effect upload
26293507,Desiree Fairchild,destn8tion,2026-07,https://www.instagram.com/reel/Da0GqDwu_9l,Instagram,2026-07-15 05:54:21,Yes,No,,False,0.0,0.0,0.0,0,0,0,,Halo effect upload
26293507,Desiree Fairchild,destn8tion,2026-07,https://www.instagram.com/reel/DbLHGHUuSgG,Instagram,2026-07-24 04:19:03,Yes,No,,False,0.0,0.0,0.0,0,0,0,,Halo effect upload
26293507,Desiree Fairchild,destn8tion,2026-08,https://www.instagram.com/reel/DbnoSaGOPZC,Instagram,2026-08-04 06:08:49,Yes,No,,False,0.0,0.0,0.0,0,0,0,,Halo effect upload
26293507,Desiree Fairchild,destn8tion,2026-08,https://static-resources.creatoriq.com/instagram-stories/videos/3957867550641925012.mp4,,2026-08-06 09:43:13,Yes,No,,False,0.0,0.0,0.0,0,0,0,,Halo effect upload
26293507,Desiree Fairchild,destn8tion,2026-08,https://www.instagram.com/reel/Db8Fn8HuCZo,Instagram,2026-08-12 04:55:50,Yes,No,,False,0.0,0.0,0.0,0,0,0,,Halo effect upload
26293507,Desiree Fairchild,destn8tion,2026-09,https://www.instagram.com/p/Ddlq1e5jvf2,Instagram,2026-09-22 04:51:20,Yes,No,,False,0.0,0.0,0.0,0,0,0,,Halo effect upload
26293507,Desiree Fairchild,destn8tion,2026-09,https://static-resources.creatoriq.com/instagram-stories/videos/3991790035980398468.mp4,,2026-09-22 05:01:14,Yes,No,,False,0.0,0.0,0.0,0,0,0,,Halo effect upload
26813037,Destiny Alfonso,bydestinyalexandra,2026-09,https://static-resources.creatoriq.com/instagram-stories/videos/3977483773436613838.mp4,,2026-09-02 11:17:14,Yes,No,,False,0.0,0.0,0.0,0,0,0,,Halo effect upload
30498814,Devin Wyatt Johnson,devinawyatt,2026-07,https://static-resources.creatoriq.com/instagram-stories/videos/3936278049708624823.mp4,,2026-07-07 14:48:49,No,No,,False,0.0,0.0,0.0,0,0,0,,Halo effect upload
30498814,Devin Wyatt Johnson,devinawyatt,2026-07,https://www.instagram.com/reel/Dagb3dqsRYL,Instagram,2026-07-07 14:34:52,Yes,No,,False,0.0,0.0,0.0,0,0,0,,Halo effect upload
30498814,Devin Wyatt Johnson,devinawyatt,2026-07,https://tiktok.com/@devinawyatt/video/7659911259004996877/,TikTok,2026-07-07 15:08:22,Yes,No,,False,0.0,0.0,0.0,0,0,0,,Halo effect upload
30498814,Devin Wyatt Johnson,devinawyatt,2026-07,https://static-resources.creatoriq.com/instagram-stories/thumbs/3938145615131730906.jpg,,2026-07-10 04:39:22,Yes,No,,False,0.0,0.0,0.0,0,0,0,,Halo effect upload
30498814,Devin Wyatt Johnson,devinawyatt,2026-07,https://static-resources.creatoriq.com/instagram-stories/videos/3948545752590718864.mp4,,2026-07-24 13:02:34,Yes,No,,False,0.0,0.0,0.0,0,0,0,,Halo effect upload
30498814,Devin Wyatt Johnson,devinawyatt,2026-07,https://static-resources.creatoriq.com/instagram-stories/videos/3948537608930117921.mp4,,2026-07-24 12:46:12,Yes,No,,False,0.0,0.0,0.0,0,0,0,,Halo effect upload
30498814,Devin Wyatt Johnson,devinawyatt,2026-07,https://www.instagram.com/reel/DbMAVn2sgrh,Instagram,2026-07-24 12:39:11,Yes,No,,False,0.0,0.0,0.0,0,0,0,,Halo effect upload
30498814,Devin Wyatt Johnson,devinawyatt,2026-07,https://www.tiktok.com/@devinawyatt/video/7666188792415456525,TikTok,2026-07-24 13:08:04,Yes,No,,False,0.0,0.0,0.0,0,0,0,,Halo effect upload
30498814,Devin Wyatt Johnson,devinwyattjohnson,2026-07,https://www.youtube.com/shorts/mi_WwHPwSMM,YouTube,2026-07-24 15:15:20,Yes,No,,False,0.0,0.0,0.0,0,0,0,,Halo effect upload
30498814,Devin Wyatt Johnson,devinwyattjohnson,2026-07,https://www.youtube.com/shorts/p2E_Y3soMtY,YouTube,2026-07-27 14:11:04,Yes,No,,False,0.0,0.0,0.0,0,0,0,,Halo effect upload
30498814,Devin Wyatt Johnson,devinwyattjohnson,2026-07,https://www.youtube.com/shorts/Dja62loEGo0,YouTube,2026-07-28 06:00:12,Yes,No,,False,0.0,0.0,0.0,0,0,0,,Halo effect upload
30498814,Devin Wyatt Johnson,devinawyatt,2026-08,https://www.instagram.com/reel/DcQ9Sc9Dtr1,Instagram,2026-08-20 07:17:46,Yes,No,,False,0.0,0.0,0.0,0,0,0,,Halo effect upload
30498814,Devin Wyatt Johnson,devinawyatt,2026-08,https://static-resources.creatoriq.com/instagram-stories/videos/3968122699754784971.mp4,,2026-08-20 13:18:28,Yes,No,,False,0.0,0.0,0.0,0,0,0,,Halo effect upload
30498814,Devin Wyatt Johnson,devinwyattjohnson,2026-08,https://www.youtube.com/shorts/IPEYQs0FoWY,YouTube,2026-08-21 04:56:44,Yes,No,,False,0.0,0.0,0.0,0,0,0,,Halo effect upload
30498814,Devin Wyatt Johnson,devinawyatt,2026-08,https://tiktok.com/@devinawyatt/video/7676449845346979085/,TikTok,2026-08-21 04:46:17,Yes,No,,False,0.0,0.0,0.0,0,0,0,,Halo effect upload
30642476,Diala Jaghab,arabellasourglow,2026-07,https://www.instagram.com/reel/Dan-XAXBe17,Instagram,2026-07-10 12:48:28,Yes,No,,False,0.0,0.0,0.0,0,0,0,,Halo effect upload
30642476,Diala Jaghab,arabellasourglow,2026-07,https://www.instagram.com/reel/DaoOnipBCWn,Instagram,2026-07-10 15:11:02,Yes,No,,False,0.0,0.0,0.0,0,0,0,,Halo effect upload
30642476,Diala Jaghab,arabellasourglow,2026-07,https://www.instagram.com/reel/DbUfB_BRhdf,Instagram,2026-07-27 19:39:04,Yes,Yes,,False,0.0,0.0,0.0,0,0,0,,Halo effect upload
30642476,Diala Jaghab,arabellasourglow,2026-08,https://www.instagram.com/reel/DblQ1bMxaep,Instagram,2026-08-03 08:02:07,Yes,No,,False,0.0,0.0,0.0,0,0,0,,Halo effect upload
30642476,Diala Jaghab,arabellasourglow,2026-08,https://www.instagram.com/reel/Db_zAkvhOgH,Instagram,2026-08-13 15:20:45,Yes,No,,False,0.0,0.0,0.0,0,0,0,,Halo effect upload
30642476,Diala Jaghab,arabellasourglow,2026-08,https://www.instagram.com/p/DceNBnVRx_T/,Instagram,2026-08-25 10:49:13,Yes,No,,False,0.0,0.0,0.0,0,0,0,,Halo effect upload
30642476,Diala Jaghab,arabellasourglow,2026-08,https://www.instagram.com/reel/DcokKgMxM3h,Instagram,2026-08-29 11:23:04,Yes,No,,False,0.0,0.0,0.0,0,0,0,,Halo effect upload
30642476,Diala Jaghab,arabellasourglow,2026-08,https://www.instagram.com/p/DctjAlGxuhV/,Instagram,2026-08-31 09:49:53,Yes,Yes,,False,0.0,0.0,0.0,0,0,0,,Halo effect upload
30642476,Diala Jaghab,arabellasourglow,2026-08,https://www.instagram.com/p/DctkohYx0wB/,Instagram,2026-08-31 10:02:31,Yes,No,,False,0.0,0.0,0.0,0,0,0,,Halo effect upload
30642476,Diala Jaghab,arabellasourglow,2026-09,https://tiktok.com/@arabellasourglow/video/7680567807074913549/,TikTok,2026-09-01 07:06:18,Yes,No,,False,0.0,0.0,0.0,0,0,0,,Halo effect upload
30642476,Diala Jaghab,arabellasourglow,2026-09,https://tiktok.com/@arabellasourglow/video/7680569106927504653/,TikTok,2026-09-01 07:11:30,Yes,No,,False,0.0,0.0,0.0,0,0,0,,Halo effect upload
30642476,Diala Jaghab,arabellasourglow,2026-09,https://www.instagram.com/p/Dc6OEOYxcsd/,Instagram,2026-09-05 07:56:12,Yes,No,,False,0.0,0.0,0.0,0,0,0,,Halo effect upload
30642476,Diala Jaghab,arabellasourglow,2026-09,https://www.instagram.com/reel/DdEZ4PmRf5C,Instagram,2026-09-09 06:49:35,Yes,No,,False,0.0,0.0,0.0,0,0,0,,Halo effect upload
30642476,Diala Jaghab,arabellasourglow,2026-09,https://www.instagram.com/reel/DdpJo0KBno4,Instagram,2026-09-23 13:19:25,Yes,No,,False,0.0,0.0,0.0,0,0,0,,Halo effect upload
32931859,domnicoleluv,domnicole3,2026-07,https://www.tiktok.com/@domnicole3/video/7662594158812597517,TikTok,2026-07-14 20:39:24,Yes,No,,False,0.0,0.0,0.0,0,0,0,,Halo effect upload
28996523,DONTCH Charles,merch1one1,2026-07,https://www.instagram.com/p/DaRF38rRVN3/,Instagram,2026-07-01 15:29:39,Yes,No,,False,0.0,0.0,0.0,0,0,0,,Halo effect upload
28996523,DONTCH Charles,dontchyouknowme,2026-07,https://www.youtube.com/shorts/QDAOV3WP03M,YouTube,2026-07-01 15:35:16,Yes,No,,False,0.0,0.0,0.0,0,0,0,,Halo effect upload
28996523,DONTCH Charles,faroloop5,2026-07,https://tiktok.com/@faroloop5/video/7657691511525526814/,TikTok,2026-07-01 15:34:19,Yes,No,,False,0.0,0.0,0.0,0,0,0,,Halo effect upload
28996523,DONTCH Charles,dontchyouknowme,2026-07,https://www.youtube.com/shorts/uWsHgfT45Yw,YouTube,2026-07-02 15:41:45,Yes,No,,False,0.0,0.0,0.0,0,0,0,,Halo effect upload
28996523,DONTCH Charles,merch1one1,2026-07,https://www.instagram.com/p/DaTrphvR1FW/,Instagram,2026-07-02 15:38:22,Yes,No,,False,0.0,0.0,0.0,0,0,0,,Halo effect upload
28996523,DONTCH Charles,faroloop5,2026-07,https://tiktok.com/@faroloop5/video/7658064272056077598/,TikTok,2026-07-02 15:40:43,Yes,No,,False,0.0,0.0,0.0,0,0,0,,Halo effect upload
28996523,DONTCH Charles,dontchyouknowme,2026-07,https://www.youtube.com/shorts/5pS-J-sF6as,YouTube,2026-07-04 09:39:26,Yes,No,,False,0.0,0.0,0.0,0,0,0,,Halo effect upload
28996523,DONTCH Charles,merch1one1,2026-07,https://www.instagram.com/reel/DaYLiT4xgZe,Instagram,2026-07-04 09:33:59,Yes,No,,False,0.0,0.0,0.0,0,0,0,,Halo effect upload
28996523,DONTCH Charles,faroloop5,2026-07,https://tiktok.com/@faroloop5/video/7658712993588448542/,TikTok,2026-07-04 09:38:13,Yes,No,,False,0.0,0.0,0.0,0,0,0,,Halo effect upload
28996523,DONTCH Charles,merch1one1,2026-07,https://www.instagram.com/reel/Dad9FprRezZ,Instagram,2026-07-06 15:23:01,Yes,No,,False,0.0,0.0,0.0,0,0,0,,Halo effect upload
28996523,DONTCH Charles,dontchyouknowme,2026-07,https://www.youtube.com/shorts/PFce9HGpyLY,YouTube,2026-07-06 15:27:59,Yes,No,,False,0.0,0.0,0.0,0,0,0,,Halo effect upload
28996523,DONTCH Charles,faroloop5,2026-07,https://tiktok.com/@faroloop5/video/7659553826013318431/,TikTok,2026-07-06 16:01:06,Yes,No,,False,0.0,0.0,0.0,0,0,0,,Halo effect upload
28996523,DONTCH Charles,merch1one1,2026-07,https://www.instagram.com/reel/DajKQm1R9ic,Instagram,2026-07-08 15:54:13,Yes,No,,False,0.0,0.0,0.0,0,0,0,,Halo effect upload
28996523,DONTCH Charles,faroloop5,2026-07,https://tiktok.com/@faroloop5/video/7660295217383230750/,TikTok,2026-07-08 15:58:03,Yes,No,,False,0.0,0.0,0.0,0,0,0,,Halo effect upload
28996523,DONTCH Charles,faroloop5,2026-07,https://tiktok.com/@faroloop5/video/7661745726036233502/,TikTok,2026-07-12 13:46:49,Yes,No,,False,0.0,0.0,0.0,0,0,0,,Halo effect upload
28996523,DONTCH Charles,faroloop5,2026-07,https://tiktok.com/@faroloop5/video/7661771269624384799/,TikTok,2026-07-12 15:25:51,Yes,No,,False,0.0,0.0,0.0,0,0,0,,Halo effect upload
28996523,DONTCH Charles,merch1one1,2026-07,https://www.instagram.com/p/DatYX7PRKOY/,Instagram,2026-07-12 15:10:11,Yes,No,,False,0.0,0.0,0.0,0,0,0,,Halo effect upload
28996523,DONTCH Charles,merch1one1,2026-07,https://www.instagram.com/p/DatMuNDCS1F/,Instagram,2026-07-12 13:28:19,Yes,No,,False,0.0,0.0,0.0,0,0,0,,Halo effect upload
28996523,DONTCH Charles,dontchyouknowme,2026-07,https://www.youtube.com/shorts/F6yzoimyh3k,YouTube,2026-07-12 15:26:42,Yes,No,,False,0.0,0.0,0.0,0,0,0,,Halo effect upload
28996523,DONTCH Charles,dontchyouknowme,2026-07,https://www.youtube.com/shorts/q_raG-FScD8,YouTube,2026-07-12 13:48:24,Yes,No,,False,0.0,0.0,0.0,0,0,0,,Halo effect upload
28996523,DONTCH Charles,merch1one1,2026-07,https://www.instagram.com/reel/Da_HlS2iqRH,Instagram,2026-07-19 12:30:15,Yes,No,,False,0.0,0.0,0.0,0,0,0,,Halo effect upload
28996523,DONTCH Charles,dontchyouknowme,2026-07,https://www.youtube.com/shorts/chi0l14ZTnQ,YouTube,2026-07-19 12:34:43,Yes,No,,False,0.0,0.0,0.0,0,0,0,,Halo effect upload
28996523,DONTCH Charles,faroloop5,2026-07,https://tiktok.com/@faroloop5/video/7664324453509123358/,TikTok,2026-07-19 12:33:35,Yes,No,,False,0.0,0.0,0.0,0,0,0,,Halo effect upload
28996523,DONTCH Charles,dontchyouknowme,2026-07,https://www.youtube.com/shorts/UTc0NOOA9fc,YouTube,2026-07-25 15:35:09,Yes,No,,False,0.0,0.0,0.0,0,0,0,,Halo effect upload
28996523,DONTCH Charles,merch1one1,2026-07,https://www.instagram.com/reel/DbO4zyjROiZ,Instagram,2026-07-25 15:28:44,Yes,No,,False,0.0,0.0,0.0,0,0,0,,Halo effect upload
28996523,DONTCH Charles,faroloop5,2026-07,https://tiktok.com/@faroloop5/video/7666598069529480478/,TikTok,2026-07-25 15:36:19,Yes,No,,False,0.0,0.0,0.0,0,0,0,,Halo effect upload
28996523,DONTCH Charles,merch1one1,2026-07,https://www.instagram.com/reel/DbSKsPPurNI,Instagram,2026-07-26 22:03:07,Yes,No,,False,0.0,0.0,0.0,0,0,0,,Halo effect upload
28996523,DONTCH Charles,dontchyouknowme,2026-07,https://www.youtube.com/watch?v=bD6UzseUr8Y,,2026-07-26 22:20:57,Yes,No,,False,0.0,0.0,0.0,0,0,0,,Halo effect upload
28996523,DONTCH Charles,merch1one1,2026-07,https://www.instagram.com/reel/DbT3C34iNbG,Instagram,2026-07-27 13:49:35,Yes,No,,False,0.0,0.0,0.0,0,0,0,,Halo effect upload
28996523,DONTCH Charles,dontchyouknowme,2026-07,https://www.youtube.com/shorts/5v-4WMWc5fY,YouTube,2026-07-27 13:55:27,Yes,No,,False,0.0,0.0,0.0,0,0,0,,Halo effect upload
28996523,DONTCH Charles,faroloop5,2026-07,https://tiktok.com/@faroloop5/video/7667314040758111519/,TikTok,2026-07-27 13:54:41,Yes,No,,False,0.0,0.0,0.0,0,0,0,,Halo effect upload
28996523,DONTCH Charles,faroloop5,2026-07,https://tiktok.com/@faroloop5/video/7667073669784407327/,TikTok,2026-07-26 22:21:46,Yes,No,,False,0.0,0.0,0.0,0,0,0,,Halo effect upload
28996523,DONTCH Charles,dontchyouknowme,2026-07,https://www.youtube.com/shorts/9LBG88DggFs,YouTube,2026-07-28 14:36:10,Yes,No,,False,0.0,0.0,0.0,0,0,0,,Halo effect upload
28996523,DONTCH Charles,merch1one1,2026-07,https://www.instagram.com/reel/DbWf6Asxgwq,Instagram,2026-07-28 14:25:08,Yes,No,,False,0.0,0.0,0.0,0,0,0,,Halo effect upload
28996523,DONTCH Charles,faroloop5,2026-07,https://tiktok.com/@faroloop5/video/7667695395736194334/,TikTok,2026-07-28 14:34:31,Yes,No,,False,0.0,0.0,0.0,0,0,0,,Halo effect upload
28996523,DONTCH Charles,merch1one1,2026-07,https://www.instagram.com/reel/DbY_cjoCeIa,Instagram,2026-07-29 13:38:58,Yes,No,,False,0.0,0.0,0.0,0,0,0,,Halo effect upload
28996523,DONTCH Charles,dontchyouknowme,2026-07,https://www.youtube.com/shorts/4Dj4GxDERQE,YouTube,2026-07-29 13:44:15,Yes,No,,False,0.0,0.0,0.0,0,0,0,,Halo effect upload
28996523,DONTCH Charles,faroloop5,2026-07,https://tiktok.com/@faroloop5/video/7668053265518480670/,TikTok,2026-07-29 13:43:20,Yes,No,,False,0.0,0.0,0.0,0,0,0,,Halo effect upload
28996523,DONTCH Charles,dontchyouknowme,2026-07,https://www.youtube.com/watch?v=SI4BLGj_ErM,,2026-07-31 13:50:15,Yes,No,,False,0.0,0.0,0.0,0,0,0,,Halo effect upload
28996523,DONTCH Charles,merch1one1,2026-07,https://www.instagram.com/reel/DbeJ-SdCTVh,Instagram,2026-07-31 13:47:06,Yes,No,,False,0.0,0.0,0.0,0,0,0,,Halo effect upload
28996523,DONTCH Charles,faroloop5,2026-07,https://tiktok.com/@faroloop5/video/7668798538377137438/,TikTok,2026-07-31 13:55:16,Yes,No,,False,0.0,0.0,0.0,0,0,0,,Halo effect upload
28996523,DONTCH Charles,merch1one1,2026-08,https://www.instagram.com/reel/DbjgFHBiA2F,Instagram,2026-08-02 15:36:33,Yes,No,,False,0.0,0.0,0.0,0,0,0,,Halo effect upload
28996523,DONTCH Charles,dontchyouknowme,2026-08,https://www.youtube.com/shorts/-5YeoQvPgqM,YouTube,2026-08-02 15:38:57,Yes,No,,False,0.0,0.0,0.0,0,0,0,,Halo effect upload
28996523,DONTCH Charles,faroloop5,2026-08,https://tiktok.com/@faroloop5/video/7669567579677101343/,TikTok,2026-08-02 15:39:38,Yes,No,,False,0.0,0.0,0.0,0,0,0,,Halo effect upload
28996523,DONTCH Charles,faroloop5,2026-08,https://tiktok.com/@faroloop5/video/7669568584862977311/,TikTok,2026-08-02 15:43:27,Yes,No,,False,0.0,0.0,0.0,0,0,0,,Halo effect upload
28996523,DONTCH Charles,dontchyouknowme,2026-08,https://www.youtube.com/shorts/ej1wm5xolPE,YouTube,2026-08-03 15:08:55,Yes,No,,False,0.0,0.0,0.0,0,0,0,,Halo effect upload
28996523,DONTCH Charles,merch1one1,2026-08,https://www.instagram.com/reel/DbmBDVUCoKp,Instagram,2026-08-03 15:03:45,Yes,No,,False,0.0,0.0,0.0,0,0,0,,Halo effect upload
28996523,DONTCH Charles,faroloop5,2026-08,https://tiktok.com/@faroloop5/video/7669931030677097758/,TikTok,2026-08-03 15:09:58,Yes,No,,False,0.0,0.0,0.0,0,0,0,,Halo effect upload
28996523,DONTCH Charles,faroloop5,2026-08,https://tiktok.com/@faroloop5/video/7669931318100217118/,TikTok,2026-08-03 15:11:03,Yes,No,,False,0.0,0.0,0.0,0,0,0,,Halo effect upload
28996523,DONTCH Charles,dontchyouknowme,2026-08,https://www.youtube.com/shorts/J6nwga7jMSA,YouTube,2026-08-04 14:52:54,Yes,No,,False,0.0,0.0,0.0,0,0,0,,Halo effect upload
28996523,DONTCH Charles,faroloop5,2026-08,https://tiktok.com/@faroloop5/video/7670297441467387166/,TikTok,2026-08-04 14:51:47,Yes,No,,False,0.0,0.0,0.0,0,0,0,,Halo effect upload
28996523,DONTCH Charles,merch1one1,2026-08,https://www.instagram.com/reel/DbokO_5iHN6,Instagram,2026-08-04 14:49:20,Yes,No,,False,0.0,0.0,0.0,0,0,0,,Halo effect upload
28996523,DONTCH Charles,dontchyouknowme,2026-08,https://www.youtube.com/shorts/FOILuELBFsc,YouTube,2026-08-05 16:18:45,Yes,No,,False,0.0,0.0,0.0,0,0,0,,Halo effect upload
28996523,DONTCH Charles,merch1one1,2026-08,https://www.instagram.com/reel/DbrS3hgi6ZL,Instagram,2026-08-05 16:15:06,Yes,No,,False,0.0,0.0,0.0,0,0,0,,Halo effect upload
28996523,DONTCH Charles,faroloop5,2026-08,https://tiktok.com/@faroloop5/video/7670692615238470943/,TikTok,2026-08-05 16:25:07,Yes,No,,False,0.0,0.0,0.0,0,0,0,,Halo effect upload
28996523,DONTCH Charles,merch1one1,2026-08,https://www.instagram.com/reel/DbuBZyWMu-2,Instagram,2026-08-06 17:40:16,Yes,No,,False,0.0,0.0,0.0,0,0,0,,Halo effect upload
28996523,DONTCH Charles,faroloop5,2026-08,https://tiktok.com/@faroloop5/video/7671084068024470815/,TikTok,2026-08-06 17:44:13,Yes,No,,False,0.0,0.0,0.0,0,0,0,,Halo effect upload
28996523,DONTCH Charles,dontchyouknowme,2026-08,https://www.youtube.com/shorts/q-JBfpSB4FQ,YouTube,2026-08-06 17:43:16,Yes,No,,False,0.0,0.0,0.0,0,0,0,,Halo effect upload
28996523,DONTCH Charles,dontchyouknowme,2026-08,https://www.youtube.com/shorts/Xm0Z8DK0BqI,YouTube,2026-08-07 14:00:55,Yes,No,,False,0.0,0.0,0.0,0,0,0,,Halo effect upload
28996523,DONTCH Charles,faroloop5,2026-08,https://tiktok.com/@faroloop5/video/7671397883865845023/,TikTok,2026-08-07 14:02:05,Yes,No,,False,0.0,0.0,0.0,0,0,0,,Halo effect upload
28996523,DONTCH Charles,merch1one1,2026-08,https://www.instagram.com/reel/DbwMl7aiLBU,Instagram,2026-08-07 13:58:08,Yes,No,,False,0.0,0.0,0.0,0,0,0,,Halo effect upload
28996523,DONTCH Charles,merch1one1,2026-08,https://www.instagram.com/reel/Dbyx2ggicPI,Instagram,2026-08-08 14:00:26,Yes,No,,False,0.0,0.0,0.0,0,0,0,,Halo effect upload
28996523,DONTCH Charles,dontchyouknowme,2026-08,https://www.youtube.com/shorts/DW0egmabcEY,YouTube,2026-08-08 14:04:09,Yes,No,,False,0.0,0.0,0.0,0,0,0,,Halo effect upload
28996523,DONTCH Charles,faroloop5,2026-08,https://tiktok.com/@faroloop5/video/7671769842281614622/,TikTok,2026-08-08 14:05:25,Yes,No,,False,0.0,0.0,0.0,0,0,0,,Halo effect upload
28996523,DONTCH Charles,dontchyouknowme,2026-08,https://www.youtube.com/shorts/QShmEJ08jpQ,YouTube,2026-08-09 14:12:06,Yes,No,,False,0.0,0.0,0.0,0,0,0,,Halo effect upload
28996523,DONTCH Charles,merch1one1,2026-08,https://www.instagram.com/p/Db1XO1QqMKY/,Instagram,2026-08-09 14:07:03,Yes,No,,False,0.0,0.0,0.0,0,0,0,,Halo effect upload
28996523,DONTCH Charles,faroloop5,2026-08,https://tiktok.com/@faroloop5/video/7672142166835105055/,TikTok,2026-08-09 14:10:19,Yes,No,,False,0.0,0.0,0.0,0,0,0,,Halo effect upload
28996523,DONTCH Charles,dontchyouknowme,2026-08,https://www.youtube.com/shorts/l1R6xRb12P8,YouTube,2026-08-10 14:32:55,Yes,No,,False,0.0,0.0,0.0,0,0,0,,Halo effect upload
28996523,DONTCH Charles,faroloop5,2026-08,https://tiktok.com/@faroloop5/video/7672519329086246174/,TikTok,2026-08-10 14:33:53,Yes,No,,False,0.0,0.0,0.0,0,0,0,,Halo effect upload
28996523,DONTCH Charles,merch1one1,2026-08,https://www.instagram.com/reel/Db3-zG2C1X8,Instagram,2026-08-10 14:29:48,Yes,No,,False,0.0,0.0,0.0,0,0,0,,Halo effect upload
28996523,DONTCH Charles,merch1one1,2026-08,https://www.instagram.com/reel/Db6vTVsiZ0W,Instagram,2026-08-11 16:13:01,Yes,No,,False,0.0,0.0,0.0,0,0,0,,Halo effect upload
28996523,DONTCH Charles,dontchyouknowme,2026-08,https://www.youtube.com/shorts/kTw-5Pwniik,YouTube,2026-08-11 16:20:00,Yes,No,,False,0.0,0.0,0.0,0,0,0,,Halo effect upload
28996523,DONTCH Charles,dontchyouknowme,2026-08,https://www.youtube.com/shorts/0C4l9lNWlgM,YouTube,2026-08-11 16:22:06,Yes,No,,False,0.0,0.0,0.0,0,0,0,,Halo effect upload
28996523,DONTCH Charles,faroloop5,2026-08,https://tiktok.com/@faroloop5/video/7672918963692621086/,TikTok,2026-08-11 16:24:37,Yes,No,,False,0.0,0.0,0.0,0,0,0,,Halo effect upload
28996523,DONTCH Charles,merch1one1,2026-08,https://www.instagram.com/reel/Db9D-SBC9qK,Instagram,2026-08-12 13:51:05,Yes,No,,False,0.0,0.0,0.0,0,0,0,,Halo effect upload
28996523,DONTCH Charles,dontchyouknowme,2026-08,https://www.youtube.com/shorts/5nZuxA_ELls,YouTube,2026-08-12 13:56:08,Yes,No,,False,0.0,0.0,0.0,0,0,0,,Halo effect upload
28996523,DONTCH Charles,faroloop5,2026-08,https://tiktok.com/@faroloop5/video/7673251574935801119/,TikTok,2026-08-12 13:55:20,Yes,No,,False,0.0,0.0,0.0,0,0,0,,Halo effect upload
28996523,DONTCH Charles,dontchyouknowme,2026-08,https://www.youtube.com/watch?v=oITG0biEksk,,2026-08-14 04:01:21,Yes,No,,False,0.0,0.0,0.0,0,0,0,,Halo effect upload
28996523,DONTCH Charles,dontchyouknowme,2026-08,https://www.youtube.com/watch?v=mDDoMGNEtSs,,2026-08-14 04:23:04,Yes,No,,False,0.0,0.0,0.0,0,0,0,,Halo effect upload
28996523,DONTCH Charles,dontchyouknowme,2026-08,https://www.youtube.com/watch?v=JYXH4UVmfXc,,2026-08-13 18:18:18,Yes,No,,False,0.0,0.0,0.0,0,0,0,,Halo effect upload
28996523,DONTCH Charles,dontchyouknowme,2026-08,https://www.youtube.com/watch?v=4BCB7wJo4GM,,2026-08-14 04:07:56,Yes,No,,False,0.0,0.0,0.0,0,0,0,,Halo effect upload
28996523,DONTCH Charles,merch1one1,2026-08,https://www.instagram.com/reel/DcBJWasODD5,Instagram,2026-08-14 03:55:30,Yes,No,,False,0.0,0.0,0.0,0,0,0,,Halo effect upload
28996523,DONTCH Charles,merch1one1,2026-08,https://www.instagram.com/reel/DcBJ11rOq8X,Instagram,2026-08-14 03:59:20,Yes,No,,False,0.0,0.0,0.0,0,0,0,,Halo effect upload
28996523,DONTCH Charles,merch1one1,2026-08,https://www.instagram.com/reel/DcBIA-iO0Oy,Instagram,2026-08-14 03:43:49,Yes,No,,False,0.0,0.0,0.0,0,0,0,,Halo effect upload
28996523,DONTCH Charles,merch1one1,2026-08,https://www.instagram.com/reel/DcBJtjXueEQ,Instagram,2026-08-14 03:58:10,Yes,No,,False,0.0,0.0,0.0,0,0,0,,Halo effect upload
28996523,DONTCH Charles,merch1one1,2026-08,https://www.instagram.com/reel/DcBFdM0Odqs,Instagram,2026-08-14 03:21:51,Yes,No,,False,0.0,0.0,0.0,0,0,0,,Halo effect upload
28996523,DONTCH Charles,dontchyouknowme,2026-08,https://www.youtube.com/shorts/qjxvTDNrres,YouTube,2026-08-14 17:32:31,Yes,No,,False,0.0,0.0,0.0,0,0,0,,Halo effect upload
28996523,DONTCH Charles,dontchyouknowme,2026-08,https://www.youtube.com/shorts/DtX2vRHl3mM,YouTube,2026-08-14 17:02:35,Yes,No,,False,0.0,0.0,0.0,0,0,0,,Halo effect upload
28996523,DONTCH Charles,faroloop5,2026-08,https://tiktok.com/@faroloop5/video/7673845675871702302/,TikTok,2026-08-14 04:20:55,Yes,No,,False,0.0,0.0,0.0,0,0,0,,Halo effect upload
28996523,DONTCH Charles,faroloop5,2026-08,https://tiktok.com/@faroloop5/video/7673845840544288030/,TikTok,2026-08-14 04:21:43,Yes,No,,False,0.0,0.0,0.0,0,0,0,,Halo effect upload
28996523,DONTCH Charles,faroloop5,2026-08,https://tiktok.com/@faroloop5/video/7673841657162304799/,TikTok,2026-08-14 04:05:51,Yes,No,,False,0.0,0.0,0.0,0,0,0,,Halo effect upload
28996523,DONTCH Charles,faroloop5,2026-08,https://tiktok.com/@faroloop5/video/7674042848643190047/,TikTok,2026-08-14 17:05:54,Yes,No,,False,0.0,0.0,0.0,0,0,0,,Halo effect upload
28996523,DONTCH Charles,faroloop5,2026-08,https://tiktok.com/@faroloop5/video/7674098025244970271/,TikTok,2026-08-14 20:39:50,Yes,No,,False,0.0,0.0,0.0,0,0,0,,Halo effect upload
28996523,DONTCH Charles,merch1one1,2026-08,https://www.instagram.com/reel/DcCmRCNilN9,Instagram,2026-08-14 17:26:56,Yes,No,,False,0.0,0.0,0.0,0,0,0,,Halo effect upload
28996523,DONTCH Charles,merch1one1,2026-08,https://www.instagram.com/reel/DcChc3pip21,Instagram,2026-08-14 16:46:55,Yes,No,,False,0.0,0.0,0.0,0,0,0,,Halo effect upload
28996523,DONTCH Charles,merch1one1,2026-08,https://www.instagram.com/reel/DcD10uECLmh,Instagram,2026-08-15 05:02:25,Yes,No,,False,0.0,0.0,0.0,0,0,0,,Halo effect upload
28996523,DONTCH Charles,merch1one1,2026-08,https://www.instagram.com/reel/DcHuK_VKbTN,Instagram,2026-08-16 17:12:28,Yes,No,,False,0.0,0.0,0.0,0,0,0,,Halo effect upload
28996523,DONTCH Charles,dontchyouknowme,2026-08,https://www.youtube.com/shorts/9xi6couKDuM,YouTube,2026-08-17 15:14:47,Yes,No,,False,0.0,0.0,0.0,0,0,0,,Halo effect upload
28996523,DONTCH Charles,dontchyouknowme,2026-08,https://www.youtube.com/shorts/x8H0bZqzDgU,YouTube,2026-08-17 15:15:13,Yes,No,,False,0.0,0.0,0.0,0,0,0,,Halo effect upload
28996523,DONTCH Charles,merch1one1,2026-08,https://www.instagram.com/reel/DcKE-loCPJq,Instagram,2026-08-17 15:10:59,Yes,No,,False,0.0,0.0,0.0,0,0,0,,Halo effect upload
28996523,DONTCH Charles,faroloop5,2026-08,https://www.tiktok.com/@faroloop5/video/7675127767314238751,TikTok,2026-08-17 15:15:51,Yes,No,,False,0.0,0.0,0.0,0,0,0,,Halo effect upload
28996523,DONTCH Charles,merch1one1,2026-08,https://www.instagram.com/reel/DcNEadVMAsO,Instagram,2026-08-18 19:02:41,Yes,No,,False,0.0,0.0,0.0,0,0,0,,Halo effect upload
28996523,DONTCH Charles,faroloop5,2026-08,https://tiktok.com/@faroloop5/video/7675558505411104030/,TikTok,2026-08-18 19:07:25,Yes,No,,False,0.0,0.0,0.0,0,0,0,,Halo effect upload
28996523,DONTCH Charles,dontchyouknowme,2026-08,https://www.youtube.com/watch?v=Y7Fr114Trxs,,2026-08-18 19:05:14,Yes,No,,False,0.0,0.0,0.0,0,0,0,,Halo effect upload
28996523,DONTCH Charles,merch1one1,2026-08,https://www.instagram.com/reel/DcPG28sid5Z,Instagram,2026-08-19 14:03:13,Yes,No,,False,0.0,0.0,0.0,0,0,0,,Halo effect upload
28996523,DONTCH Charles,dontchyouknowme,2026-08,https://www.youtube.com/watch?v=WUBNWtFOuVw,,2026-08-19 14:11:09,Yes,No,,False,0.0,0.0,0.0,0,0,0,,Halo effect upload
28996523,DONTCH Charles,faroloop5,2026-08,https://www.tiktok.com/@faroloop5/video/7675852370210737438,TikTok,2026-08-19 14:07:42,Yes,No,,False,0.0,0.0,0.0,0,0,0,,Halo effect upload
28996523,DONTCH Charles,dontchyouknowme,2026-08,https://www.youtube.com/shorts/aR25P_gf9As,YouTube,2026-08-20 12:30:28,Yes,No,,False,0.0,0.0,0.0,0,0,0,,Halo effect upload
28996523,DONTCH Charles,merch1one1,2026-08,https://www.instagram.com/reel/DcRgnDMiWWz,Instagram,2026-08-20 12:27:23,Yes,No,,False,0.0,0.0,0.0,0,0,0,,Halo effect upload
28996523,DONTCH Charles,faroloop5,2026-08,https://tiktok.com/@faroloop5/video/7676200564799048990/,TikTok,2026-08-20 12:38:49,Yes,No,,False,0.0,0.0,0.0,0,0,0,,Halo effect upload
28996523,DONTCH Charles,faroloop5,2026-08,https://tiktok.com/@faroloop5/video/7676198135483354398/,TikTok,2026-08-20 12:29:22,Yes,No,,False,0.0,0.0,0.0,0,0,0,,Halo effect upload
28996523,DONTCH Charles,dontchyouknowme,2026-08,https://www.youtube.com/shorts/Lb6hNpPWBLc,YouTube,2026-08-22 16:44:42,Yes,No,,False,0.0,0.0,0.0,0,0,0,,Halo effect upload
28996523,DONTCH Charles,faroloop5,2026-08,https://tiktok.com/@faroloop5/video/7677005704577715487/,TikTok,2026-08-22 16:43:16,Yes,No,,False,0.0,0.0,0.0,0,0,0,,Halo effect upload
28996523,DONTCH Charles,merch1one1,2026-08,https://www.instagram.com/reel/DcXHE0viiX5,Instagram,2026-08-22 16:38:29,Yes,No,,False,0.0,0.0,0.0,0,0,0,,Halo effect upload
28996523,DONTCH Charles,dontchyouknowme,2026-08,https://www.youtube.com/shorts/u15Fathh1bw,YouTube,2026-08-23 17:26:58,Yes,No,,False,0.0,0.0,0.0,0,0,0,,Halo effect upload
28996523,DONTCH Charles,merch1one1,2026-08,https://www.instagram.com/p/DcZwkxlC-W4/,Instagram,2026-08-23 17:19:36,Yes,No,,False,0.0,0.0,0.0,0,0,0,,Halo effect upload
28996523,DONTCH Charles,faroloop5,2026-08,https://tiktok.com/@faroloop5/video/7677388680855588127/,TikTok,2026-08-23 17:29:20,Yes,No,,False,0.0,0.0,0.0,0,0,0,,Halo effect upload
28996523,DONTCH Charles,merch1one1,2026-08,https://www.instagram.com/reel/DchXxTSCmEB,Instagram,2026-08-26 16:18:58,Yes,No,,False,0.0,0.0,0.0,0,0,0,,Halo effect upload
28996523,DONTCH Charles,dontchyouknowme,2026-08,https://www.youtube.com/shorts/UrTU5qa5sCo,YouTube,2026-08-26 16:22:50,Yes,No,,False,0.0,0.0,0.0,0,0,0,,Halo effect upload
28996523,DONTCH Charles,faroloop5,2026-08,https://tiktok.com/@faroloop5/video/7678485275047218462/,TikTok,2026-08-26 16:24:43,Yes,No,,False,0.0,0.0,0.0,0,0,0,,Halo effect upload
28996523,DONTCH Charles,dontchyouknowme,2026-08,https://www.youtube.com/shorts/mfhZaioqucg,YouTube,2026-08-30 14:59:05,Yes,No,,False,0.0,0.0,0.0,0,0,0,,Halo effect upload
28996523,DONTCH Charles,dontchyouknowme,2026-08,https://www.youtube.com/shorts/Y42cI4IOMGs,YouTube,2026-08-30 14:58:17,Yes,No,,False,0.0,0.0,0.0,0,0,0,,Halo effect upload
28996523,DONTCH Charles,dontchyouknowme,2026-08,https://www.youtube.com/shorts/R5wGT1RQ-zs,YouTube,2026-08-30 14:58:52,Yes,No,,False,0.0,0.0,0.0,0,0,0,,Halo effect upload
28996523,DONTCH Charles,merch1one1,2026-08,https://www.instagram.com/reel/Dcrh9WOCzVv,Instagram,2026-08-30 14:58:20,Yes,No,,False,0.0,0.0,0.0,0,0,0,,Halo effect upload
28996523,DONTCH Charles,merch1one1,2026-08,https://www.instagram.com/reel/DcriiXkCHlH,Instagram,2026-08-30 15:03:34,Yes,No,,False,0.0,0.0,0.0,0,0,0,,Halo effect upload
28996523,DONTCH Charles,merch1one1,2026-08,https://www.instagram.com/reel/Dcri8O3irA1,Instagram,2026-08-30 15:07:36,Yes,No,,False,0.0,0.0,0.0,0,0,0,,Halo effect upload
28996523,DONTCH Charles,merch1one1,2026-08,https://www.instagram.com/reel/DcriHPuiqGC,Instagram,2026-08-30 15:00:33,Yes,No,,False,0.0,0.0,0.0,0,0,0,,Halo effect upload
28996523,DONTCH Charles,merch1one1,2026-08,https://www.instagram.com/reel/Dcrg9iwiNZn,Instagram,2026-08-30 14:50:22,Yes,No,,False,0.0,0.0,0.0,0,0,0,,Halo effect upload
28996523,DONTCH Charles,faroloop5,2026-08,https://tiktok.com/@faroloop5/video/7679951079865355550/,TikTok,2026-08-30 15:12:48,Yes,No,,False,0.0,0.0,0.0,0,0,0,,Halo effect upload
28996523,DONTCH Charles,faroloop5,2026-08,https://tiktok.com/@faroloop5/video/7679953214623550751/,TikTok,2026-08-30 15:21:07,Yes,No,,False,0.0,0.0,0.0,0,0,0,,Halo effect upload
28996523,DONTCH Charles,faroloop5,2026-08,https://tiktok.com/@faroloop5/video/7679951779752054047/,TikTok,2026-08-30 15:15:29,Yes,No,,False,0.0,0.0,0.0,0,0,0,,Halo effect upload
28996523,DONTCH Charles,faroloop5,2026-08,https://tiktok.com/@faroloop5/video/7680389423321632030/,TikTok,2026-08-31 19:33:45,Yes,No,,False,0.0,0.0,0.0,0,0,0,,Halo effect upload
28996523,DONTCH Charles,faroloop5,2026-08,https://tiktok.com/@faroloop5/video/7680389247358029087/,TikTok,2026-08-31 19:33:06,Yes,No,,False,0.0,0.0,0.0,0,0,0,,Halo effect upload
28996523,DONTCH Charles,merch1one1,2026-08,https://www.instagram.com/reel/Dcule-8MrWs,Instagram,2026-08-31 19:27:02,Yes,No,,False,0.0,0.0,0.0,0,0,0,,Halo effect upload
28996523,DONTCH Charles,merch1one1,2026-08,https://www.instagram.com/reel/DculsXyss4h,Instagram,2026-08-31 19:29:06,Yes,No,,False,0.0,0.0,0.0,0,0,0,,Halo effect upload
28996523,DONTCH Charles,dontchyouknowme,2026-08,https://www.youtube.com/shorts/s2cjmKAddRk,YouTube,2026-08-31 19:30:26,Yes,No,,False,0.0,0.0,0.0,0,0,0,,Halo effect upload
28996523,DONTCH Charles,dontchyouknowme,2026-08,https://www.youtube.com/shorts/2Kl9UhKPQ2M,YouTube,2026-08-31 19:30:03,Yes,No,,False,0.0,0.0,0.0,0,0,0,,Halo effect upload
28996523,DONTCH Charles,dontchyouknowme,2026-09,https://www.youtube.com/shorts/EiwvNivIbbM,YouTube,2026-09-03 16:54:50,Yes,No,,False,0.0,0.0,0.0,0,0,0,,Halo effect upload
28996523,DONTCH Charles,faroloop5,2026-09,https://tiktok.com/@faroloop5/video/7681461429488094494/,TikTok,2026-09-03 16:53:37,Yes,No,,False,0.0,0.0,0.0,0,0,0,,Halo effect upload
28996523,DONTCH Charles,merch1one1,2026-09,https://www.instagram.com/reel/Dc8L0VEidg6,Instagram,2026-09-06 02:11:49,Yes,No,,False,0.0,0.0,0.0,0,0,0,,Halo effect upload
28996523,DONTCH Charles,dontchyouknowme,2026-09,https://www.youtube.com/shorts/GFEhSbAa9kA,YouTube,2026-09-06 02:24:36,Yes,No,,False,0.0,0.0,0.0,0,0,0,,Halo effect upload
28996523,DONTCH Charles,faroloop5,2026-09,https://tiktok.com/@faroloop5/video/7682350086306794782/,TikTok,2026-09-06 02:23:07,Yes,No,,False,0.0,0.0,0.0,0,0,0,,Halo effect upload
28996523,DONTCH Charles,merch1one1,2026-09,https://www.instagram.com/reel/Dc_acu4Rpme,Instagram,2026-09-07 08:17:18,Yes,No,,False,0.0,0.0,0.0,0,0,0,,Halo effect upload
28996523,DONTCH Charles,dontchyouknowme,2026-09,https://www.youtube.com/shorts/Pfg5dJNS5cw,YouTube,2026-09-07 08:26:14,Yes,No,,False,0.0,0.0,0.0,0,0,0,,Halo effect upload
28996523,DONTCH Charles,faroloop5,2026-09,https://tiktok.com/@faroloop5/video/7682814080175852831/,TikTok,2026-09-07 08:22:40,Yes,No,,False,0.0,0.0,0.0,0,0,0,,Halo effect upload
28996523,DONTCH Charles,merch1one1,2026-09,https://www.instagram.com/reel/DdBB8A_i04o,Instagram,2026-09-07 23:21:54,Yes,No,,False,0.0,0.0,0.0,0,0,0,,Halo effect upload
28996523,DONTCH Charles,dontchyouknowme,2026-09,https://www.youtube.com/watch?v=kgSnRa0PNNI,,2026-09-07 23:25:36,Yes,No,,False,0.0,0.0,0.0,0,0,0,,Halo effect upload
28996523,DONTCH Charles,faroloop5,2026-09,https://tiktok.com/@faroloop5/video/7683046417325182239/,TikTok,2026-09-07 23:24:38,Yes,No,,False,0.0,0.0,0.0,0,0,0,,Halo effect upload
28996523,DONTCH Charles,dontchyouknowme,2026-09,https://www.youtube.com/shorts/3bwLpy0GV8o,YouTube,2026-09-09 14:02:14,Yes,No,,False,0.0,0.0,0.0,0,0,0,,Halo effect upload
28996523,DONTCH Charles,faroloop5,2026-09,https://tiktok.com/@faroloop5/video/7683643229211872543/,TikTok,2026-09-09 14:00:08,Yes,No,,False,0.0,0.0,0.0,0,0,0,,Halo effect upload
28996523,DONTCH Charles,merch1one1,2026-09,https://www.instagram.com/reel/DdFKZoEqIy9,Instagram,2026-09-09 13:53:50,Yes,No,,False,0.0,0.0,0.0,0,0,0,,Halo effect upload
28996523,DONTCH Charles,dontchyouknowme,2026-09,https://www.youtube.com/shorts/AA7L3g7IMXY,YouTube,2026-09-12 16:50:26,Yes,No,,False,0.0,0.0,0.0,0,0,0,,Halo effect upload
28996523,DONTCH Charles,faroloop5,2026-09,https://tiktok.com/@faroloop5/video/7684800995985067294/,TikTok,2026-09-12 16:52:55,Yes,No,,False,0.0,0.0,0.0,0,0,0,,Halo effect upload
28996523,DONTCH Charles,dontchyouknowme,2026-09,https://www.youtube.com/shorts/6AmEa7sSn9U,YouTube,2026-09-15 16:18:41,Yes,No,,False,0.0,0.0,0.0,0,0,0,,Halo effect upload
28996523,DONTCH Charles,merch1one1,2026-09,https://www.instagram.com/reel/DdU3YlViVkb,Instagram,2026-09-15 16:14:17,Yes,No,,False,0.0,0.0,0.0,0,0,0,,Halo effect upload
28996523,DONTCH Charles,faroloop5,2026-09,https://tiktok.com/@faroloop5/video/7685905210316754207/,TikTok,2026-09-15 16:17:51,Yes,No,,False,0.0,0.0,0.0,0,0,0,,Halo effect upload
28996523,DONTCH Charles,dontchyouknowme,2026-09,https://www.youtube.com/shorts/GsSjRaSJxdg,YouTube,2026-09-18 03:13:00,Yes,No,,False,0.0,0.0,0.0,0,0,0,,Halo effect upload
28996523,DONTCH Charles,merch1one1,2026-09,https://www.instagram.com/p/DdbKSe5RECW/,Instagram,2026-09-18 02:56:08,Yes,No,,False,0.0,0.0,0.0,0,0,0,,Halo effect upload
28996523,DONTCH Charles,faroloop5,2026-09,https://tiktok.com/@faroloop5/video/7686816437192641823/,TikTok,2026-09-18 03:13:52,Yes,No,,False,0.0,0.0,0.0,0,0,0,,Halo effect upload
28996523,DONTCH Charles,merch1one1,2026-09,https://www.instagram.com/reel/Ddhn7QWCAbq,Instagram,2026-09-20 15:09:14,Yes,No,,False,0.0,0.0,0.0,0,0,0,,Halo effect upload
28996523,DONTCH Charles,dontchyouknowme,2026-09,https://www.youtube.com/shorts/Nw4_a98jXys,YouTube,2026-09-20 15:14:54,Yes,No,,False,0.0,0.0,0.0,0,0,0,,Halo effect upload
28996523,DONTCH Charles,faroloop5,2026-09,https://tiktok.com/@faroloop5/video/7687743956754369822/,TikTok,2026-09-20 15:13:05,Yes,No,,False,0.0,0.0,0.0,0,0,0,,Halo effect upload
28996523,DONTCH Charles,merch1one1,2026-09,https://www.instagram.com/reel/DdoRviqRedv,Instagram,2026-09-23 05:10:42,Yes,No,,False,0.0,0.0,0.0,0,0,0,,Halo effect upload
28996523,DONTCH Charles,dontchyouknowme,2026-09,https://www.youtube.com/shorts/M46lkBOiBLg,YouTube,2026-09-23 05:23:04,Yes,No,,False,0.0,0.0,0.0,0,0,0,,Halo effect upload
28996523,DONTCH Charles,faroloop5,2026-09,https://tiktok.com/@faroloop5/video/7688704802234158366/,TikTok,2026-09-23 05:21:41,Yes,No,,False,0.0,0.0,0.0,0,0,0,,Halo effect upload
28996523,DONTCH Charles,dontchyouknowme,2026-09,https://www.youtube.com/shorts/aN-N3dH5qPs,YouTube,2026-09-26 13:34:18,Yes,No,,False,0.0,0.0,0.0,0,0,0,,Halo effect upload
28996523,DONTCH Charles,merch1one1,2026-09,https://www.instagram.com/p/Ddw5GkdqbI5/,Instagram,2026-09-26 13:29:38,Yes,No,,False,0.0,0.0,0.0,0,0,0,,Halo effect upload
28996523,DONTCH Charles,faroloop5,2026-09,https://tiktok.com/@faroloop5/video/7689945191322504479/,TikTok,2026-09-26 13:35:06,Yes,No,,False,0.0,0.0,0.0,0,0,0,,Halo effect upload
28873126,dymin collins,momof4homefinds,2026-08,https://www.pinterest.com/pin/1084312047819559799/,,2026-08-31 12:20:26,Yes,No,,False,0.0,0.0,0.0,0,0,0,,Halo effect upload
23198472,Dzanina Tahirovic,dzaninatahirovic,2026-07,https://www.instagram.com/reel/DavuT2gxCga,Instagram,2026-07-13 13:02:18,Yes,No,,False,0.0,0.0,0.0,0,0,0,,Halo effect upload
23198472,Dzanina Tahirovic,dzaninatahirovic,2026-07,https://www.instagram.com/reel/DbY9P9qR4hM,Instagram,2026-07-29 13:19:30,Yes,Yes,,False,0.0,0.0,0.0,0,0,0,,Halo effect upload
23198472,Dzanina Tahirovic,dzaninatahirovic,2026-09,https://www.instagram.com/p/DdReDs0RIzg/,Instagram,2026-09-14 08:37:50,Yes,Yes,,False,0.0,0.0,0.0,0,0,0,,Halo effect upload
23198472,Dzanina Tahirovic,dzaninatahirovic_,2026-09,https://www.tiktok.com/@dzaninatahirovic_/video/7685443530168290574,TikTok,2026-09-14 10:26:44,Yes,No,,False,0.0,0.0,0.0,0,0,0,,Halo effect upload
28398230,Elaine Batista,homebyelaine,2026-07,https://www.instagram.com/reel/DaQjp5YxUNF,Instagram,2026-07-01 10:31:32,Yes,No,,False,0.0,0.0,0.0,0,0,0,,Halo effect upload
28398230,Elaine Batista,homebyelaine,2026-07,https://www.instagram.com/reel/DasyjWbRrxd,Instagram,2026-07-12 09:41:10,Yes,No,,False,0.0,0.0,0.0,0,0,0,,Halo effect upload
28398230,Elaine Batista,elaine.batista19,2026-07,https://tiktok.com/@elaine.batista19/video/7663324471608036621/,TikTok,2026-07-16 19:53:01,Yes,No,,False,0.0,0.0,0.0,0,0,0,,Halo effect upload
28398230,Elaine Batista,homebyelaine,2026-08,https://www.instagram.com/reel/DbifUZlxgDv,Instagram,2026-08-02 06:11:32,Yes,No,,False,0.0,0.0,0.0,0,0,0,,Halo effect upload
28398230,Elaine Batista,elaine.batista19,2026-08,https://tiktok.com/@elaine.batista19/video/7669924308575210765/,TikTok,2026-08-03 14:43:46,Yes,No,,False,0.0,0.0,0.0,0,0,0,,Halo effect upload
25319007,Ella | Home decor | Healthy food | Toxic free living.,home.next.door,2026-09,https://www.instagram.com/reel/DdOv5QcOrS8,Instagram,2026-09-13 07:27:35,Yes,No,,False,0.0,0.0,0.0,0,0,0,,Halo effect upload
25319007,Ella | Home decor | Healthy food | Toxic free living.,home.next.door,2026-09,https://www.instagram.com/reel/DdUNxaGuS2w,Instagram,2026-09-15 10:18:37,Yes,No,,False,0.0,0.0,0.0,0,0,0,,Halo effect upload
25319007,Ella | Home decor | Healthy food | Toxic free living.,home.next.door,2026-09,https://static-resources.creatoriq.com/instagram-stories/videos/3988251729506454576.mp4,,2026-09-17 07:51:04,Yes,No,,False,0.0,0.0,0.0,0,0,0,,Halo effect upload
25319007,Ella | Home decor | Healthy food | Toxic free living.,home.next.door,2026-09,https://www.tiktok.com/@home.next.door/video/7688925346917338398,TikTok,2026-09-23 19:37:32,Yes,No,,False,0.0,0.0,0.0,0,0,0,,Halo effect upload
31882950,Emily Cohen,emscollectedhome,2026-07,https://www.instagram.com/p/DadGZGDgLXs/,Instagram,2026-07-06 07:31:19,Yes,No,,False,0.0,0.0,0.0,0,0,0,,Halo effect upload
31882950,Emily Cohen,emscollectedhome,2026-07,https://tiktok.com/@emscollectedhome/video/7659945678117899551/,TikTok,2026-07-07 17:21:42,Yes,No,,False,0.0,0.0,0.0,0,0,0,,Halo effect upload
31882950,Emily Cohen,emscollectedhome,2026-07,https://static-resources.creatoriq.com/instagram-stories/thumbs/3939961598154108968.jpg,,2026-07-12 16:47:24,Yes,No,,False,0.0,0.0,0.0,0,0,0,,Halo effect upload
31882950,Emily Cohen,emscollectedhome,2026-07,https://static-resources.creatoriq.com/instagram-stories/videos/3948341347874632323.mp4,,2026-07-24 06:16:25,Yes,No,,False,0.0,0.0,0.0,0,0,0,,Halo effect upload
31882950,Emily Cohen,emscollectedhome,2026-07,https://static-resources.creatoriq.com/instagram-stories/videos/3948338336070734378.mp4,,2026-07-24 06:10:27,Yes,No,,False,0.0,0.0,0.0,0,0,0,,Halo effect upload
31882950,Emily Cohen,emscollectedhome,2026-07,https://static-resources.creatoriq.com/instagram-stories/thumbs/3948339296703192505.jpg,,2026-07-24 06:12:23,Yes,No,,False,0.0,0.0,0.0,0,0,0,,Halo effect upload
31882950,Emily Cohen,emscollectedhome,2026-07,https://www.instagram.com/reel/DbLVLajtcQJ,Instagram,2026-07-24 06:22:32,Yes,No,,False,0.0,0.0,0.0,0,0,0,,Halo effect upload
31882950,Emily Cohen,emscollectedhome,2026-08,https://www.instagram.com/reel/Dbts-E4JSkU,Instagram,2026-08-06 14:45:59,Yes,Yes,,False,0.0,0.0,0.0,0,0,0,,Halo effect upload
31882950,Emily Cohen,emscollectedhome,2026-08,https://static-resources.creatoriq.com/instagram-stories/videos/3958051863735683755.mp4,,2026-08-06 15:49:28,Yes,No,,False,0.0,0.0,0.0,0,0,0,,Halo effect upload
31882950,Emily Cohen,emscollectedhome,2026-08,https://static-resources.creatoriq.com/instagram-stories/thumbs/3962441513965090865.jpg,,2026-08-12 17:10:59,Yes,No,,False,0.0,0.0,0.0,0,0,0,,Halo effect upload
31882950,Emily Cohen,emscollectedhome,2026-08,https://static-resources.creatoriq.com/instagram-stories/thumbs/3965204963015320266.jpg,,2026-08-16 12:41:27,Yes,No,,False,0.0,0.0,0.0,0,0,0,,Halo effect upload
31882950,Emily Cohen,emscollectedhome,2026-08,https://www.instagram.com/reel/DcMiCPSJOSD,Instagram,2026-08-18 14:07:00,Yes,Yes,,False,0.0,0.0,0.0,0,0,0,,Halo effect upload
31882950,Emily Cohen,emscollectedhome,2026-08,https://static-resources.creatoriq.com/instagram-stories/thumbs/3971063485791895382.jpg,,2026-08-24 14:41:18,Yes,No,,False,0.0,0.0,0.0,0,0,0,,Halo effect upload
31882950,Emily Cohen,emscollectedhome,2026-09,https://www.instagram.com/reel/DcwdY9KpiLR,Instagram,2026-09-01 12:58:24,Yes,No,,False,0.0,0.0,0.0,0,0,0,,Halo effect upload
31882950,Emily Cohen,emscollectedhome,2026-09,https://tiktok.com/@emscollectedhome/video/7680659827906841886/,TikTok,2026-09-01 13:03:07,Yes,No,,False,0.0,0.0,0.0,0,0,0,,Halo effect upload
31882950,Emily Cohen,emscollectedhome,2026-09,https://static-resources.creatoriq.com/instagram-stories/videos/3980308481764579519.mp4,,2026-09-06 08:49:22,Yes,No,,False,0.0,0.0,0.0,0,0,0,,Halo effect upload
31882950,Emily Cohen,emscollectedhome,2026-09,https://static-resources.creatoriq.com/instagram-stories/thumbs/3985385574427520223.jpg,,2026-09-13 08:56:44,Yes,No,,False,0.0,0.0,0.0,0,0,0,,Halo effect upload
31882950,Emily Cohen,emscollectedhome,2026-09,https://static-resources.creatoriq.com/instagram-stories/videos/3987747092667384175.mp4,,2026-09-16 15:08:32,Yes,No,,False,0.0,0.0,0.0,0,0,0,,Halo effect upload
31882950,Emily Cohen,emscollectedhome,2026-09,https://tiktok.com/@emscollectedhome/video/7686261721962401055/,TikTok,2026-09-16 15:21:12,Yes,No,,False,0.0,0.0,0.0,0,0,0,,Halo effect upload
31882950,Emily Cohen,emscollectedhome,2026-09,https://www.instagram.com/reel/DdoeC0ZteYy,Instagram,2026-09-23 07:00:27,Yes,No,,False,0.0,0.0,0.0,0,0,0,,Halo effect upload
31882950,Emily Cohen,emscollectedhome,2026-09,https://static-resources.creatoriq.com/instagram-stories/thumbs/3995082364652001828.jpg,,2026-09-26 18:02:31,Yes,No,,False,0.0,0.0,0.0,0,0,0,,Halo effect upload
27178635,Emily Harrah,emilyaharrah,2026-08,https://www.instagram.com/reel/DcUGVJLP1R7,Instagram,2026-08-21 12:34:39,Yes,No,,False,0.0,0.0,0.0,0,0,0,,Halo effect upload
27178635,Emily Harrah,emilyaharrah,2026-08,https://www.pinterest.com/pin/153192824821765510/,,2026-08-22 08:37:54,Yes,No,,False,0.0,0.0,0.0,0,0,0,,Halo effect upload
29851726,Emily Lewandowski,emmylew_designs,2026-07,https://www.instagram.com/reel/DaSjSxCpFKv,Instagram,2026-07-02 05:05:14,Yes,No,,False,0.0,0.0,0.0,0,0,0,,Halo effect upload
29851726,Emily Lewandowski,EmmyLewDecorates,2026-07,https://www.pinterest.com/pin/351912467479377/,,2026-07-03 06:18:06,Yes,No,,False,0.0,0.0,0.0,0,0,0,,Halo effect upload
29851726,Emily Lewandowski,emmylewdecorates,2026-07,https://tiktok.com/@emmylewdecorates/video/7660946928645049614/,TikTok,2026-07-10 10:07:17,Yes,No,,False,0.0,0.0,0.0,0,0,0,,Halo effect upload
29851726,Emily Lewandowski,emmylew_designs,2026-07,https://www.instagram.com/reel/Da5JJYzR9uk,Instagram,2026-07-17 04:50:57,Yes,No,,False,0.0,0.0,0.0,0,0,0,,Halo effect upload
29851726,Emily Lewandowski,emmylewdecorates,2026-07,https://tiktok.com/@emmylewdecorates/video/7663521737643920653/,TikTok,2026-07-17 08:38:50,Yes,No,,False,0.0,0.0,0.0,0,0,0,,Halo effect upload
29851726,Emily Lewandowski,EmmyLewDecorates,2026-07,https://www.pinterest.com/pin/351912467511801/,,2026-07-17 06:31:25,Yes,No,,False,0.0,0.0,0.0,0,0,0,,Halo effect upload
29851726,Emily Lewandowski,emmylew_designs,2026-07,https://www.instagram.com/reel/DbLWxwIRf0h,Instagram,2026-07-24 06:35:42,Yes,No,,False,0.0,0.0,0.0,0,0,0,,Halo effect upload
29851726,Emily Lewandowski,emmylewdecorates,2026-08,https://tiktok.com/@emmylewdecorates/video/7669928882698505485/,TikTok,2026-08-03 15:01:31,Yes,No,,False,0.0,0.0,0.0,0,0,0,,Halo effect upload
29851726,Emily Lewandowski,emmylew_designs,2026-08,https://www.instagram.com/reel/Dbng-kpht59,Instagram,2026-08-04 05:00:07,Yes,No,,False,0.0,0.0,0.0,0,0,0,,Halo effect upload
29851726,Emily Lewandowski,EmmyLewDecorates,2026-08,https://www.pinterest.com/pin/351912467554357/,,2026-08-04 06:08:40,Yes,No,,False,0.0,0.0,0.0,0,0,0,,Halo effect upload
29851726,Emily Lewandowski,EmmyLewDecorates,2026-08,https://www.pinterest.com/pin/351912467588259/,,2026-08-18 08:43:03,Yes,No,,False,0.0,0.0,0.0,0,0,0,,Halo effect upload
29851726,Emily Lewandowski,EmmyLewDecorates,2026-08,https://www.pinterest.com/pin/351912467588220/,,2026-08-18 08:20:34,Yes,No,,False,0.0,0.0,0.0,0,0,0,,Halo effect upload
29851726,Emily Lewandowski,emmylew_designs,2026-08,https://www.instagram.com/reel/DcL7MVvRlis,Instagram,2026-08-18 08:23:45,Yes,No,,False,0.0,0.0,0.0,0,0,0,,Halo effect upload
29851726,Emily Lewandowski,emmylewdecorates,2026-08,https://tiktok.com/@emmylewdecorates/video/7675432767378689293/,TikTok,2026-08-18 10:59:34,Yes,No,,False,0.0,0.0,0.0,0,0,0,,Halo effect upload
29851726,Emily Lewandowski,EmmyLewDecorates,2026-08,https://www.pinterest.com/pin/351912467590322/,,2026-08-19 05:46:00,Yes,No,,False,0.0,0.0,0.0,0,0,0,,Halo effect upload
29851726,Emily Lewandowski,emmylew_designs,2026-08,https://www.instagram.com/reel/DcUXTfsxxui,Instagram,2026-08-21 15:03:11,Yes,No,,False,0.0,0.0,0.0,0,0,0,,Halo effect upload
29851726,Emily Lewandowski,EmmyLewDecorates,2026-08,https://www.pinterest.com/pin/351912467596962/,,2026-08-22 06:01:25,Yes,No,,False,0.0,0.0,0.0,0,0,0,,Halo effect upload
29851726,Emily Lewandowski,emmylew_designs,2026-08,https://www.instagram.com/reel/DcdsAIaxXL6,Instagram,2026-08-25 05:57:39,Yes,Yes,,False,0.0,0.0,0.0,0,0,0,,Halo effect upload
29851726,Emily Lewandowski,emmylewdecorates,2026-08,https://tiktok.com/@emmylewdecorates/video/7678015644633287950/,TikTok,2026-08-25 10:02:46,Yes,Yes,,False,0.0,0.0,0.0,0,0,0,,Halo effect upload
29851726,Emily Lewandowski,EmmyLewDecorates,2026-08,https://www.pinterest.com/pin/351912467607608/,,2026-08-26 07:32:55,Yes,Yes,,False,0.0,0.0,0.0,0,0,0,,Halo effect upload
29851726,Emily Lewandowski,emmylew_designs,2026-08,https://www.instagram.com/reel/DctN7D8RQub,Instagram,2026-08-31 06:46:02,Yes,No,,False,0.0,0.0,0.0,0,0,0,,Halo effect upload
29851726,Emily Lewandowski,emmylewdecorates,2026-08,https://tiktok.com/@emmylewdecorates/video/7680248204411129102/,TikTok,2026-08-31 10:26:16,Yes,No,,False,0.0,0.0,0.0,0,0,0,,Halo effect upload
29851726,Emily Lewandowski,EmmyLewDecorates,2026-09,https://www.pinterest.com/pin/351912467621730/,,2026-09-01 05:51:56,Yes,No,,False,0.0,0.0,0.0,0,0,0,,Halo effect upload
29851726,Emily Lewandowski,EmmyLewDecorates,2026-09,https://www.pinterest.com/pin/351912467628975/,,2026-09-04 05:46:45,Yes,No,,False,0.0,0.0,0.0,0,0,0,,Halo effect upload
29851726,Emily Lewandowski,EmmyLewDecorates,2026-08,https://www.pinterest.com/pin/351912467609967/,,2026-08-27 06:16:18,Yes,No,,False,0.0,0.0,0.0,0,0,0,,Halo effect upload
29851726,Emily Lewandowski,emmylew_designs,2026-09,https://www.instagram.com/reel/Ddb7NKTxZkh,Instagram,2026-09-18 10:04:25,Yes,No,,False,0.0,0.0,0.0,0,0,0,,Halo effect upload
29851726,Emily Lewandowski,emmylewdecorates,2026-09,https://tiktok.com/@emmylewdecorates/video/7686932208195620110/,TikTok,2026-09-18 10:43:11,Yes,No,,False,0.0,0.0,0.0,0,0,0,,Halo effect upload
29851726,Emily Lewandowski,EmmyLewDecorates,2026-09,https://www.pinterest.com/pin/351912467663698/,,2026-09-18 10:24:33,Yes,No,,False,0.0,0.0,0.0,0,0,0,,Halo effect upload
29851726,Emily Lewandowski,EmmyLewDecorates,2026-09,https://www.pinterest.com/pin/351912467665598/,,2026-09-19 06:27:23,Yes,No,,False,0.0,0.0,0.0,0,0,0,,Halo effect upload
29851726,Emily Lewandowski,emmylew_designs,2026-09,https://www.instagram.com/reel/DdeGhaNxqYb,Instagram,2026-09-19 06:20:16,Yes,No,,False,0.0,0.0,0.0,0,0,0,,Halo effect upload
29851726,Emily Lewandowski,EmmyLewDecorates,2026-09,https://www.pinterest.com/pin/351912467667740/,,2026-09-20 05:51:47,Yes,No,,False,0.0,0.0,0.0,0,0,0,,Halo effect upload
29851726,Emily Lewandowski,EmmyLewDecorates,2026-09,https://www.pinterest.com/pin/351912467677712/,,2026-09-24 05:14:24,Yes,No,,False,0.0,0.0,0.0,0,0,0,,Halo effect upload
29851726,Emily Lewandowski,EmmyLewDecorates,2026-09,https://www.pinterest.com/pin/351912467675524/,,2026-09-23 09:29:10,Yes,No,,False,0.0,0.0,0.0,0,0,0,,Halo effect upload
29851726,Emily Lewandowski,EmmyLewDecorates,2026-09,https://www.pinterest.com/pin/351912467660947/,,2026-09-17 05:36:25,Yes,No,,False,0.0,0.0,0.0,0,0,0,,Halo effect upload
29851726,Emily Lewandowski,emmylew_designs,2026-09,https://www.instagram.com/reel/DdqzY82xyqh,Instagram,2026-09-24 04:43:27,Yes,No,,False,0.0,0.0,0.0,0,0,0,,Halo effect upload
29851726,Emily Lewandowski,EmmyLewDecorates,2026-09,https://www.pinterest.com/pin/351912467680526/,,2026-09-25 10:17:40,Yes,No,,False,0.0,0.0,0.0,0,0,0,,Halo effect upload
27384590,Erin | Trailer to Dream Home | DIY,trailertocastle,2026-09,https://www.instagram.com/p/DdzlQJ_hfJ_/,Instagram,2026-09-27 14:41:31,Yes,No,,False,0.0,0.0,0.0,0,0,0,,Halo effect upload
27690681,Esmine Crosby,esminecrosby,2026-07,https://tiktok.com/@esminecrosby/video/7661421232499297567/,TikTok,2026-07-11 16:47:32,Yes,No,,False,0.0,0.0,0.0,0,0,0,,Halo effect upload
27690681,Esmine Crosby,esminecrosby,2026-07,https://tiktok.com/@esminecrosby/video/7661385908423265567/,TikTok,2026-07-11 14:30:33,Yes,No,,False,0.0,0.0,0.0,0,0,0,,Halo effect upload
24790516,Forlisa Nauling,homebodywithforlisa,2026-07,https://www.instagram.com/p/DafyD6rRmAT/,Instagram,2026-07-07 08:29:55,Yes,No,,False,0.0,0.0,0.0,0,0,0,,Halo effect upload
24790516,Forlisa Nauling,HomeBodyandSoulwithForlisa,2026-07,https://www.facebook.com/reel/1533553861895899/,Instagram,2026-07-07 08:30:22,Yes,No,,False,0.0,0.0,0.0,0,0,0,,Halo effect upload
24790516,Forlisa Nauling,homebodywithforlisa,2026-07,https://tiktok.com/@homebodywithforlisa/video/7662420552786791693/,TikTok,2026-07-14 09:25:51,Yes,No,,False,0.0,0.0,0.0,0,0,0,,Halo effect upload
24790516,Forlisa Nauling,HomeBodyandSoulwithForlisa,2026-07,https://www.facebook.com/reel/1030452719580885/,Instagram,2026-07-29 15:58:33,Yes,No,,False,0.0,0.0,0.0,0,0,0,,Halo effect upload
24790516,Forlisa Nauling,homebodywithforlisa,2026-07,https://www.instagram.com/reel/DbZOl2MxNWd,Instagram,2026-07-29 15:57:58,Yes,Yes,,False,0.0,0.0,0.0,0,0,0,,Halo effect upload
24790516,Forlisa Nauling,homebodywithforlisa,2026-08,https://www.instagram.com/reel/DcuSgxfROZr,Instagram,2026-08-31 16:41:03,Yes,No,,False,0.0,0.0,0.0,0,0,0,,Halo effect upload
24790516,Forlisa Nauling,HomeBodyandSoulwithForlisa,2026-08,https://www.facebook.com/reel/1935592850440043/,Instagram,2026-08-31 16:41:28,Yes,No,,False,0.0,0.0,0.0,0,0,0,,Halo effect upload
24790516,Forlisa Nauling,homebodywithforlisa,2026-08,https://tiktok.com/@homebodywithforlisa/video/7680366480348761358/,TikTok,2026-08-31 18:04:48,Yes,Yes,,False,0.0,0.0,0.0,0,0,0,,Halo effect upload
28856671,Gloria,glestial,2026-09,https://www.instagram.com/p/DdmAkPjuu0-/,Instagram,2026-09-22 08:01:52,Yes,No,,False,0.0,0.0,0.0,0,0,0,,Halo effect upload
25529361,Grace Coburn,gc.homestylings,2026-07,https://www.instagram.com/p/DasUQnHRnuF,Instagram,2026-07-13 07:00:07,Yes,No,,False,0.0,0.0,0.0,0,0,0,,Halo effect upload
25529361,Grace Coburn,gc.homestylings,2026-07,https://www.instagram.com/p/DaecUtFtyMb,Instagram,2026-07-08 06:00:05,Yes,No,,False,0.0,0.0,0.0,0,0,0,,Halo effect upload
25529361,Grace Coburn,gc.homestylings,2026-07,https://www.instagram.com/p/Daebx9SNc05,Instagram,2026-07-07 06:00:05,Yes,No,,False,0.0,0.0,0.0,0,0,0,,Halo effect upload
25529361,Grace Coburn,gc.homestylings,2026-07,https://www.instagram.com/p/DaSnm4_x8AU,Instagram,2026-07-03 09:00:11,Yes,No,,False,0.0,0.0,0.0,0,0,0,,Halo effect upload
25588507,Graceful Glam by Danielle Schucker,gracefulglambydanielle,2026-09,https://www.youtube.com/shorts/Sb0rKy8vH_g,YouTube,2026-09-08 22:56:41,Yes,No,,False,0.0,0.0,0.0,0,0,0,,Halo effect upload
25588507,Graceful Glam by Danielle Schucker,gracefulglambydanielle,2026-09,https://www.tiktok.com/@gracefulglambydanielle/video/7683413598848273694,TikTok,2026-09-08 23:09:09,Yes,No,,False,0.0,0.0,0.0,0,0,0,,Halo effect upload
25588507,Graceful Glam by Danielle Schucker,gracefulglambydanielle,2026-09,https://www.instagram.com/reel/DdFA0lbSyfL,Instagram,2026-09-09 12:33:09,Yes,No,,False,0.0,0.0,0.0,0,0,0,,Halo effect upload
27137095,Gracie Gonzalez,labarbie2113,2026-07,https://tiktok.com/@labarbie2113/video/7660062825922055438/,TikTok,2026-07-08 00:56:18,Yes,No,,False,0.0,0.0,0.0,0,0,0,,Halo effect upload
24298014,Hai Trinh,haikettua_atl,2026-07,https://www.instagram.com/reel/Dan9geDPOn_,Instagram,2026-07-10 12:40:56,Yes,No,,False,0.0,0.0,0.0,0,0,0,,Halo effect upload
24777708,Hannah Joyce,surryplace,2026-07,https://www.instagram.com/reel/Daf5AQ_Ihz8,Instagram,2026-07-07 09:27:01,Yes,No,,False,0.0,0.0,0.0,0,0,0,,Halo effect upload
24777708,Hannah Joyce,surryplace,2026-07,https://tiktok.com/@surryplace/video/7659832537094638878/,TikTok,2026-07-07 10:02:48,Yes,No,,False,0.0,0.0,0.0,0,0,0,,Halo effect upload
24777708,Hannah Joyce,surryplace,2026-08,https://tiktok.com/@surryplace/video/7672444758760918302/,TikTok,2026-08-10 09:44:32,Yes,No,,False,0.0,0.0,0.0,0,0,0,,Halo effect upload
24777708,Hannah Joyce,surryplace,2026-08,https://www.instagram.com/reel/Db3cb7yIqaU,Instagram,2026-08-10 09:31:08,Yes,No,,False,0.0,0.0,0.0,0,0,0,,Halo effect upload
24777708,Hannah Joyce,surryplace,2026-08,https://www.instagram.com/reel/Db8nUvVIz6-,Instagram,2026-08-12 09:41:39,Yes,No,,False,0.0,0.0,0.0,0,0,0,,Halo effect upload
24777708,Hannah Joyce,surryplace,2026-08,https://tiktok.com/@surryplace/video/7673189523580292383/,TikTok,2026-08-12 09:54:25,Yes,No,,False,0.0,0.0,0.0,0,0,0,,Halo effect upload
24777708,Hannah Joyce,surryplace,2026-08,https://www.instagram.com/reel/DclmnPCI093,Instagram,2026-08-28 07:43:57,Yes,No,,False,0.0,0.0,0.0,0,0,0,,Halo effect upload
24777708,Hannah Joyce,surryplace,2026-09,https://www.instagram.com/reel/DdtopoaIXN4,Instagram,2026-09-25 07:13:21,Yes,No,,False,0.0,0.0,0.0,0,0,0,,Halo effect upload
24777708,Hannah Joyce,surryplace,2026-09,https://www.tiktok.com/@surryplace/video/7689478496288017695,TikTok,2026-09-25 07:24:11,Yes,No,,False,0.0,0.0,0.0,0,0,0,,Halo effect upload
30509671,Hannah Lee,hann.madehome,2026-07,https://www.instagram.com/reel/DbbCcbktc4q,Instagram,2026-07-30 08:43:44,Yes,Yes,,False,0.0,0.0,0.0,0,0,0,,Halo effect upload
30509671,Hannah Lee,hann.madehome,2026-07,https://tiktok.com/@hann.madehome/video/7668386621577858334/,TikTok,2026-07-30 11:16:43,Yes,No,,False,0.0,0.0,0.0,0,0,0,,Halo effect upload
30509671,Hannah Lee,hann.madehome,2026-09,https://www.instagram.com/reel/Dc3kLLbNCrK,Instagram,2026-09-04 07:09:08,Yes,No,,False,0.0,0.0,0.0,0,0,0,,Halo effect upload
30509671,Hannah Lee,hann.madehome,2026-09,https://www.instagram.com/reel/Dc8vNrrNvcd,Instagram,2026-09-06 07:21:34,Yes,No,,False,0.0,0.0,0.0,0,0,0,,Halo effect upload
30509671,Hannah Lee,hann.madehome,2026-08,https://www.instagram.com/reel/DctbCHltu9F,Instagram,2026-08-31 08:36:50,Yes,No,,False,0.0,0.0,0.0,0,0,0,,Halo effect upload
30509671,Hannah Lee,hann.madehome,2026-09,https://www.instagram.com/reel/DdrEmimtYmS,Instagram,2026-09-24 07:13:33,Yes,No,,False,0.0,0.0,0.0,0,0,0,,Halo effect upload
28049827,Heidi Carter,heidi.hygge.home,2026-09,https://static-resources.creatoriq.com/instagram-stories/thumbs/3982867708107856532.jpg,,2026-09-09 21:34:11,Yes,No,,False,0.0,0.0,0.0,0,0,0,,Halo effect upload
28049827,Heidi Carter,heidi.hygge.home,2026-09,https://www.instagram.com/reel/DdF1lmvpTot,Instagram,2026-09-09 20:10:25,Yes,No,,False,0.0,0.0,0.0,0,0,0,,Halo effect upload
28049827,Heidi Carter,therealheidicarter,2026-09,https://tiktok.com/@therealheidicarter/video/7683752803239562527/,TikTok,2026-09-09 21:05:32,Yes,Yes,,False,0.0,0.0,0.0,0,0,0,,Halo effect upload
27926999,Hilliary Wynn,hilliaryyyy,2026-08,https://tiktok.com/@hilliaryfnp/video/7674040768285150478/,TikTok,2026-08-14 16:57:43,Yes,Yes,,False,0.0,0.0,0.0,0,0,0,,Halo effect upload
20968251,Holli Rodrigues,beesnburlap,2026-08,https://www.facebook.com/reel/2138860816659584/,Instagram,2026-08-10 05:29:10,Yes,No,,False,0.0,0.0,0.0,0,0,0,,Halo effect upload
20968251,Holli Rodrigues,beesnburlap,2026-08,https://www.instagram.com/reel/Db3A3w8saZm,Instagram,2026-08-10 05:28:52,Yes,No,,False,0.0,0.0,0.0,0,0,0,,Halo effect upload
20968251,Holli Rodrigues,beesnburlap,2026-08,https://www.facebook.com/reel/4176801679122037/,Instagram,2026-08-10 18:37:17,Yes,No,,False,0.0,0.0,0.0,0,0,0,,Halo effect upload
20968251,Holli Rodrigues,beesnburlap,2026-08,https://www.instagram.com/reel/Db4a6qdsGJU,Instagram,2026-08-10 18:36:58,Yes,No,,False,0.0,0.0,0.0,0,0,0,,Halo effect upload
29083830,Hollie Choules,sevensixtyhomeco,2026-07,https://www.pinterest.com/pin/889109151456255664/,,2026-07-06 15:56:57,Yes,No,,False,0.0,0.0,0.0,0,0,0,,Halo effect upload
29083830,Hollie Choules,sevensixtyhomeco,2026-07,https://www.pinterest.com/pin/889109151456255717/,,2026-07-06 15:58:59,Yes,No,,False,0.0,0.0,0.0,0,0,0,,Halo effect upload
29083830,Hollie Choules,sevensixtyhomeco,2026-07,https://www.pinterest.com/pin/889109151456255699/,,2026-07-06 15:57:57,Yes,No,,False,0.0,0.0,0.0,0,0,0,,Halo effect upload
29083830,Hollie Choules,sevensixtyhome,2026-07,https://www.instagram.com/reel/DaeALoWEx6y,Instagram,2026-07-06 15:50:07,Yes,No,,False,0.0,0.0,0.0,0,0,0,,Halo effect upload
29083830,Hollie Choules,sevensixtyhome,2026-07,https://www.facebook.com/reel/1395696369105865/,Instagram,2026-07-06 15:50:02,Yes,No,,False,0.0,0.0,0.0,0,0,0,,Halo effect upload
29083830,Hollie Choules,sevensixtyhome,2026-07,https://www.youtube.com/shorts/S5pdhY4K4VQ,YouTube,2026-07-06 15:52:50,Yes,No,,False,0.0,0.0,0.0,0,0,0,,Halo effect upload
29083830,Hollie Choules,sevensixtyhome,2026-07,https://www.youtube.com/shorts/QIuifWlvaiU,YouTube,2026-07-06 15:55:24,Yes,No,,False,0.0,0.0,0.0,0,0,0,,Halo effect upload
29083830,Hollie Choules,sevensixtyhome,2026-07,https://www.youtube.com/shorts/0fJApX3jd3Y,YouTube,2026-07-06 15:57:00,Yes,No,,False,0.0,0.0,0.0,0,0,0,,Halo effect upload
29083830,Hollie Choules,sevensixtyhomeco,2026-07,https://www.tiktok.com/@sevensixtyhomeco/video/7659551057533504799,TikTok,2026-07-06 15:50:20,Yes,No,,False,0.0,0.0,0.0,0,0,0,,Halo effect upload
29083830,Hollie Choules,sevensixtyhomeco,2026-07,https://www.tiktok.com/@sevensixtyhomeco/video/7659552253342272798,TikTok,2026-07-06 15:55:00,Yes,No,,False,0.0,0.0,0.0,0,0,0,,Halo effect upload
29083830,Hollie Choules,sevensixtyhomeco,2026-07,https://www.tiktok.com/@sevensixtyhomeco/video/7659551642827705630,TikTok,2026-07-06 15:52:39,Yes,No,,False,0.0,0.0,0.0,0,0,0,,Halo effect upload
29083830,Hollie Choules,sevensixtyhome,2026-07,https://www.facebook.com/reel/1816569435977117/,Instagram,2026-07-06 16:55:33,Yes,No,,False,0.0,0.0,0.0,0,0,0,,Halo effect upload
29083830,Hollie Choules,sevensixtyhome,2026-07,https://www.facebook.com/reel/854965264073389/,Instagram,2026-07-06 16:53:25,Yes,No,,False,0.0,0.0,0.0,0,0,0,,Halo effect upload
29083830,Hollie Choules,sevensixtyhome,2026-07,https://www.instagram.com/reel/DagsQBEjWr5,Instagram,2026-07-07 16:53:36,Yes,No,,False,0.0,0.0,0.0,0,0,0,,Halo effect upload
29083830,Hollie Choules,sevensixtyhome,2026-07,https://www.instagram.com/reel/Dal2E6Njsii,Instagram,2026-07-09 16:55:40,Yes,No,,False,0.0,0.0,0.0,0,0,0,,Halo effect upload
29083830,Hollie Choules,sevensixtyhome,2026-07,https://www.facebook.com/reel/2187386345456939/,Instagram,2026-07-15 09:22:37,Yes,No,,False,0.0,0.0,0.0,0,0,0,,Halo effect upload
29083830,Hollie Choules,sevensixtyhome,2026-07,https://www.instagram.com/reel/Da0e62djCyf,Instagram,2026-07-15 09:21:58,Yes,No,,False,0.0,0.0,0.0,0,0,0,,Halo effect upload
29083830,Hollie Choules,sevensixtyhomeco,2026-07,https://www.pinterest.com/pin/889109151456756323/,,2026-07-21 16:55:40,Yes,No,,False,0.0,0.0,0.0,0,0,0,,Halo effect upload
29083830,Hollie Choules,sevensixtyhomeco,2026-07,https://www.pinterest.com/pin/889109151456756495/,,2026-07-21 17:04:48,Yes,No,,False,0.0,0.0,0.0,0,0,0,,Halo effect upload
29083830,Hollie Choules,sevensixtyhomeco,2026-07,https://www.pinterest.com/pin/889109151456756542/,,2026-07-21 17:08:29,Yes,No,,False,0.0,0.0,0.0,0,0,0,,Halo effect upload
29083830,Hollie Choules,sevensixtyhomeco,2026-07,https://www.pinterest.com/pin/889109151456756436/,,2026-07-21 17:01:29,Yes,No,,False,0.0,0.0,0.0,0,0,0,,Halo effect upload
29083830,Hollie Choules,sevensixtyhome,2026-07,https://www.instagram.com/reel/DbEwklRkmyG,Instagram,2026-07-21 17:04:02,Yes,No,,False,0.0,0.0,0.0,0,0,0,,Halo effect upload
29083830,Hollie Choules,sevensixtyhome,2026-07,https://www.instagram.com/reel/DbEvbLDjFOq,Instagram,2026-07-21 16:54:02,Yes,No,,False,0.0,0.0,0.0,0,0,0,,Halo effect upload
29083830,Hollie Choules,sevensixtyhome,2026-07,https://www.facebook.com/reel/1686985495806362/,Instagram,2026-07-21 16:54:04,Yes,No,,False,0.0,0.0,0.0,0,0,0,,Halo effect upload
29083830,Hollie Choules,sevensixtyhome,2026-07,https://www.facebook.com/reel/2298321560910683/,Instagram,2026-07-21 17:04:04,Yes,No,,False,0.0,0.0,0.0,0,0,0,,Halo effect upload
29083830,Hollie Choules,sevensixtyhome,2026-07,https://www.youtube.com/shorts/cXAFmXLIhg8,YouTube,2026-07-21 17:05:19,Yes,No,,False,0.0,0.0,0.0,0,0,0,,Halo effect upload
29083830,Hollie Choules,sevensixtyhome,2026-07,https://www.youtube.com/shorts/n7fEGV9IMPI,YouTube,2026-07-21 17:03:47,Yes,No,,False,0.0,0.0,0.0,0,0,0,,Halo effect upload
29083830,Hollie Choules,sevensixtyhome,2026-07,https://www.youtube.com/shorts/FT7XvZO27qI,YouTube,2026-07-21 16:58:05,Yes,No,,False,0.0,0.0,0.0,0,0,0,,Halo effect upload
29083830,Hollie Choules,sevensixtyhomeco,2026-07,https://www.tiktok.com/@sevensixtyhomeco/video/7665136608148081951,TikTok,2026-07-21 17:05:14,Yes,No,,False,0.0,0.0,0.0,0,0,0,,Halo effect upload
29083830,Hollie Choules,sevensixtyhomeco,2026-07,https://www.tiktok.com/@sevensixtyhomeco/video/7665133826682686751,TikTok,2026-07-21 16:54:17,Yes,No,,False,0.0,0.0,0.0,0,0,0,,Halo effect upload
29083830,Hollie Choules,sevensixtyhomeco,2026-07,https://www.tiktok.com/@sevensixtyhomeco/video/7665135272832568606,TikTok,2026-07-21 16:59:52,Yes,No,,False,0.0,0.0,0.0,0,0,0,,Halo effect upload
29083830,Hollie Choules,sevensixtyhomeco,2026-07,https://tiktok.com/@sevensixtyhomeco/video/7665137245233483038/,TikTok,2026-07-21 17:07:41,Yes,No,,False,0.0,0.0,0.0,0,0,0,,Halo effect upload
29083830,Hollie Choules,sevensixtyhome,2026-07,https://www.facebook.com/reel/4295531904003103/,Instagram,2026-07-21 20:35:35,Yes,No,,False,0.0,0.0,0.0,0,0,0,,Halo effect upload
29083830,Hollie Choules,sevensixtyhome,2026-07,https://www.instagram.com/reel/DbFIx0UFLph,Instagram,2026-07-21 20:35:32,Yes,No,,False,0.0,0.0,0.0,0,0,0,,Halo effect upload
29083830,Hollie Choules,sevensixtyhome,2026-07,https://www.instagram.com/p/DbGHZhnjuju/,Instagram,2026-07-22 05:42:45,Yes,No,,False,0.0,0.0,0.0,0,0,0,,Halo effect upload
29083830,Hollie Choules,sevensixtyhome,2026-07,https://www.facebook.com/reel/996695863418694/,Instagram,2026-07-22 05:42:29,Yes,No,,False,0.0,0.0,0.0,0,0,0,,Halo effect upload
29083830,Hollie Choules,sevensixtyhome,2026-07,https://www.youtube.com/shorts/vQsGcwMXWKI,YouTube,2026-07-22 11:35:52,Yes,No,,False,0.0,0.0,0.0,0,0,0,,Halo effect upload
29083830,Hollie Choules,sevensixtyhome,2026-07,https://www.facebook.com/reel/3504438059723230/,Instagram,2026-07-25 07:47:08,Yes,No,,False,0.0,0.0,0.0,0,0,0,,Halo effect upload
29083830,Hollie Choules,sevensixtyhomeco,2026-08,https://www.tiktok.com/@sevensixtyhomeco/video/7673240719242317086,TikTok,2026-08-12 13:13:13,Yes,No,,False,0.0,0.0,0.0,0,0,0,,Halo effect upload
29083830,Hollie Choules,sevensixtyhomeco,2026-08,https://www.tiktok.com/@sevensixtyhomeco/video/7673240955092274463,TikTok,2026-08-12 13:14:11,Yes,No,,False,0.0,0.0,0.0,0,0,0,,Halo effect upload
29083830,Hollie Choules,sevensixtyhomeco,2026-08,https://www.tiktok.com/@sevensixtyhomeco/video/7673241259682696479,TikTok,2026-08-12 13:15:21,Yes,No,,False,0.0,0.0,0.0,0,0,0,,Halo effect upload
29083830,Hollie Choules,sevensixtyhomeco,2026-08,https://www.tiktok.com/@sevensixtyhomeco/video/7673240469639318814,TikTok,2026-08-12 13:12:11,Yes,No,,False,0.0,0.0,0.0,0,0,0,,Halo effect upload
29083830,Hollie Choules,sevensixtyhomeco,2026-08,https://www.tiktok.com/@sevensixtyhomeco/video/7673239748600712479,TikTok,2026-08-12 13:09:29,Yes,No,,False,0.0,0.0,0.0,0,0,0,,Halo effect upload
29083830,Hollie Choules,sevensixtyhomeco,2026-08,https://www.tiktok.com/@sevensixtyhomeco/video/7673238946184219935,TikTok,2026-08-12 13:07:12,Yes,No,,False,0.0,0.0,0.0,0,0,0,,Halo effect upload
29083830,Hollie Choules,sevensixtyhomeco,2026-08,https://www.tiktok.com/@sevensixtyhomeco/video/7673240117540179231,TikTok,2026-08-12 13:10:54,Yes,No,,False,0.0,0.0,0.0,0,0,0,,Halo effect upload
29083830,Hollie Choules,sevensixtyhomeco,2026-08,https://www.tiktok.com/@sevensixtyhomeco/video/7673239450935250206,TikTok,2026-08-12 13:08:17,Yes,No,,False,0.0,0.0,0.0,0,0,0,,Halo effect upload
29083830,Hollie Choules,sevensixtyhome,2026-08,https://www.instagram.com/reel/Db9Bp5eETP-,Instagram,2026-08-12 13:30:58,Yes,No,,False,0.0,0.0,0.0,0,0,0,,Halo effect upload
29083830,Hollie Choules,sevensixtyhome,2026-08,https://www.instagram.com/reel/Db9BqXSjFMZ,Instagram,2026-08-12 13:31:00,Yes,No,,False,0.0,0.0,0.0,0,0,0,,Halo effect upload
29083830,Hollie Choules,sevensixtyhome,2026-08,https://www.instagram.com/reel/Db9BrI2GhML,Instagram,2026-08-12 13:31:07,Yes,No,,False,0.0,0.0,0.0,0,0,0,,Halo effect upload
29083830,Hollie Choules,sevensixtyhome,2026-08,https://www.youtube.com/shorts/-ef8q6cATjU,YouTube,2026-08-12 13:30:47,Yes,No,,False,0.0,0.0,0.0,0,0,0,,Halo effect upload
29083830,Hollie Choules,sevensixtyhome,2026-08,https://www.youtube.com/shorts/H-G9yAw66sM,YouTube,2026-08-12 13:31:13,Yes,No,,False,0.0,0.0,0.0,0,0,0,,Halo effect upload
29083830,Hollie Choules,sevensixtyhome,2026-08,https://www.youtube.com/shorts/k_phynLtD1w,YouTube,2026-08-12 13:31:05,Yes,No,,False,0.0,0.0,0.0,0,0,0,,Halo effect upload
29083830,Hollie Choules,sevensixtyhome,2026-08,https://www.facebook.com/reel/2468378646977804/,Instagram,2026-08-12 14:41:05,Yes,No,,False,0.0,0.0,0.0,0,0,0,,Halo effect upload
29083830,Hollie Choules,sevensixtyhome,2026-08,https://www.facebook.com/reel/1329802228932165/,Instagram,2026-08-12 14:41:03,Yes,No,,False,0.0,0.0,0.0,0,0,0,,Halo effect upload
29083830,Hollie Choules,sevensixtyhome,2026-08,https://www.facebook.com/reel/1759425028734540/,Instagram,2026-08-12 14:41:12,Yes,No,,False,0.0,0.0,0.0,0,0,0,,Halo effect upload
29083830,Hollie Choules,sevensixtyhome,2026-09,https://www.instagram.com/reel/DdRUYsvkRh2,Instagram,2026-09-14 07:10:50,Yes,No,,False,0.0,0.0,0.0,0,0,0,,Halo effect upload
29083830,Hollie Choules,sevensixtyhome,2026-09,https://www.instagram.com/reel/DdRUZADAhnv,Instagram,2026-09-14 07:10:51,Yes,No,,False,0.0,0.0,0.0,0,0,0,,Halo effect upload
29083830,Hollie Choules,sevensixtyhome,2026-09,https://www.instagram.com/reel/DdRUY4nDzGd,Instagram,2026-09-14 07:10:51,Yes,No,,False,0.0,0.0,0.0,0,0,0,,Halo effect upload
29083830,Hollie Choules,sevensixtyhome,2026-09,https://www.instagram.com/reel/DdRUZB7EtN5,Instagram,2026-09-14 07:10:51,Yes,No,,False,0.0,0.0,0.0,0,0,0,,Halo effect upload
29083830,Hollie Choules,sevensixtyhome,2026-09,https://www.facebook.com/reel/1437330851630165/,Instagram,2026-09-22 07:39:12,Yes,No,,False,0.0,0.0,0.0,0,0,0,,Halo effect upload
29083830,Hollie Choules,sevensixtyhome,2026-09,https://www.facebook.com/reel/2684887865350437/,Instagram,2026-09-22 07:15:08,Yes,No,,False,0.0,0.0,0.0,0,0,0,,Halo effect upload
28131179,Imani Love,IAmImaniLove,2026-09,https://www.facebook.com/reel/1900527447586698/,Instagram,2026-09-19 05:20:51,Yes,No,,False,0.0,0.0,0.0,0,0,0,,Halo effect upload
31668673,India Chism,msindiachism,2026-07,https://www.pinterest.com/pin/52987733114465375/,,2026-07-21 23:57:55,Yes,No,,False,0.0,0.0,0.0,0,0,0,,Halo effect upload
31668673,India Chism,msindiachism,2026-07,https://www.pinterest.com/pin/52987733114467400/,,2026-07-22 18:15:56,Yes,No,,False,0.0,0.0,0.0,0,0,0,,Halo effect upload
31668673,India Chism,msindiachism,2026-07,https://www.pinterest.com/pin/52987733114467868/,,2026-07-23 00:42:55,Yes,No,,False,0.0,0.0,0.0,0,0,0,,Halo effect upload
31668673,India Chism,msindiachism,2026-07,https://www.pinterest.com/pin/52987733114473154/,,2026-07-25 08:37:56,Yes,No,,False,0.0,0.0,0.0,0,0,0,,Halo effect upload
31668673,India Chism,msindiachism,2026-07,https://www.pinterest.com/pin/52987733114475361/,,2026-07-26 08:11:03,Yes,No,,False,0.0,0.0,0.0,0,0,0,,Halo effect upload
31668673,India Chism,msindiachism,2026-07,https://www.pinterest.com/pin/52987733114474513/,,2026-07-25 23:46:55,Yes,No,,False,0.0,0.0,0.0,0,0,0,,Halo effect upload
31668673,India Chism,msindiachism,2026-07,https://www.pinterest.com/pin/52987733114476658/,,2026-07-26 18:06:55,Yes,No,,False,0.0,0.0,0.0,0,0,0,,Halo effect upload
31668673,India Chism,msindiachism,2026-07,https://www.pinterest.com/pin/52987733114474287/,,2026-07-25 18:55:56,Yes,No,,False,0.0,0.0,0.0,0,0,0,,Halo effect upload
31668673,India Chism,msindiachism,2026-07,https://www.pinterest.com/pin/52987733114477187/,,2026-07-27 00:55:56,Yes,No,,False,0.0,0.0,0.0,0,0,0,,Halo effect upload
31668673,India Chism,msindiachism,2026-07,https://www.pinterest.com/pin/52987733114480611/,,2026-07-28 08:14:06,Yes,No,,False,0.0,0.0,0.0,0,0,0,,Halo effect upload
31668673,India Chism,msindiachism,2026-07,https://www.pinterest.com/pin/52987733114485842/,,2026-07-30 00:26:56,Yes,No,,False,0.0,0.0,0.0,0,0,0,,Halo effect upload
31668673,India Chism,msindiachism,2026-07,https://www.pinterest.com/pin/52987733114488084/,,2026-07-30 18:04:56,Yes,No,,False,0.0,0.0,0.0,0,0,0,,Halo effect upload
31668673,India Chism,msindiachism,2026-07,https://www.pinterest.com/pin/52987733114490201/,,2026-07-31 08:17:56,Yes,No,,False,0.0,0.0,0.0,0,0,0,,Halo effect upload
31668673,India Chism,msindiachism,2026-08,https://www.pinterest.com/pin/52987733114492973/,,2026-08-01 08:38:10,Yes,No,,False,0.0,0.0,0.0,0,0,0,,Halo effect upload
31668673,India Chism,msindiachism,2026-08,https://www.pinterest.com/pin/52987733114493895/,,2026-08-01 14:39:55,Yes,No,,False,0.0,0.0,0.0,0,0,0,,Halo effect upload
31668673,India Chism,msindiachism,2026-08,https://www.pinterest.com/pin/52987733114503048/,,2026-08-04 08:13:55,Yes,No,,False,0.0,0.0,0.0,0,0,0,,Halo effect upload
31668673,India Chism,msindiachism,2026-08,https://www.pinterest.com/pin/52987733114510760/,,2026-08-07 00:02:36,Yes,No,,False,0.0,0.0,0.0,0,0,0,,Halo effect upload
31668673,India Chism,msindiachism,2026-08,https://www.pinterest.com/pin/52987733114514643/,,2026-08-08 08:37:57,Yes,No,,False,0.0,0.0,0.0,0,0,0,,Halo effect upload
31668673,India Chism,msindiachism,2026-08,https://www.pinterest.com/pin/52987733114516697/,,2026-08-08 23:46:57,Yes,No,,False,0.0,0.0,0.0,0,0,0,,Halo effect upload
31668673,India Chism,msindiachism,2026-08,https://www.pinterest.com/pin/52987733114519889/,,2026-08-10 00:56:01,Yes,No,,False,0.0,0.0,0.0,0,0,0,,Halo effect upload
31668673,India Chism,msindiachism,2026-08,https://www.pinterest.com/pin/52987733114532467/,,2026-08-14 18:15:56,Yes,No,,False,0.0,0.0,0.0,0,0,0,,Halo effect upload
31668673,India Chism,msindiachism,2026-08,https://www.pinterest.com/pin/52987733114534813/,,2026-08-15 14:39:56,Yes,No,,False,0.0,0.0,0.0,0,0,0,,Halo effect upload
31668673,India Chism,msindiachism,2026-08,https://www.pinterest.com/pin/52987733114533997/,,2026-08-15 08:37:56,Yes,No,,False,0.0,0.0,0.0,0,0,0,,Halo effect upload
31668673,India Chism,msindiachism,2026-08,https://www.pinterest.com/pin/52987733114551444/,,2026-08-21 08:17:56,Yes,No,,False,0.0,0.0,0.0,0,0,0,,Halo effect upload
31668673,India Chism,msindiachism,2026-08,https://www.pinterest.com/pin/52987733114554969/,,2026-08-22 14:40:01,Yes,No,,False,0.0,0.0,0.0,0,0,0,,Halo effect upload
31668673,India Chism,msindiachism,2026-08,https://www.pinterest.com/pin/52987733114553993/,,2026-08-22 08:37:57,Yes,No,,False,0.0,0.0,0.0,0,0,0,,Halo effect upload
31668673,India Chism,msindiachism,2026-08,https://www.pinterest.com/pin/52987733114563697/,,2026-08-25 18:45:56,Yes,No,,False,0.0,0.0,0.0,0,0,0,,Halo effect upload
31668673,India Chism,msindiachism,2026-08,https://www.pinterest.com/pin/52987733114564282/,,2026-08-25 23:57:59,Yes,No,,False,0.0,0.0,0.0,0,0,0,,Halo effect upload
31668673,India Chism,msindiachism,2026-08,https://www.pinterest.com/pin/52987733114563664/,,2026-08-25 18:25:56,Yes,No,,False,0.0,0.0,0.0,0,0,0,,Halo effect upload
31668673,India Chism,msindiachism,2026-08,https://www.pinterest.com/pin/52987733114562290/,,2026-08-25 08:14:17,Yes,No,,False,0.0,0.0,0.0,0,0,0,,Halo effect upload
31668673,India Chism,msindiachism,2026-08,https://www.pinterest.com/pin/52987733114571674/,,2026-08-28 14:03:57,Yes,No,,False,0.0,0.0,0.0,0,0,0,,Halo effect upload
31668673,India Chism,msindiachism,2026-08,https://www.pinterest.com/pin/52987733114574758/,,2026-08-29 17:08:56,Yes,No,,False,0.0,0.0,0.0,0,0,0,,Halo effect upload
31668673,India Chism,msindiachism,2026-08,https://www.pinterest.com/pin/52987733114574924/,,2026-08-29 18:28:56,Yes,No,,False,0.0,0.0,0.0,0,0,0,,Halo effect upload
31668673,India Chism,msindiachism,2026-08,https://www.pinterest.com/pin/52987733114574291/,,2026-08-29 14:39:58,Yes,No,,False,0.0,0.0,0.0,0,0,0,,Halo effect upload
31668673,India Chism,msindiachism,2026-08,https://www.pinterest.com/pin/52987733114577211/,,2026-08-30 17:06:56,Yes,No,,False,0.0,0.0,0.0,0,0,0,,Halo effect upload
31668673,India Chism,msindiachism,2026-08,https://www.pinterest.com/pin/501588477275560799/,,2026-08-31 17:40:57,Yes,No,,False,0.0,0.0,0.0,0,0,0,,Halo effect upload
31668673,India Chism,msindiachism,2026-09,https://www.pinterest.com/pin/52987733114589622/,,2026-09-03 18:04:56,Yes,No,,False,0.0,0.0,0.0,0,0,0,,Halo effect upload
31668673,India Chism,msindiachism,2026-09,https://www.pinterest.com/pin/501588477275595628/,,2026-09-05 18:28:57,Yes,No,,False,0.0,0.0,0.0,0,0,0,,Halo effect upload
31668673,India Chism,msindiachism,2026-09,https://www.pinterest.com/pin/52987733114597230/,,2026-09-06 18:06:57,Yes,No,,False,0.0,0.0,0.0,0,0,0,,Halo effect upload
31668673,India Chism,msindiachism,2026-09,https://www.pinterest.com/pin/52987733114607003/,,2026-09-10 08:44:02,Yes,No,,False,0.0,0.0,0.0,0,0,0,,Halo effect upload
31668673,India Chism,msindiachism,2026-09,https://www.pinterest.com/pin/52987733114612495/,,2026-09-12 18:29:02,Yes,No,,False,0.0,0.0,0.0,0,0,0,,Halo effect upload
31668673,India Chism,msindiachism,2026-09,https://www.pinterest.com/pin/52987733114615538/,,2026-09-13 18:51:56,Yes,No,,False,0.0,0.0,0.0,0,0,0,,Halo effect upload
31668673,India Chism,msindiachism,2026-09,https://www.pinterest.com/pin/501588477275662565/,,2026-09-14 17:40:56,Yes,No,,False,0.0,0.0,0.0,0,0,0,,Halo effect upload
31668673,India Chism,msindiachism,2026-09,https://www.pinterest.com/pin/52987733114617034/,,2026-09-14 08:27:59,Yes,No,,False,0.0,0.0,0.0,0,0,0,,Halo effect upload
31668673,India Chism,msindiachism,2026-09,https://www.pinterest.com/pin/52987733114621319/,,2026-09-15 18:25:57,Yes,No,,False,0.0,0.0,0.0,0,0,0,,Halo effect upload
31668673,India Chism,msindiachism,2026-09,https://www.pinterest.com/pin/52987733114637137/,,2026-09-21 18:33:57,Yes,No,,False,0.0,0.0,0.0,0,0,0,,Halo effect upload
31668673,India Chism,msindiachism,2026-09,https://www.pinterest.com/pin/52987733114646509/,,2026-09-25 00:01:56,Yes,No,,False,0.0,0.0,0.0,0,0,0,,Halo effect upload
31668673,India Chism,msindiachism,2026-09,https://www.pinterest.com/pin/52987733114645859/,,2026-09-24 18:04:57,Yes,No,,False,0.0,0.0,0.0,0,0,0,,Halo effect upload
31668673,India Chism,msindiachism,2026-09,https://www.pinterest.com/pin/52987733114648300/,,2026-09-25 14:04:02,Yes,No,,False,0.0,0.0,0.0,0,0,0,,Halo effect upload
31668673,India Chism,msindiachism,2026-09,https://www.pinterest.com/pin/52987733114649021/,,2026-09-25 18:30:58,Yes,No,,False,0.0,0.0,0.0,0,0,0,,Halo effect upload
31668673,India Chism,msindiachism,2026-09,https://www.pinterest.com/pin/52987733114655303/,,2026-09-28 00:56:02,Yes,No,,False,0.0,0.0,0.0,0,0,0,,Halo effect upload
31668673,India Chism,msindiachism,2026-09,https://www.pinterest.com/pin/52987733114658184/,,2026-09-28 19:01:56,Yes,No,,False,0.0,0.0,0.0,0,0,0,,Halo effect upload
31668673,India Chism,msindiachism,2026-09,https://www.pinterest.com/pin/52987733114657516/,,2026-09-28 17:40:56,Yes,No,,False,0.0,0.0,0.0,0,0,0,,Halo effect upload
28796510,India Mendez,mypinkpalace93,2026-08,https://www.instagram.com/reel/DcVtWypxHyQ,Instagram,2026-08-22 03:51:06,Yes,No,,False,0.0,0.0,0.0,0,0,0,,Halo effect upload
28796510,India Mendez,mypinkpalace93,2026-07,https://www.instagram.com/reel/DbDITEZxjin,Instagram,2026-07-21 02:02:37,Yes,No,,False,0.0,0.0,0.0,0,0,0,,Halo effect upload
28796510,India Mendez,mypinkpalace93,2026-09,https://www.instagram.com/reel/Dc6vthxxI5w,Instagram,2026-09-05 12:48:31,Yes,No,,False,0.0,0.0,0.0,0,0,0,,Halo effect upload
28796510,India Mendez,mypinkpalace93,2026-09,https://www.tiktok.com/@thepinkpalace93/video/7682145946561547551,TikTok,2026-09-05 13:10:06,Yes,No,,False,0.0,0.0,0.0,0,0,0,,Halo effect upload
24382413,Irene Serrano Bustamante,irene_lovetolive,2026-07,https://www.instagram.com/reel/DbcCK5Wgeoy,Instagram,2026-07-30 18:00:05,Yes,No,,False,0.0,0.0,0.0,0,0,0,,Halo effect upload
24382413,Irene Serrano Bustamante,irene_lovetolive,2026-07,https://tiktok.com/@irene_lovetolive/video/7668496470575828254/,TikTok,2026-07-30 18:22:59,Yes,No,,False,0.0,0.0,0.0,0,0,0,,Halo effect upload
24382413,Irene Serrano Bustamante,irenelovetolive,2026-07,https://www.facebook.com/reel/2298355124238876/,Instagram,2026-07-30 18:00:30,Yes,No,,False,0.0,0.0,0.0,0,0,0,,Halo effect upload
24382413,Irene Serrano Bustamante,irene_lovetolive,2026-08,https://www.instagram.com/reel/DbrfBlGhwfK,Instagram,2026-08-05 18:00:04,Yes,No,,False,0.0,0.0,0.0,0,0,0,,Halo effect upload
24382413,Irene Serrano Bustamante,irenelovetolive,2026-08,https://www.facebook.com/reel/1083484887572857/,Instagram,2026-08-05 18:00:15,Yes,No,,False,0.0,0.0,0.0,0,0,0,,Halo effect upload
33450111,IRIS Leyton,irisfernandaleyton,2026-09,https://static-resources.creatoriq.com/instagram-stories/thumbs/3985381557740910475.jpg,,2026-09-13 08:48:44,Yes,No,,False,0.0,0.0,0.0,0,0,0,,Halo effect upload
32245339,Jackie,thedeserteditjackie,2026-07,https://www.pinterest.com/pin/1102959765017909057/,,2026-07-20 15:55:55,Yes,No,,False,0.0,0.0,0.0,0,0,0,,Halo effect upload
32245339,Jackie,thedesertedit,2026-09,https://www.facebook.com/thedesertedit/posts/122130764438807943,,2026-09-28 12:45:55,Yes,No,,False,0.0,0.0,0.0,0,0,0,,Halo effect upload
29406555,Jacqueline Gonzalez,gowithgonzalez,2026-07,https://www.youtube.com/shorts/xcH-5R3rK38,YouTube,2026-07-08 09:56:31,No,No,,False,0.0,0.0,0.0,0,0,0,,Halo effect upload
29406555,Jacqueline Gonzalez,gowithgonzalez,2026-07,https://www.instagram.com/reel/DaigR2_v9dl,Instagram,2026-07-08 09:49:00,Yes,No,,False,0.0,0.0,0.0,0,0,0,,Halo effect upload
29406555,Jacqueline Gonzalez,gowithgonzalez,2026-07,https://tiktok.com/@gowithgonzalez/video/7660217299269438734/,TikTok,2026-07-08 10:55:39,Yes,Yes,,False,0.0,0.0,0.0,0,0,0,,Halo effect upload
29406555,Jacqueline Gonzalez,gowithgonzalez,2026-07,https://www.instagram.com/reel/Da3TNc-x2yZ,Instagram,2026-07-16 11:40:34,Yes,No,,False,0.0,0.0,0.0,0,0,0,,Halo effect upload
29406555,Jacqueline Gonzalez,gowithgonzalez,2026-07,https://www.youtube.com/shorts/hvZZEsWQAQM,YouTube,2026-07-16 12:52:35,No,No,,False,0.0,0.0,0.0,0,0,0,,Halo effect upload
29406555,Jacqueline Gonzalez,gowithgonzalez,2026-07,https://tiktok.com/@gowithgonzalez/video/7663216823575366925/,TikTok,2026-07-16 12:55:19,Yes,No,,False,0.0,0.0,0.0,0,0,0,,Halo effect upload
29406555,Jacqueline Gonzalez,gowithgonzalez,2026-07,https://www.instagram.com/p/DbJKj9bxe76/,Instagram,2026-07-23 10:10:37,Yes,No,,False,0.0,0.0,0.0,0,0,0,,Halo effect upload
29406555,Jacqueline Gonzalez,gowithgonzalez,2026-07,https://tiktok.com/@gowithgonzalez/video/7665773938428923149/,TikTok,2026-07-23 10:18:25,Yes,No,,False,0.0,0.0,0.0,0,0,0,,Halo effect upload
29406555,Jacqueline Gonzalez,gowithgonzalez,2026-07,https://www.instagram.com/reel/DbT8SWhRovW,Instagram,2026-07-27 14:35:48,Yes,No,,False,0.0,0.0,0.0,0,0,0,,Halo effect upload
29406555,Jacqueline Gonzalez,gowithgonzalez,2026-07,https://tiktok.com/@gowithgonzalez/video/7667332103528336671/,TikTok,2026-07-27 15:04:51,Yes,No,,False,0.0,0.0,0.0,0,0,0,,Halo effect upload
28315053,Jae Bae 👸🏾🇧🇸,ithinkthatsjae,2026-09,https://www.instagram.com/p/DdUwO8shsIO/,Instagram,2026-09-15 15:12:58,Yes,No,,False,0.0,0.0,0.0,0,0,0,,Halo effect upload
28315053,Jae Bae 👸🏾🇧🇸,ithinkthatsjae,2026-09,https://www.instagram.com/reel/DdW_59IKSbc,Instagram,2026-09-16 12:10:59,Yes,No,,False,0.0,0.0,0.0,0,0,0,,Halo effect upload
26505930,jalema Wallace,homegirllifestyle,2026-08,https://www.youtube.com/shorts/e_qEw4flJio,YouTube,2026-08-02 07:29:35,Yes,No,,False,0.0,0.0,0.0,0,0,0,,Halo effect upload
26505930,jalema Wallace,homegirllifestyle,2026-08,https://tiktok.com/@homegirllifestyle/video/7669438898216520991/,TikTok,2026-08-02 07:20:30,Yes,No,,False,0.0,0.0,0.0,0,0,0,,Halo effect upload
26505930,jalema Wallace,home_girl_lifestyle,2026-08,https://www.instagram.com/reel/Dbinf40i4iA,Instagram,2026-08-02 07:24:50,Yes,No,,False,0.0,0.0,0.0,0,0,0,,Halo effect upload
26241983,Jalisa Baskin,jai.wayyy,2026-08,https://www.instagram.com/p/DccaSYkMe-G/,Instagram,2026-08-24 18:27:09,Yes,No,,False,0.0,0.0,0.0,0,0,0,,Halo effect upload
26241983,Jalisa Baskin,jai.wayyy,2026-08,https://static-resources.creatoriq.com/instagram-stories/videos/3971528310403515968.mp4,,2026-08-25 06:04:43,Yes,No,,False,0.0,0.0,0.0,0,0,0,,Halo effect upload
23951509,Jami Bukhari,homewithjami,2026-09,https://tiktok.com/@homewithjami/video/7682777361305144607/,TikTok,2026-09-07 06:00:48,Yes,No,,False,0.0,0.0,0.0,0,0,0,,Halo effect upload
23951509,Jami Bukhari,homewithjami,2026-09,https://www.instagram.com/p/DdEZP9KI8FO/,Instagram,2026-09-09 06:45:01,Yes,Yes,,False,0.0,0.0,0.0,0,0,0,,Halo effect upload
23951509,Jami Bukhari,homewithjami,2026-09,https://www.instagram.com/p/DdG_AKtIBZw/,Instagram,2026-09-10 06:52:37,Yes,No,,False,0.0,0.0,0.0,0,0,0,,Halo effect upload
27063811,Jayla Ferrell,jaylaferrell_,2026-07,https://www.instagram.com/reel/DawR6K3lFqX,Instagram,2026-07-13 18:11:03,Yes,No,,False,0.0,0.0,0.0,0,0,0,,Halo effect upload
27063811,Jayla Ferrell,jaylaferrell_,2026-09,https://www.instagram.com/p/Dc7lYxjAKNc/,Instagram,2026-09-05 20:35:41,Yes,No,,False,0.0,0.0,0.0,0,0,0,,Halo effect upload
27063811,Jayla Ferrell,jaylaferrell,2026-09,https://tiktok.com/@jaylaferrell/video/7682260051024727310/,TikTok,2026-09-05 20:32:54,Yes,No,,False,0.0,0.0,0.0,0,0,0,,Halo effect upload
27063811,Jayla Ferrell,506083762596071,2026-09,https://www.facebook.com/reel/925495050639674/,Instagram,2026-09-13 06:37:25,Yes,No,,False,0.0,0.0,0.0,0,0,0,,Halo effect upload
27063811,Jayla Ferrell,jaylaferrell_,2026-09,https://www.instagram.com/reel/DdxwvQtp4d7,Instagram,2026-09-26 21:33:52,Yes,No,,False,0.0,0.0,0.0,0,0,0,,Halo effect upload
27063811,Jayla Ferrell,506083762596071,2026-09,https://www.facebook.com/reel/1785480369135488/,Instagram,2026-09-26 22:09:10,Yes,No,,False,0.0,0.0,0.0,0,0,0,,Halo effect upload
12796072,Jelena H,jay_lina_decor,2026-08,https://www.instagram.com/reel/DcJjFRMPe2M,Instagram,2026-08-17 10:16:28,Yes,No,,False,0.0,0.0,0.0,0,0,0,,Halo effect upload
12796072,Jelena H,jay_lina_decor,2026-08,https://www.tiktok.com/@jay_lina_decor/video/7675048518570020109,TikTok,2026-08-17 10:08:28,Yes,No,,False,0.0,0.0,0.0,0,0,0,,Halo effect upload
12796072,Jelena H,jay_lina_decor,2026-09,https://www.instagram.com/reel/Ddryh17Tpu9,Instagram,2026-09-24 13:54:37,Yes,No,,False,0.0,0.0,0.0,0,0,0,,Halo effect upload
27908368,Jenn Dunning,jenn_dunning,2026-07,https://tiktok.com/@jenn_dunning/video/7658369746739449119/,TikTok,2026-07-03 11:26:16,Yes,Yes,,False,0.0,0.0,0.0,0,0,0,,Halo effect upload
27908368,Jenn Dunning,jenn_dunning,2026-08,https://tiktok.com/@jenn_dunning/video/7677647111202016542/,TikTok,2026-08-24 10:12:21,Yes,No,,False,0.0,0.0,0.0,0,0,0,,Halo effect upload
26536472,Jenn Rogers-Kelley,paisleyathome,2026-07,https://www.instagram.com/reel/DagP-J6uCHO,Instagram,2026-07-07 12:47:28,Yes,No,,False,0.0,0.0,0.0,0,0,0,,Halo effect upload
26536472,Jenn Rogers-Kelley,paisleyathome,2026-07,https://www.instagram.com/reel/DayScw2Bvqm,Instagram,2026-07-14 12:55:18,Yes,No,,False,0.0,0.0,0.0,0,0,0,,Halo effect upload
26536472,Jenn Rogers-Kelley,paisleyathome,2026-07,https://www.instagram.com/reel/DavEj-zOIUx,Instagram,2026-07-13 06:56:20,Yes,No,,False,0.0,0.0,0.0,0,0,0,,Halo effect upload
26536472,Jenn Rogers-Kelley,paisleyathome,2026-07,https://www.instagram.com/reel/DanepmCu0ho,Instagram,2026-07-10 08:11:50,Yes,No,,False,0.0,0.0,0.0,0,0,0,,Halo effect upload
26536472,Jenn Rogers-Kelley,paisleyathome,2026-07,https://www.instagram.com/reel/Da28erFO0lu,Instagram,2026-07-16 08:28:37,Yes,No,,False,0.0,0.0,0.0,0,0,0,,Halo effect upload
26536472,Jenn Rogers-Kelley,paisleyathome,2026-07,https://static-resources.creatoriq.com/instagram-stories/thumbs/3942865136707570655.jpg,,2026-07-16 16:56:13,Yes,No,,False,0.0,0.0,0.0,0,0,0,,Halo effect upload
26536472,Jenn Rogers-Kelley,paisleyathome,2026-07,https://tiktok.com/@paisleyathome/video/7663854962190912798/,TikTok,2026-07-18 06:12:03,Yes,No,,False,0.0,0.0,0.0,0,0,0,,Halo effect upload
26536472,Jenn Rogers-Kelley,paisleyathome,2026-07,https://www.instagram.com/reel/Da5vctaOvMg,Instagram,2026-07-17 10:26:05,Yes,No,,False,0.0,0.0,0.0,0,0,0,,Halo effect upload
26536472,Jenn Rogers-Kelley,paisleyathome,2026-07,https://www.instagram.com/reel/Da73K15OI2u,Instagram,2026-07-18 06:13:00,Yes,No,,False,0.0,0.0,0.0,0,0,0,,Halo effect upload
26536472,Jenn Rogers-Kelley,paisleyathome,2026-07,https://www.instagram.com/reel/DbGumLlMWys,Instagram,2026-07-22 11:26:38,Yes,No,,False,0.0,0.0,0.0,0,0,0,,Halo effect upload
26536472,Jenn Rogers-Kelley,paisleyathome,2026-07,https://www.instagram.com/reel/DbBydgkhomZ,Instagram,2026-07-20 13:26:57,Yes,No,,False,0.0,0.0,0.0,0,0,0,,Halo effect upload
26536472,Jenn Rogers-Kelley,paisleyathome,2026-07,https://www.instagram.com/reel/Dav1ePstdRf,Instagram,2026-07-13 14:04:14,No,No,,False,0.0,0.0,0.0,0,0,0,,Halo effect upload
26536472,Jenn Rogers-Kelley,paisleyathome,2026-07,https://www.instagram.com/reel/DbTJ-KcuRXX,Instagram,2026-07-27 07:21:17,Yes,No,,False,0.0,0.0,0.0,0,0,0,,Halo effect upload
26536472,Jenn Rogers-Kelley,paisleyathome,2026-08,https://www.instagram.com/reel/DblKCDbOTLs,Instagram,2026-08-03 07:03:41,Yes,Yes,,False,0.0,0.0,0.0,0,0,0,,Halo effect upload
26536472,Jenn Rogers-Kelley,paisleyathome1,2026-08,https://www.pinterest.com/pin/1101341283909073455/,,2026-08-02 15:13:53,Yes,No,,False,0.0,0.0,0.0,0,0,0,,Halo effect upload
26536472,Jenn Rogers-Kelley,paisleyathome,2026-08,https://www.instagram.com/reel/DcGxwg7uw1D,Instagram,2026-08-16 08:24:56,Yes,No,,False,0.0,0.0,0.0,0,0,0,,Halo effect upload
26536472,Jenn Rogers-Kelley,paisleyathome,2026-08,https://www.instagram.com/reel/DccRWELOja7,Instagram,2026-08-24 16:48:01,Yes,No,,False,0.0,0.0,0.0,0,0,0,,Halo effect upload
26536472,Jenn Rogers-Kelley,paisleyathome,2026-09,https://www.instagram.com/reel/Dc85g52uyBK,Instagram,2026-09-06 08:53:03,Yes,No,,False,0.0,0.0,0.0,0,0,0,,Halo effect upload
26536472,Jenn Rogers-Kelley,paisleyathome,2026-09,https://www.instagram.com/reel/DdFHf-rJ4ot,Instagram,2026-09-09 13:28:36,Yes,No,,False,0.0,0.0,0.0,0,0,0,,Halo effect upload
26536472,Jenn Rogers-Kelley,paisleyathome,2026-09,https://tiktok.com/@paisleyathome/video/7683638727377210654/,TikTok,2026-09-09 13:42:46,Yes,No,,False,0.0,0.0,0.0,0,0,0,,Halo effect upload
26536472,Jenn Rogers-Kelley,paisleyathome,2026-09,https://www.instagram.com/reel/DdHQgE8OYvL,Instagram,2026-09-10 09:26:48,Yes,No,,False,0.0,0.0,0.0,0,0,0,,Halo effect upload
26536472,Jenn Rogers-Kelley,paisleyathome,2026-09,https://www.instagram.com/reel/Ddm3iUWuCwo,Instagram,2026-09-22 16:03:06,Yes,No,,False,0.0,0.0,0.0,0,0,0,,Halo effect upload
26536472,Jenn Rogers-Kelley,paisleyathome,2026-09,https://www.instagram.com/reel/Dd1jOjiu2VI,Instagram,2026-09-28 08:55:55,Yes,No,,False,0.0,0.0,0.0,0,0,0,,Halo effect upload
29871363,Jennifer Argueta,jennmontoya_,2026-09,https://tiktok.com/@jennmontoya_/video/7683314131511954719/,TikTok,2026-09-08 16:43:13,Yes,No,,False,0.0,0.0,0.0,0,0,0,,Halo effect upload
29871363,Jennifer Argueta,jennmontoya_,2026-09,https://tiktok.com/@jennmontoya_/video/7688860693583367438/,TikTok,2026-09-23 15:26:45,Yes,No,,False,0.0,0.0,0.0,0,0,0,,Halo effect upload
29871363,Jennifer Argueta,jennmontoya_,2026-09,https://tiktok.com/@jennmontoya_/video/7689631452404780302/,TikTok,2026-09-25 17:17:34,Yes,No,,False,0.0,0.0,0.0,0,0,0,,Halo effect upload
27578071,Jennifer Castille 🥳🪩💖,jennifer.castille.1031,2026-07,https://www.instagram.com/p/DaianNQoGBQ,Instagram,2026-07-08 08:57:40,Yes,No,,False,0.0,0.0,0.0,0,0,0,,Halo effect upload
27578071,Jennifer Castille 🥳🪩💖,jennifer.castille.1031,2026-07,https://static-resources.creatoriq.com/instagram-stories/videos/3936828409007450436.mp4,,2026-07-08 09:02:15,Yes,No,,False,0.0,0.0,0.0,0,0,0,,Halo effect upload
27578071,Jennifer Castille 🥳🪩💖,jennifer.castille.1031,2026-07,https://static-resources.creatoriq.com/instagram-stories/videos/3946892310810120524.mp4,,2026-07-22 06:17:03,Yes,No,,False,0.0,0.0,0.0,0,0,0,,Halo effect upload
27578071,Jennifer Castille 🥳🪩💖,jennifer.castille.1031,2026-07,https://static-resources.creatoriq.com/instagram-stories/thumbs/3947728933993747626.jpg,,2026-07-23 09:59:33,Yes,No,,False,0.0,0.0,0.0,0,0,0,,Halo effect upload
27578071,Jennifer Castille 🥳🪩💖,jennifer.castille.1031,2026-08,https://static-resources.creatoriq.com/instagram-stories/videos/3975414910725037407.mp4,,2026-08-30 14:46:48,Yes,No,,False,0.0,0.0,0.0,0,0,0,,Halo effect upload
27578071,Jennifer Castille 🥳🪩💖,jennifer.castille.1031,2026-08,https://www.instagram.com/p/DcrgJlPoE18,Instagram,2026-08-30 14:42:00,Yes,No,,False,0.0,0.0,0.0,0,0,0,,Halo effect upload
27457721,Jennifer Means,jmeans77,2026-09,https://www.instagram.com/p/DdIDUy9Arwi,Instagram,2026-09-10 16:48:09,Yes,No,,False,0.0,0.0,0.0,0,0,0,,Halo effect upload
27457721,Jennifer Means,jmeans77,2026-09,https://www.instagram.com/reel/DdUs6yeAUKi,Instagram,2026-09-15 14:43:48,Yes,No,,False,0.0,0.0,0.0,0,0,0,,Halo effect upload
27260617,Jennifer Sutton,raisingthesuttons,2026-07,https://www.instagram.com/reel/DbTml9TRs3s,Instagram,2026-07-27 11:25:49,Yes,No,,False,0.0,0.0,0.0,0,0,0,,Halo effect upload
26300771,Jennifer Vo,jenniferr.vo,2026-07,https://www.instagram.com/reel/DamC2xkujEj,Instagram,2026-07-09 18:47:25,Yes,No,,False,0.0,0.0,0.0,0,0,0,,Halo effect upload
25014118,Jessica LaFevre,lafevreliving1,2026-07,https://www.instagram.com/reel/DbTHyIiiN-v,Instagram,2026-07-27 06:56:05,Yes,Yes,,False,0.0,0.0,0.0,0,0,0,,Halo effect upload
25014118,Jessica LaFevre,lafevreliving1,2026-09,https://www.instagram.com/p/DdjR-5QCExA/,Instagram,2026-09-21 06:36:06,Yes,No,,False,0.0,0.0,0.0,0,0,0,,Halo effect upload
27911901,Jessica Weintraub,chilldesignsbyjess,2026-07,https://www.instagram.com/reel/Daf2d5EzIWI,Instagram,2026-07-07 09:07:49,Yes,No,,False,0.0,0.0,0.0,0,0,0,,Halo effect upload
27911901,Jessica Weintraub,chilldesignsbyjess,2026-07,https://tiktok.com/@chilldesignsbyjess/video/7659820714999942430/,TikTok,2026-07-07 09:16:50,Yes,No,,False,0.0,0.0,0.0,0,0,0,,Halo effect upload
27911901,Jessica Weintraub,chilldesignsbyjess,2026-07,https://www.instagram.com/p/DalvCeXTLuK/,Instagram,2026-07-09 15:57:13,Yes,No,,False,0.0,0.0,0.0,0,0,0,,Halo effect upload
27911901,Jessica Weintraub,chilldesignsbyjess,2026-07,https://www.instagram.com/p/DbGT6XYzdo1/,Instagram,2026-07-22 07:37:16,Yes,No,,False,0.0,0.0,0.0,0,0,0,,Halo effect upload
27911901,Jessica Weintraub,chilldesignsbyjess,2026-07,https://www.instagram.com/reel/DbMQPZ4TYXY,Instagram,2026-07-24 15:02:35,Yes,No,,False,0.0,0.0,0.0,0,0,0,,Halo effect upload
27911901,Jessica Weintraub,chilldesignsbyjess,2026-08,https://www.instagram.com/reel/Dbl83kfz4uc,Instagram,2026-08-03 14:31:50,Yes,Yes,,False,0.0,0.0,0.0,0,0,0,,Halo effect upload
27911901,Jessica Weintraub,chilldesignsbyjess,2026-08,https://www.instagram.com/p/DcbWuWZz-EK/,Instagram,2026-08-24 08:16:06,Yes,No,,False,0.0,0.0,0.0,0,0,0,,Halo effect upload
27911901,Jessica Weintraub,chilldesignsbyjess,2026-08,https://www.instagram.com/reel/DclcBzrTWht,Instagram,2026-08-28 06:19:16,Yes,Yes,,False,0.0,0.0,0.0,0,0,0,,Halo effect upload
27911901,Jessica Weintraub,chilldesignsbyjess,2026-09,https://www.instagram.com/reel/DcwKsQ-zxER,Instagram,2026-09-01 10:29:26,Yes,No,,False,0.0,0.0,0.0,0,0,0,,Halo effect upload
27911901,Jessica Weintraub,chilldesignsbyjess,2026-09,https://www.instagram.com/p/Dc4brADzvxU/,Instagram,2026-09-04 15:15:12,Yes,No,,False,0.0,0.0,0.0,0,0,0,,Halo effect upload
27911901,Jessica Weintraub,chilldesignsbyjess,2026-09,https://www.instagram.com/p/DdMD4lWIHRy,Instagram,2026-09-12 06:09:57,Yes,No,,False,0.0,0.0,0.0,0,0,0,,Halo effect upload
27911901,Jessica Weintraub,chilldesignsbyjess,2026-09,https://www.instagram.com/reel/DdSCB9uz0Vl,Instagram,2026-09-14 14:04:52,Yes,No,,False,0.0,0.0,0.0,0,0,0,,Halo effect upload
27911901,Jessica Weintraub,chilldesignsbyjess,2026-09,https://www.instagram.com/reel/Ddj139bTFgN,Instagram,2026-09-21 11:56:55,Yes,No,,False,0.0,0.0,0.0,0,0,0,,Halo effect upload
26857082,Jill Jones- thetidytrendy,thetidytrendy,2026-07,https://tiktok.com/@thetidytrendy/video/7659503035328056589/,TikTok,2026-07-06 12:44:18,Yes,No,,False,0.0,0.0,0.0,0,0,0,,Halo effect upload
26857082,Jill Jones- thetidytrendy,thetidytrendy,2026-07,https://www.instagram.com/reel/DaeQumnRTsT,Instagram,2026-07-06 18:19:01,Yes,No,,False,0.0,0.0,0.0,0,0,0,,Halo effect upload
26857082,Jill Jones- thetidytrendy,thetidytrendy,2026-07,https://www.instagram.com/p/DavLrSDRdzN/,Instagram,2026-07-13 07:59:17,Yes,No,,False,0.0,0.0,0.0,0,0,0,,Halo effect upload
26857082,Jill Jones- thetidytrendy,thetidytrendy,2026-07,https://tiktok.com/@thetidytrendy/video/7662021949316549902/,TikTok,2026-07-13 07:38:58,Yes,Yes,,False,0.0,0.0,0.0,0,0,0,,Halo effect upload
26857082,Jill Jones- thetidytrendy,thetidytrendy,2026-07,https://www.instagram.com/p/Da1GequRzb_/,Instagram,2026-07-15 15:11:46,Yes,No,,False,0.0,0.0,0.0,0,0,0,,Halo effect upload
26857082,Jill Jones- thetidytrendy,thetidytrendy,2026-07,https://tiktok.com/@thetidytrendy/video/7662812315036830990/,TikTok,2026-07-15 10:46:03,Yes,No,,False,0.0,0.0,0.0,0,0,0,,Halo effect upload
26857082,Jill Jones- thetidytrendy,thetidytrendy,2026-07,https://www.instagram.com/reel/Da5z_eWRXIR,Instagram,2026-07-17 11:03:03,Yes,No,,False,0.0,0.0,0.0,0,0,0,,Halo effect upload
26857082,Jill Jones- thetidytrendy,thetidytrendy,2026-07,https://tiktok.com/@thetidytrendy/video/7663555011791572238/,TikTok,2026-07-17 10:47:54,Yes,No,,False,0.0,0.0,0.0,0,0,0,,Halo effect upload
26857082,Jill Jones- thetidytrendy,thetidytrendy,2026-07,https://www.instagram.com/reel/DbBOhZgxmBX,Instagram,2026-07-20 08:12:00,Yes,No,,False,0.0,0.0,0.0,0,0,0,,Halo effect upload
26857082,Jill Jones- thetidytrendy,thetidytrendy,2026-07,https://tiktok.com/@thetidytrendy/video/7664623075392015630/,TikTok,2026-07-20 07:52:43,Yes,No,,False,0.0,0.0,0.0,0,0,0,,Halo effect upload
26857082,Jill Jones- thetidytrendy,663091723553160,2026-07,https://www.facebook.com/reel/2925524257781461/,Instagram,2026-07-15 17:18:04,Yes,No,,False,0.0,0.0,0.0,0,0,0,,Halo effect upload
26857082,Jill Jones- thetidytrendy,663091723553160,2026-07,https://www.facebook.com/reel/2217585508999361/,Instagram,2026-07-06 18:51:28,Yes,No,,False,0.0,0.0,0.0,0,0,0,,Halo effect upload
26857082,Jill Jones- thetidytrendy,663091723553160,2026-07,https://www.facebook.com/reel/1760609841613886/,Instagram,2026-07-20 08:39:25,Yes,No,,False,0.0,0.0,0.0,0,0,0,,Halo effect upload
26857082,Jill Jones- thetidytrendy,thetidytrendy,2026-07,https://www.instagram.com/reel/DbG5G4KOTOX,Instagram,2026-07-22 12:58:56,Yes,No,,False,0.0,0.0,0.0,0,0,0,,Halo effect upload
26857082,Jill Jones- thetidytrendy,thetidytrendy,2026-07,https://tiktok.com/@thetidytrendy/video/7665442814402120973/,TikTok,2026-07-22 12:53:38,Yes,No,,False,0.0,0.0,0.0,0,0,0,,Halo effect upload
26857082,Jill Jones- thetidytrendy,thetidytrendy,2026-08,https://www.instagram.com/p/DbhCvmdubgE/,Instagram,2026-08-01 16:43:27,Yes,No,,False,0.0,0.0,0.0,0,0,0,,Halo effect upload
26857082,Jill Jones- thetidytrendy,thetidytrendy,2026-08,https://tiktok.com/@thetidytrendy/video/7669108485648403726/,TikTok,2026-08-01 09:58:20,Yes,No,,False,0.0,0.0,0.0,0,0,0,,Halo effect upload
26857082,Jill Jones- thetidytrendy,thetidytrendy,2026-08,https://www.instagram.com/reel/DbrdNUQueRz,Instagram,2026-08-05 17:47:44,Yes,No,,False,0.0,0.0,0.0,0,0,0,,Halo effect upload
26857082,Jill Jones- thetidytrendy,thetidytrendy,2026-08,https://tiktok.com/@thetidytrendy/video/7670715813615176973/,TikTok,2026-08-05 17:55:21,Yes,Yes,,False,0.0,0.0,0.0,0,0,0,,Halo effect upload
26857082,Jill Jones- thetidytrendy,thetidytrendy,2026-08,https://www.instagram.com/p/Db1PIdlOGGx/,Instagram,2026-08-09 12:58:29,Yes,No,,False,0.0,0.0,0.0,0,0,0,,Halo effect upload
26857082,Jill Jones- thetidytrendy,thetidytrendy,2026-08,https://tiktok.com/@thetidytrendy/video/7672137448893222158/,TikTok,2026-08-09 13:52:10,Yes,No,,False,0.0,0.0,0.0,0,0,0,,Halo effect upload
26857082,Jill Jones- thetidytrendy,thetidytrendy,2026-08,https://www.instagram.com/reel/DcPc0fsRgjc,Instagram,2026-08-19 17:16:02,Yes,No,,False,0.0,0.0,0.0,0,0,0,,Halo effect upload
26857082,Jill Jones- thetidytrendy,thetidytrendy,2026-08,https://tiktok.com/@thetidytrendy/video/7675837574048517390/,TikTok,2026-08-19 13:10:34,Yes,No,,False,0.0,0.0,0.0,0,0,0,,Halo effect upload
26857082,Jill Jones- thetidytrendy,thetidytrendy,2026-08,https://www.instagram.com/reel/DcTyDnKxa68,Instagram,2026-08-21 09:38:13,Yes,No,,False,0.0,0.0,0.0,0,0,0,,Halo effect upload
26857082,Jill Jones- thetidytrendy,thetidytrendy,2026-08,https://tiktok.com/@thetidytrendy/video/7677418980990045454/,TikTok,2026-08-23 19:27:03,Yes,No,,False,0.0,0.0,0.0,0,0,0,,Halo effect upload
26857082,Jill Jones- thetidytrendy,thetidytrendy,2026-08,https://www.instagram.com/reel/DcbDHA2RClT,Instagram,2026-08-24 05:23:10,Yes,No,,False,0.0,0.0,0.0,0,0,0,,Halo effect upload
26857082,Jill Jones- thetidytrendy,thetidytrendy,2026-08,https://tiktok.com/@thetidytrendy/video/7677796573870312717/,TikTok,2026-08-24 19:52:24,Yes,No,,False,0.0,0.0,0.0,0,0,0,,Halo effect upload
26857082,Jill Jones- thetidytrendy,thetidytrendy,2026-08,https://www.instagram.com/p/Dcdh4-Px9vT/,Instagram,2026-08-25 04:29:52,Yes,Yes,,False,0.0,0.0,0.0,0,0,0,,Halo effect upload
26857082,Jill Jones- thetidytrendy,thetidytrendy,2026-08,https://tiktok.com/@thetidytrendy/video/7678904050930175245/,TikTok,2026-08-27 19:29:44,Yes,No,,False,0.0,0.0,0.0,0,0,0,,Halo effect upload
26857082,Jill Jones- thetidytrendy,thetidytrendy,2026-08,https://www.instagram.com/p/DclT7gbxMHe/,Instagram,2026-08-28 05:01:29,Yes,Yes,,False,0.0,0.0,0.0,0,0,0,,Halo effect upload
26857082,Jill Jones- thetidytrendy,663091723553160,2026-08,https://www.facebook.com/reel/3160562447482102/,Instagram,2026-08-19 18:01:05,Yes,No,,False,0.0,0.0,0.0,0,0,0,,Halo effect upload
26857082,Jill Jones- thetidytrendy,663091723553160,2026-08,https://www.facebook.com/reel/1267149575479593/,Instagram,2026-08-21 11:39:13,Yes,No,,False,0.0,0.0,0.0,0,0,0,,Halo effect upload
26857082,Jill Jones- thetidytrendy,663091723553160,2026-08,https://www.facebook.com/reel/2316951202409988/,Instagram,2026-08-28 05:52:17,Yes,No,,False,0.0,0.0,0.0,0,0,0,,Halo effect upload
26857082,Jill Jones- thetidytrendy,663091723553160,2026-08,https://www.facebook.com/reel/1062295069576749/,Instagram,2026-08-05 18:06:38,Yes,No,,False,0.0,0.0,0.0,0,0,0,,Halo effect upload
26857082,Jill Jones- thetidytrendy,663091723553160,2026-08,https://www.facebook.com/reel/1372038654501912/,Instagram,2026-08-25 05:28:56,Yes,No,,False,0.0,0.0,0.0,0,0,0,,Halo effect upload
26857082,Jill Jones- thetidytrendy,663091723553160,2026-08,https://www.facebook.com/reel/1377166297861313/,Instagram,2026-08-01 16:53:18,Yes,No,,False,0.0,0.0,0.0,0,0,0,,Halo effect upload
26857082,Jill Jones- thetidytrendy,663091723553160,2026-08,https://www.facebook.com/reel/1380281893551850/,Instagram,2026-08-24 05:29:17,Yes,No,,False,0.0,0.0,0.0,0,0,0,,Halo effect upload
26857082,Jill Jones- thetidytrendy,663091723553160,2026-08,https://www.facebook.com/reel/4439049226314014/,Instagram,2026-08-09 13:10:05,Yes,No,,False,0.0,0.0,0.0,0,0,0,,Halo effect upload
26857082,Jill Jones- thetidytrendy,thetidytrendy,2026-09,https://tiktok.com/@thetidytrendy/video/7681479972204137741/,TikTok,2026-09-03 18:05:48,Yes,No,,False,0.0,0.0,0.0,0,0,0,,Halo effect upload
26857082,Jill Jones- thetidytrendy,thetidytrendy,2026-09,https://tiktok.com/@thetidytrendy/video/7681638696931577102/,TikTok,2026-09-04 04:21:34,Yes,No,,False,0.0,0.0,0.0,0,0,0,,Halo effect upload
26857082,Jill Jones- thetidytrendy,thetidytrendy,2026-09,https://www.instagram.com/reel/Dc3cVmRRQxz,Instagram,2026-09-04 06:03:25,Yes,No,,False,0.0,0.0,0.0,0,0,0,,Halo effect upload
26857082,Jill Jones- thetidytrendy,thetidytrendy,2026-09,https://tiktok.com/@thetidytrendy/video/7682989577232993550/,TikTok,2026-09-07 19:43:49,Yes,No,,False,0.0,0.0,0.0,0,0,0,,Halo effect upload
26857082,Jill Jones- thetidytrendy,thetidytrendy,2026-09,https://www.instagram.com/reel/DdBloaqRmyj,Instagram,2026-09-08 04:35:00,Yes,No,,False,0.0,0.0,0.0,0,0,0,,Halo effect upload
26857082,Jill Jones- thetidytrendy,thetidytrendy,2026-09,https://www.instagram.com/p/DdIGfJRxSYG/,Instagram,2026-09-10 17:17:40,Yes,No,,False,0.0,0.0,0.0,0,0,0,,Halo effect upload
26857082,Jill Jones- thetidytrendy,thetidytrendy,2026-09,https://tiktok.com/@thetidytrendy/video/7684057373979299086/,TikTok,2026-09-10 16:47:19,Yes,No,,False,0.0,0.0,0.0,0,0,0,,Halo effect upload
26857082,Jill Jones- thetidytrendy,thetidytrendy,2026-09,https://www.instagram.com/p/DdZgLgqJ953/,Instagram,2026-09-17 11:34:52,Yes,No,,False,0.0,0.0,0.0,0,0,0,,Halo effect upload
26857082,Jill Jones- thetidytrendy,thetidytrendy,2026-09,https://tiktok.com/@thetidytrendy/video/7686560310336949518/,TikTok,2026-09-17 10:39:56,Yes,No,,False,0.0,0.0,0.0,0,0,0,,Halo effect upload
26857082,Jill Jones- thetidytrendy,thetidytrendy,2026-09,https://www.instagram.com/p/DdjiX7mx2VY/,Instagram,2026-09-21 09:01:05,Yes,No,,False,0.0,0.0,0.0,0,0,0,,Halo effect upload
26857082,Jill Jones- thetidytrendy,thetidytrendy,2026-09,https://tiktok.com/@thetidytrendy/video/7688018071096691982/,TikTok,2026-09-21 08:57:08,Yes,No,,False,0.0,0.0,0.0,0,0,0,,Halo effect upload
26857082,Jill Jones- thetidytrendy,thetidytrendy,2026-09,https://www.instagram.com/reel/DdrLVLeRNYY,Instagram,2026-09-24 08:13:46,Yes,No,,False,0.0,0.0,0.0,0,0,0,,Halo effect upload
26857082,Jill Jones- thetidytrendy,thetidytrendy,2026-09,https://tiktok.com/@thetidytrendy/video/7689119470677183757/,TikTok,2026-09-24 08:10:49,Yes,No,,False,0.0,0.0,0.0,0,0,0,,Halo effect upload
21580730,Jordana Pereira,lifebyjordana,2026-08,https://www.instagram.com/reel/DcZEggWJNGI,Instagram,2026-08-23 10:57:10,Yes,No,,False,0.0,0.0,0.0,0,0,0,,Halo effect upload
21580730,Jordana Pereira,lifebyjordana,2026-08,https://www.instagram.com/p/DcRs_NEpQmt/,Instagram,2026-08-20 14:19:25,Yes,No,,False,0.0,0.0,0.0,0,0,0,,Halo effect upload
24773235,Joyce Cheng,itsjoycecreates,2026-09,https://www.instagram.com/reel/DcvrV3Jz_DB,Instagram,2026-09-01 05:37:23,Yes,Yes,,False,0.0,0.0,0.0,0,0,0,,Halo effect upload
24773235,Joyce Cheng,oiwajoyce01,2026-09,https://www.pinterest.com/pin/415808978119902952/,,2026-09-01 07:58:03,Yes,No,,False,0.0,0.0,0.0,0,0,0,,Halo effect upload
24773235,Joyce Cheng,itsjoycecreatesnow,2026-09,https://www.youtube.com/shorts/YztDk0hb-nk,YouTube,2026-09-01 08:43:40,Yes,No,,False,0.0,0.0,0.0,0,0,0,,Halo effect upload
24773235,Joyce Cheng,itsjoycecreates,2026-09,https://www.tiktok.com/@itsjoycecreates/video/7680569969486073101,TikTok,2026-09-01 07:14:49,Yes,No,,False,0.0,0.0,0.0,0,0,0,,Halo effect upload
24773235,Joyce Cheng,itsjoycecreates,2026-09,https://www.instagram.com/reel/DcyQM4ET9vY,Instagram,2026-09-02 05:37:53,Yes,No,,False,0.0,0.0,0.0,0,0,0,,Halo effect upload
24773235,Joyce Cheng,itsjoycecreatesnow,2026-09,https://www.youtube.com/shorts/hx24e2jVec4,YouTube,2026-09-02 07:29:59,Yes,No,,False,0.0,0.0,0.0,0,0,0,,Halo effect upload
24773235,Joyce Cheng,itsjoycecreates,2026-09,https://www.tiktok.com/@itsjoycecreates/video/7680936389512383757,TikTok,2026-09-02 06:56:56,Yes,No,,False,0.0,0.0,0.0,0,0,0,,Halo effect upload
24773235,Joyce Cheng,itsjoycecreates,2026-09,https://www.instagram.com/reel/Dc3bymrTbnA,Instagram,2026-09-04 05:55:10,Yes,No,,False,0.0,0.0,0.0,0,0,0,,Halo effect upload
24773235,Joyce Cheng,oiwajoyce01,2026-09,https://www.pinterest.com/pin/415808978119923116/,,2026-09-04 07:37:22,Yes,No,,False,0.0,0.0,0.0,0,0,0,,Halo effect upload
24773235,Joyce Cheng,itsjoycecreates,2026-09,https://www.tiktok.com/@itsjoycecreates/video/7681692587668884749,TikTok,2026-09-04 07:51:02,Yes,Yes,,False,0.0,0.0,0.0,0,0,0,,Halo effect upload
24773235,Joyce Cheng,itsjoycecreatesnow,2026-09,https://www.youtube.com/shorts/M6mnhVjmfVM,YouTube,2026-09-04 08:21:09,Yes,No,,False,0.0,0.0,0.0,0,0,0,,Halo effect upload
24773235,Joyce Cheng,itsjoycecreates,2026-09,https://www.instagram.com/reel/Dc_JGdOTr34,Instagram,2026-09-07 05:46:16,Yes,No,,False,0.0,0.0,0.0,0,0,0,,Halo effect upload
24773235,Joyce Cheng,itsjoycecreates,2026-09,https://www.tiktok.com/@itsjoycecreates/video/7682812818810309901,TikTok,2026-09-07 08:18:01,Yes,Yes,,False,0.0,0.0,0.0,0,0,0,,Halo effect upload
24773235,Joyce Cheng,itsjoycecreatesnow,2026-09,https://www.youtube.com/shorts/FYut2xbnO24,YouTube,2026-09-07 13:50:09,Yes,No,,False,0.0,0.0,0.0,0,0,0,,Halo effect upload
24773235,Joyce Cheng,itsjoycecreates,2026-09,https://www.instagram.com/reel/DdEUaSkz7Cg,Instagram,2026-09-09 06:01:03,Yes,No,,False,0.0,0.0,0.0,0,0,0,,Halo effect upload
24773235,Joyce Cheng,itsjoycecreates,2026-09,https://www.instagram.com/p/DdRK2egzi5A/,Instagram,2026-09-14 05:47:27,Yes,Yes,,False,0.0,0.0,0.0,0,0,0,,Halo effect upload
24773235,Joyce Cheng,itsjoycecreates,2026-09,https://www.tiktok.com/@itsjoycecreates/video/7685391105415810318,TikTok,2026-09-14 07:03:27,Yes,Yes,,False,0.0,0.0,0.0,0,0,0,,Halo effect upload
24773235,Joyce Cheng,itsjoycecreates,2026-09,https://www.tiktok.com/@itsjoycecreates/video/7687996637070839053,TikTok,2026-09-21 07:33:39,Yes,No,,False,0.0,0.0,0.0,0,0,0,,Halo effect upload
28948586,jrdz2009,jrdz2009,2026-07,https://tiktok.com/@jrdz2009/video/7665723477780909326/,TikTok,2026-07-23 07:02:47,Yes,No,,False,0.0,0.0,0.0,0,0,0,,Halo effect upload
32504707,js_612,croft_treasurechest,2026-07,https://www.instagram.com/reel/DaP6eW_NU5j,Instagram,2026-07-01 04:30:09,Yes,No,,False,0.0,0.0,0.0,0,0,0,,Halo effect upload
32504707,js_612,croft_treasurechest,2026-07,https://www.instagram.com/reel/DbGyCBRC0g-,Instagram,2026-07-22 11:57:11,Yes,No,,False,0.0,0.0,0.0,0,0,0,,Halo effect upload
32504707,js_612,croft_treasurechest,2026-07,https://www.instagram.com/reel/DbGx1vzCx3R,Instagram,2026-07-22 11:56:26,Yes,No,,False,0.0,0.0,0.0,0,0,0,,Halo effect upload
32504707,js_612,Croftstreasurechest2,2026-07,https://www.facebook.com/reel/967932989585517/,Instagram,2026-07-22 11:45:26,Yes,No,,False,0.0,0.0,0.0,0,0,0,,Halo effect upload
32504707,js_612,croft_treasurechest,2026-07,https://www.instagram.com/reel/DbIqZnftJ4r,Instagram,2026-07-23 05:29:29,Yes,No,,False,0.0,0.0,0.0,0,0,0,,Halo effect upload
32504707,js_612,Croftstreasurechest2,2026-07,https://www.facebook.com/Croftstreasurechest2/posts/122143622517152154,,2026-07-23 08:26:34,Yes,No,,False,0.0,0.0,0.0,0,0,0,,Halo effect upload
32504707,js_612,Croftstreasurechest2,2026-07,https://www.facebook.com/reel/1748734382820565/,Instagram,2026-07-23 05:20:56,Yes,No,,False,0.0,0.0,0.0,0,0,0,,Halo effect upload
32504707,js_612,croft_treasurechest,2026-07,https://www.instagram.com/reel/DbNy_0sNsyU,Instagram,2026-07-25 05:20:17,Yes,No,,False,0.0,0.0,0.0,0,0,0,,Halo effect upload
32504707,js_612,Croftstreasurechest2,2026-07,https://www.facebook.com/reel/2599181223927408/,Instagram,2026-07-25 05:30:19,Yes,No,,False,0.0,0.0,0.0,0,0,0,,Halo effect upload
32504707,js_612,Croftstreasurechest2,2026-07,https://www.facebook.com/reel/1559413155049049/,Instagram,2026-07-27 04:42:03,Yes,No,,False,0.0,0.0,0.0,0,0,0,,Halo effect upload
32504707,js_612,croft_treasurechest,2026-07,https://www.instagram.com/reel/DbS4pFxNFQ6,Instagram,2026-07-27 04:44:31,Yes,No,,False,0.0,0.0,0.0,0,0,0,,Halo effect upload
32504707,js_612,croft_treasurechest,2026-08,https://www.instagram.com/reel/DcOIS4bNvUQ,Instagram,2026-08-19 04:56:35,Yes,No,,False,0.0,0.0,0.0,0,0,0,,Halo effect upload
32504707,js_612,Croftstreasurechest2,2026-08,https://www.facebook.com/reel/1442893804554283/,Instagram,2026-08-19 05:08:57,Yes,No,,False,0.0,0.0,0.0,0,0,0,,Halo effect upload
24288865,Judith Keriopoulos,makinghomewithjudith,2026-07,https://www.instagram.com/reel/Daxw6DOR1YE,Instagram,2026-07-14 08:01:33,Yes,No,,False,0.0,0.0,0.0,0,0,0,,Halo effect upload
24288865,Judith Keriopoulos,makinghomewithjudith,2026-07,https://www.instagram.com/reel/DazBhV8RhAO,Instagram,2026-07-14 19:47:39,Yes,No,,False,0.0,0.0,0.0,0,0,0,,Halo effect upload
24288865,Judith Keriopoulos,makinghomewithjudith,2026-07,https://www.instagram.com/p/Da2wYs1RT7K/,Instagram,2026-07-16 06:33:54,Yes,No,,False,0.0,0.0,0.0,0,0,0,,Halo effect upload
24288865,Judith Keriopoulos,makinghomewithjudith,2026-07,https://www.youtube.com/shorts/yLyAkNdcKYg,YouTube,2026-07-16 06:41:14,No,No,,False,0.0,0.0,0.0,0,0,0,,Halo effect upload
24288865,Judith Keriopoulos,makinghomewithjudith,2026-07,https://www.youtube.com/shorts/BRU2SigqdAA,YouTube,2026-07-16 07:11:57,No,No,,False,0.0,0.0,0.0,0,0,0,,Halo effect upload
27604142,Julie,triedandtruemomlife,2026-09,https://www.pinterest.com/pin/1131670212654884452/,,2026-09-01 13:36:55,Yes,No,,False,0.0,0.0,0.0,0,0,0,,Halo effect upload
27003703,Julie Berset,citycactuscountryhome,2026-07,https://www.facebook.com/citycactuscountryhome/posts/1475618127943548,,2026-07-01 15:13:25,No,No,,False,0.0,0.0,0.0,0,0,0,,Halo effect upload
27003703,Julie Berset,citycactuscountry,2026-07,https://tiktok.com/@citycactuscountry/video/7662981375544315166/,TikTok,2026-07-15 21:41:43,Yes,No,,False,0.0,0.0,0.0,0,0,0,,Halo effect upload
27003703,Julie Berset,citycactuscountry,2026-07,https://tiktok.com/@citycactuscountry/video/7662979150898040094/,TikTok,2026-07-15 21:33:06,Yes,Yes,,False,0.0,0.0,0.0,0,0,0,,Halo effect upload
27003703,Julie Berset,citycactuscountry,2026-07,https://tiktok.com/@citycactuscountry/video/7663361342572596511/,TikTok,2026-07-16 22:16:13,Yes,No,,False,0.0,0.0,0.0,0,0,0,,Halo effect upload
27003703,Julie Berset,citycactuscountryhome,2026-07,https://www.instagram.com/reel/DbDPr93Srfx,Instagram,2026-07-21 03:00:48,Yes,No,,False,0.0,0.0,0.0,0,0,0,,Halo effect upload
27003703,Julie Berset,citycactuscountryhome,2026-07,https://www.instagram.com/reel/DbH6kcRSZL3,Instagram,2026-07-22 22:30:29,Yes,No,,False,0.0,0.0,0.0,0,0,0,,Halo effect upload
27003703,Julie Berset,citycactuscountry,2026-07,https://tiktok.com/@citycactuscountry/video/7665603893396507935/,TikTok,2026-07-22 23:18:34,Yes,No,,False,0.0,0.0,0.0,0,0,0,,Halo effect upload
27003703,Julie Berset,citycactuscountry,2026-07,https://tiktok.com/@citycactuscountry/video/7665590349967985950/,TikTok,2026-07-22 22:25:56,Yes,No,,False,0.0,0.0,0.0,0,0,0,,Halo effect upload
27003703,Julie Berset,citycactuscountry,2026-08,https://tiktok.com/@citycactuscountry/video/7669309483247602974/,TikTok,2026-08-01 22:58:02,Yes,No,,False,0.0,0.0,0.0,0,0,0,,Halo effect upload
27003703,Julie Berset,citycactuscountryhome,2026-08,https://www.instagram.com/reel/Dbj54vryrBM,Instagram,2026-08-02 19:23:27,Yes,No,,False,0.0,0.0,0.0,0,0,0,,Halo effect upload
27003703,Julie Berset,citycactuscountryhome,2026-08,https://www.facebook.com/reel/2475374176277439/,Instagram,2026-08-02 19:20:44,Yes,No,,False,0.0,0.0,0.0,0,0,0,,Halo effect upload
27003703,Julie Berset,citycactuscountryhome,2026-08,https://www.instagram.com/reel/DctMEMpS0ZL,Instagram,2026-08-31 06:26:50,Yes,No,,False,0.0,0.0,0.0,0,0,0,,Halo effect upload
27003703,Julie Berset,citycactuscountryhome,2026-08,https://www.instagram.com/reel/DctMVviS-nq,Instagram,2026-08-31 06:28:44,Yes,No,,False,0.0,0.0,0.0,0,0,0,,Halo effect upload
27003703,Julie Berset,citycactuscountryhome,2026-08,https://www.facebook.com/reel/1773689900724526/,Instagram,2026-08-31 06:24:37,Yes,No,,False,0.0,0.0,0.0,0,0,0,,Halo effect upload
27003703,Julie Berset,citycactuscountryhome,2026-08,https://www.facebook.com/reel/1032311389844626/,Instagram,2026-08-31 06:21:41,Yes,No,,False,0.0,0.0,0.0,0,0,0,,Halo effect upload
27003703,Julie Berset,citycactuscountry,2026-08,https://tiktok.com/@citycactuscountry/video/7680177784202775839/,TikTok,2026-08-31 05:52:49,Yes,No,,False,0.0,0.0,0.0,0,0,0,,Halo effect upload
27003703,Julie Berset,citycactuscountry,2026-08,https://tiktok.com/@citycactuscountry/video/7680183324576369951/,TikTok,2026-08-31 06:14:20,Yes,No,,False,0.0,0.0,0.0,0,0,0,,Halo effect upload
27003703,Julie Berset,citycactuscountry,2026-09,https://tiktok.com/@citycactuscountry/video/7683127368906460447/,TikTok,2026-09-08 04:38:20,Yes,No,,False,0.0,0.0,0.0,0,0,0,,Halo effect upload
27003703,Julie Berset,citycactuscountry,2026-09,https://tiktok.com/@citycactuscountry/video/7688438715827359006/,TikTok,2026-09-22 12:09:14,Yes,No,,False,0.0,0.0,0.0,0,0,0,,Halo effect upload
27003703,Julie Berset,citycactuscountry,2026-09,https://tiktok.com/@citycactuscountry/video/7688420905965473055/,TikTok,2026-09-22 11:00:16,Yes,No,,False,0.0,0.0,0.0,0,0,0,,Halo effect upload
27003703,Julie Berset,citycactuscountryhome,2026-09,https://www.facebook.com/reel/1823418258541703/,Instagram,2026-09-23 13:45:39,Yes,No,,False,0.0,0.0,0.0,0,0,0,,Halo effect upload
27003703,Julie Berset,citycactuscountryhome,2026-09,https://www.instagram.com/reel/DdpM6WCSIR9,Instagram,2026-09-23 13:47:37,Yes,No,,False,0.0,0.0,0.0,0,0,0,,Halo effect upload
27003703,Julie Berset,citycactuscountry,2026-09,https://tiktok.com/@citycactuscountry/video/7688833704013090079/,TikTok,2026-09-23 13:41:55,Yes,No,,False,0.0,0.0,0.0,0,0,0,,Halo effect upload
27003703,Julie Berset,citycactuscountry,2026-09,https://tiktok.com/@citycactuscountry/video/7689379112091225374/,TikTok,2026-09-25 00:59:56,Yes,No,,False,0.0,0.0,0.0,0,0,0,,Halo effect upload
26952770,June Cruz,enamourstyle,2026-07,https://www.facebook.com/reel/881326028378484/,Instagram,2026-07-19 16:43:59,Yes,No,,False,0.0,0.0,0.0,0,0,0,,Halo effect upload
26952770,June Cruz,enamour_home,2026-07,https://www.instagram.com/reel/Da_kM53xu4k,Instagram,2026-07-19 16:43:43,Yes,No,,False,0.0,0.0,0.0,0,0,0,,Halo effect upload
26952770,June Cruz,enamour_home,2026-07,https://tiktok.com/@enamour_home/video/7664586506748677389/,TikTok,2026-07-20 05:31:20,Yes,No,,False,0.0,0.0,0.0,0,0,0,,Halo effect upload
26952770,June Cruz,enamour,2026-07,https://www.pinterest.com/pin/68187381856567019/,,2026-07-20 16:57:37,Yes,No,,False,0.0,0.0,0.0,0,0,0,,Halo effect upload
26952770,June Cruz,enamour_home,2026-07,https://www.youtube.com/shorts/EBTnf1BkWNo,YouTube,2026-07-29 07:20:55,No,No,,False,0.0,0.0,0.0,0,0,0,,Halo effect upload
26952770,June Cruz,enamour,2026-08,https://www.pinterest.com/pin/68187381856620425/,,2026-08-10 10:10:04,Yes,No,,False,0.0,0.0,0.0,0,0,0,,Halo effect upload
26952770,June Cruz,enamour,2026-08,https://www.pinterest.com/pin/68187381856639664/,,2026-08-16 10:31:02,Yes,No,,False,0.0,0.0,0.0,0,0,0,,Halo effect upload
26952770,June Cruz,enamour,2026-08,https://www.pinterest.com/pin/68187381856654190/,,2026-08-21 13:49:22,Yes,Yes,,False,0.0,0.0,0.0,0,0,0,,Halo effect upload
26952770,June Cruz,enamour,2026-08,https://www.pinterest.com/pin/68187381856659252/,,2026-08-23 10:35:02,Yes,No,,False,0.0,0.0,0.0,0,0,0,,Halo effect upload
26952770,June Cruz,enamour,2026-08,https://www.pinterest.com/pin/68187381856667822/,,2026-08-26 09:49:48,Yes,No,,False,0.0,0.0,0.0,0,0,0,,Halo effect upload
26952770,June Cruz,enamour_home,2026-08,https://www.instagram.com/reel/Db7ENaFx-Bq,Instagram,2026-08-11 19:25:13,Yes,No,,False,0.0,0.0,0.0,0,0,0,,Halo effect upload
26952770,June Cruz,enamour,2026-08,https://www.pinterest.com/pin/68187381856679057/,,2026-08-30 10:30:25,Yes,No,,False,0.0,0.0,0.0,0,0,0,,Halo effect upload
26952770,June Cruz,enamour,2026-09,https://www.pinterest.com/pin/68187381856694168/,,2026-09-05 07:15:52,Yes,No,,False,0.0,0.0,0.0,0,0,0,,Halo effect upload
26952770,June Cruz,enamour,2026-09,https://www.pinterest.com/pin/68187381856694461/,,2026-09-05 10:17:56,Yes,No,,False,0.0,0.0,0.0,0,0,0,,Halo effect upload
26952770,June Cruz,enamour,2026-09,https://www.pinterest.com/pin/68187381856694466/,,2026-09-05 10:21:39,Yes,No,,False,0.0,0.0,0.0,0,0,0,,Halo effect upload
26952770,June Cruz,enamour,2026-09,https://www.pinterest.com/pin/68187381856704626/,,2026-09-09 11:16:02,Yes,No,,False,0.0,0.0,0.0,0,0,0,,Halo effect upload
35128960,Kaitlyn Dedo,_kaitlyndedo,2026-08,https://www.instagram.com/reel/Db9cASeAhSS,Instagram,2026-08-12 17:33:35,Yes,No,,False,0.0,0.0,0.0,0,0,0,,Halo effect upload
35128960,Kaitlyn Dedo,dedodreamhouse,2026-08,https://tiktok.com/@dedodreamhouse/video/7673696195444837646/,TikTok,2026-08-13 18:40:47,Yes,Yes,,False,0.0,0.0,0.0,0,0,0,,Halo effect upload
35128960,Kaitlyn Dedo,_kaitlyndedo,2026-08,https://www.instagram.com/p/DcUqe2LA2mu/,Instagram,2026-08-21 17:58:45,Yes,No,,False,0.0,0.0,0.0,0,0,0,,Halo effect upload
35128960,Kaitlyn Dedo,dedodreamhouse,2026-08,https://tiktok.com/@dedodreamhouse/video/7676653821518449934/,TikTok,2026-08-21 17:57:47,Yes,No,,False,0.0,0.0,0.0,0,0,0,,Halo effect upload
35128960,Kaitlyn Dedo,_kaitlyndedo,2026-09,https://www.instagram.com/reel/Dd2h9EzgRYi,Instagram,2026-09-28 18:05:48,Yes,No,,False,0.0,0.0,0.0,0,0,0,,Halo effect upload
35128960,Kaitlyn Dedo,dedodreamhouse,2026-09,https://tiktok.com/@dedodreamhouse/video/7690786770107108621/,TikTok,2026-09-28 20:00:56,Yes,No,,False,0.0,0.0,0.0,0,0,0,,Halo effect upload
28413399,kamrynnnrose,kamrynnnrose,2026-07,https://www.tiktok.com/@kamrynnnrose/video/7665525548445191438,TikTok,2026-07-22 18:14:27,Yes,No,,False,0.0,0.0,0.0,0,0,0,,Halo effect upload
28413399,kamrynnnrose,kamrynnnrose,2026-07,https://www.tiktok.com/@kamrynnnrose/video/7668392647249120526,TikTok,2026-07-30 11:40:06,Yes,No,,False,0.0,0.0,0.0,0,0,0,,Halo effect upload
27233433,Karisma Angelle,karismaangelle,2026-08,https://tiktok.com/@karismaangelle/video/7675023231761337630/,TikTok,2026-08-17 08:30:35,Yes,No,,False,0.0,0.0,0.0,0,0,0,,Halo effect upload
32180717,Kasca Shand,kasca.shand,2026-09,https://tiktok.com/@kasca.shand/video/7681798857189068046/,TikTok,2026-09-04 14:43:15,Yes,No,,False,0.0,0.0,0.0,0,0,0,,Halo effect upload
32180717,Kasca Shand,kasca.shand,2026-09,https://tiktok.com/@kasca.shand/video/7683003415827369230/,TikTok,2026-09-07 20:37:23,Yes,Yes,,False,0.0,0.0,0.0,0,0,0,,Halo effect upload
32180717,Kasca Shand,kasca.shand,2026-09,https://tiktok.com/@kasca.shand/video/7684817965006458126/,TikTok,2026-09-12 17:58:48,Yes,No,,False,0.0,0.0,0.0,0,0,0,,Halo effect upload
32180717,Kasca Shand,kasca.shand,2026-09,https://tiktok.com/@kasca.shand/video/7684863500660919565/,TikTok,2026-09-12 20:55:37,Yes,No,,False,0.0,0.0,0.0,0,0,0,,Halo effect upload
32180717,Kasca Shand,kasca.shand,2026-09,https://tiktok.com/@kasca.shand/video/7687697065459125518/,TikTok,2026-09-20 12:11:17,Yes,No,,False,0.0,0.0,0.0,0,0,0,,Halo effect upload
32180717,Kasca Shand,kasca.shand,2026-09,https://tiktok.com/@kasca.shand/video/7687753549601656077/,TikTok,2026-09-20 15:50:33,Yes,No,,False,0.0,0.0,0.0,0,0,0,,Halo effect upload
32180717,Kasca Shand,kascashand,2026-09,https://www.instagram.com/reel/DdhxtUjRwyH,Instagram,2026-09-20 16:37:38,Yes,No,,False,0.0,0.0,0.0,0,0,0,,Halo effect upload
32180717,Kasca Shand,kasca.shand,2026-09,https://tiktok.com/@kasca.shand/video/7690034960505523469/,TikTok,2026-09-26 19:23:31,Yes,No,,False,0.0,0.0,0.0,0,0,0,,Halo effect upload
33978908,Katherine Perez,kathybehindthelens,2026-07,https://www.instagram.com/reel/Da268YIR41A,Instagram,2026-07-16 08:07:31,Yes,No,,False,0.0,0.0,0.0,0,0,0,,Halo effect upload
28414184,Katrina Kennedy,home.withkatrina,2026-09,https://static-resources.creatoriq.com/instagram-stories/videos/3996344762630136764.mp4,,2026-09-28 11:50:37,Yes,No,,False,0.0,0.0,0.0,0,0,0,,Halo effect upload
28414184,Katrina Kennedy,home.withkatrina,2026-09,https://www.instagram.com/reel/Dd119pzpDGB,Instagram,2026-09-28 11:38:45,Yes,No,,False,0.0,0.0,0.0,0,0,0,,Halo effect upload
28414184,Katrina Kennedy,homewithkatrina,2026-09,https://tiktok.com/@homewithkatrina/video/7690658100839271710/,TikTok,2026-09-28 11:41:43,Yes,No,,False,0.0,0.0,0.0,0,0,0,,Halo effect upload
29948234,Kayla Sue Roberts,kaylasuestyled,2026-07,https://tiktok.com/@kaylasuestyled/video/7657554038208072973/,TikTok,2026-07-01 06:41:09,Yes,No,,False,0.0,0.0,0.0,0,0,0,,Halo effect upload
29948234,Kayla Sue Roberts,kaylasuestyled,2026-07,https://www.facebook.com/reel/1457059243109661/,Instagram,2026-07-11 05:31:50,Yes,No,,False,0.0,0.0,0.0,0,0,0,,Halo effect upload
29948234,Kayla Sue Roberts,kaylasuestyled,2026-07,https://www.instagram.com/reel/DapxBlgO1G1,Instagram,2026-07-11 05:31:34,Yes,No,,False,0.0,0.0,0.0,0,0,0,,Halo effect upload
29948234,Kayla Sue Roberts,kaylasuestyled,2026-07,https://tiktok.com/@kaylasuestyled/video/7661253585082010893/,TikTok,2026-07-11 05:57:29,Yes,Yes,,False,0.0,0.0,0.0,0,0,0,,Halo effect upload
29948234,Kayla Sue Roberts,kaylasuestyled,2026-07,https://www.pinterest.com/pin/285415695131055079/,,2026-07-11 20:57:30,Yes,No,,False,0.0,0.0,0.0,0,0,0,,Halo effect upload
29948234,Kayla Sue Roberts,kaylasuestyled,2026-07,https://www.youtube.com/shorts/uVRzMjmEyr4,YouTube,2026-07-14 09:29:16,Yes,No,,False,0.0,0.0,0.0,0,0,0,,Halo effect upload
29948234,Kayla Sue Roberts,kaylasuestyled,2026-08,https://www.instagram.com/reel/DbwMKq0p-EG,Instagram,2026-08-07 13:53:18,Yes,No,,False,0.0,0.0,0.0,0,0,0,,Halo effect upload
29948234,Kayla Sue Roberts,kaylasuestyled,2026-08,https://www.instagram.com/reel/DbwMdnLJiaz,Instagram,2026-08-07 13:56:22,Yes,No,,False,0.0,0.0,0.0,0,0,0,,Halo effect upload
29948234,Kayla Sue Roberts,kaylasuestyled,2026-08,https://www.instagram.com/reel/DcE1PM3Jlzb,Instagram,2026-08-15 14:18:58,Yes,Yes,,False,0.0,0.0,0.0,0,0,0,,Halo effect upload
29948234,Kayla Sue Roberts,kaylasuestyled,2026-08,https://www.facebook.com/reel/925561669979165/,Instagram,2026-08-15 14:19:32,Yes,No,,False,0.0,0.0,0.0,0,0,0,,Halo effect upload
29948234,Kayla Sue Roberts,kaylasuestyled,2026-08,https://tiktok.com/@kaylasuestyled/video/7674372830900899086/,TikTok,2026-08-15 14:26:29,Yes,No,,False,0.0,0.0,0.0,0,0,0,,Halo effect upload
29948234,Kayla Sue Roberts,kaylasuestyled,2026-09,https://www.instagram.com/reel/DdmkYtppK60,Instagram,2026-09-22 13:15:37,Yes,No,,False,0.0,0.0,0.0,0,0,0,,Halo effect upload
27109020,Keara Douglas,k_dougde,2026-08,https://www.instagram.com/p/Dch05Cnz2Sg/,Instagram,2026-08-26 20:32:29,Yes,No,,False,0.0,0.0,0.0,0,0,0,,Halo effect upload
27109020,Keara Douglas,k_dougde,2026-09,https://www.instagram.com/reel/DczVT9VzhFX,Instagram,2026-09-02 15:46:11,Yes,No,,False,0.0,0.0,0.0,0,0,0,,Halo effect upload
34870547,Ken's Beauty Bar,kens.beauty.bar,2026-08,https://www.instagram.com/p/DcIA8_dxdmo/,Instagram,2026-08-16 19:57:08,Yes,No,,False,0.0,0.0,0.0,0,0,0,,Halo effect upload
25911907,Keona Crenshaw,keona.nicole_,2026-07,https://tiktok.com/@keona.nicole_/video/7663686638928760095/,TikTok,2026-07-17 19:18:32,Yes,No,,False,0.0,0.0,0.0,0,0,0,,Halo effect upload
25911907,Keona Crenshaw,keona.nicole_,2026-07,https://tiktok.com/@keona.nicole_/video/7663652612272622878/,TikTok,2026-07-17 17:06:28,Yes,Yes,,False,0.0,0.0,0.0,0,0,0,,Halo effect upload
25911907,Keona Crenshaw,keona.nicole_,2026-07,https://tiktok.com/@keona.nicole_/video/7664753643190619406/,TikTok,2026-07-20 16:19:12,Yes,No,,False,0.0,0.0,0.0,0,0,0,,Halo effect upload
25911907,Keona Crenshaw,keonasdeals,2026-07,https://tiktok.com/@keonasdeals/video/7666209174782577950/,TikTok,2026-07-24 14:27:07,Yes,No,,False,0.0,0.0,0.0,0,0,0,,Halo effect upload
25911907,Keona Crenshaw,keonasdeals,2026-07,https://www.youtube.com/shorts/u4C7TSNWqsI,YouTube,2026-07-24 19:39:16,Yes,No,,False,0.0,0.0,0.0,0,0,0,,Halo effect upload
25911907,Keona Crenshaw,keonasdeals,2026-07,https://www.youtube.com/shorts/snUfCvrwOys,YouTube,2026-07-24 19:32:07,Yes,No,,False,0.0,0.0,0.0,0,0,0,,Halo effect upload
25911907,Keona Crenshaw,keonasdeals,2026-07,https://tiktok.com/@keonasdeals/video/7666239161673714974/,TikTok,2026-07-24 16:23:27,Yes,No,,False,0.0,0.0,0.0,0,0,0,,Halo effect upload
25911907,Keona Crenshaw,keonasdeals,2026-07,https://tiktok.com/@keonasdeals/video/7666229820673494303/,TikTok,2026-07-24 15:47:12,Yes,No,,False,0.0,0.0,0.0,0,0,0,,Halo effect upload
25911907,Keona Crenshaw,keonasdeals,2026-07,https://tiktok.com/@keonasdeals/video/7666219493454007582/,TikTok,2026-07-24 15:07:08,Yes,No,,False,0.0,0.0,0.0,0,0,0,,Halo effect upload
25911907,Keona Crenshaw,keonasdeals,2026-07,https://tiktok.com/@keonasdeals/video/7666222621981281567/,TikTok,2026-07-24 15:19:20,Yes,No,,False,0.0,0.0,0.0,0,0,0,,Halo effect upload
25911907,Keona Crenshaw,keonasdeals,2026-07,https://www.youtube.com/shorts/atierANXbTs,YouTube,2026-07-24 19:53:58,Yes,No,,False,0.0,0.0,0.0,0,0,0,,Halo effect upload
25911907,Keona Crenshaw,keonasdeals,2026-07,https://www.youtube.com/shorts/xvUc7u6zrVM,YouTube,2026-07-24 19:48:57,Yes,No,,False,0.0,0.0,0.0,0,0,0,,Halo effect upload
25911907,Keona Crenshaw,keonasdeals,2026-07,https://www.youtube.com/shorts/FGDcT6Yboz4,YouTube,2026-07-24 19:59:34,Yes,No,,False,0.0,0.0,0.0,0,0,0,,Halo effect upload
25911907,Keona Crenshaw,home.health.lifestyle_,2026-07,https://www.instagram.com/reel/DbMzLpXhNgv,Instagram,2026-07-24 20:02:46,Yes,No,,False,0.0,0.0,0.0,0,0,0,,Halo effect upload
25911907,Keona Crenshaw,home.health.lifestyle_,2026-07,https://www.instagram.com/reel/DbM9-ziBkKE,Instagram,2026-07-24 21:35:28,Yes,No,,False,0.0,0.0,0.0,0,0,0,,Halo effect upload
25911907,Keona Crenshaw,home.health.lifestyle_,2026-07,https://www.instagram.com/reel/DbM8kjhBYRw,Instagram,2026-07-24 21:25:18,Yes,No,,False,0.0,0.0,0.0,0,0,0,,Halo effect upload
25911907,Keona Crenshaw,home.health.lifestyle_,2026-07,https://www.instagram.com/reel/DbM9Iq-h4Q2,Instagram,2026-07-24 21:29:10,Yes,No,,False,0.0,0.0,0.0,0,0,0,,Halo effect upload
25911907,Keona Crenshaw,home.health.lifestyle_,2026-07,https://www.instagram.com/reel/DbM89L-BuFR,Instagram,2026-07-24 21:26:58,Yes,No,,False,0.0,0.0,0.0,0,0,0,,Halo effect upload
25911907,Keona Crenshaw,home.health.lifestyle_,2026-07,https://www.instagram.com/reel/DbRyyb1hOxT,Instagram,2026-07-26 18:35:49,Yes,No,,False,0.0,0.0,0.0,0,0,0,,Halo effect upload
25911907,Keona Crenshaw,keonasdeals,2026-07,https://tiktok.com/@keonasdeals/video/7668865085351185695/,TikTok,2026-07-31 18:13:27,Yes,Yes,,False,0.0,0.0,0.0,0,0,0,,Halo effect upload
25911907,Keona Crenshaw,keonasdeals,2026-08,https://tiktok.com/@keonasdeals/video/7669228650960637215/,TikTok,2026-08-01 17:44:17,Yes,No,,False,0.0,0.0,0.0,0,0,0,,Halo effect upload
25911907,Keona Crenshaw,home.health.lifestyle_,2026-08,https://www.instagram.com/reel/DbhKQ7EhUJ-,Instagram,2026-08-01 17:47:59,Yes,No,,False,0.0,0.0,0.0,0,0,0,,Halo effect upload
25911907,Keona Crenshaw,keona.nicole_,2026-08,https://tiktok.com/@keona.nicole_/video/7671839793063398669/,TikTok,2026-08-08 18:36:54,Yes,Yes,,False,0.0,0.0,0.0,0,0,0,,Halo effect upload
25911907,Keona Crenshaw,keona.nicole_,2026-08,https://tiktok.com/@keona.nicole_/video/7671837040463400206/,TikTok,2026-08-08 18:26:18,Yes,No,,False,0.0,0.0,0.0,0,0,0,,Halo effect upload
25911907,Keona Crenshaw,home.health.lifestyle_,2026-08,https://www.instagram.com/reel/Db5ucxjht5_,Instagram,2026-08-11 06:46:10,Yes,No,,False,0.0,0.0,0.0,0,0,0,,Halo effect upload
25911907,Keona Crenshaw,home.health.lifestyle_,2026-08,https://www.instagram.com/reel/Db5uqw5BA6L,Instagram,2026-08-11 06:47:24,Yes,No,,False,0.0,0.0,0.0,0,0,0,,Halo effect upload
25911907,Keona Crenshaw,home.health.lifestyle_,2026-08,https://www.instagram.com/reel/Db5uwSTBXvE,Instagram,2026-08-11 06:48:17,Yes,No,,False,0.0,0.0,0.0,0,0,0,,Halo effect upload
25911907,Keona Crenshaw,keonasdeals,2026-08,https://www.youtube.com/shorts/ciesmsx98UA,YouTube,2026-08-11 06:53:08,Yes,No,,False,0.0,0.0,0.0,0,0,0,,Halo effect upload
25911907,Keona Crenshaw,keonasdeals,2026-08,https://www.youtube.com/shorts/3Xh_Go6vENs,YouTube,2026-08-11 06:33:18,Yes,No,,False,0.0,0.0,0.0,0,0,0,,Halo effect upload
25911907,Keona Crenshaw,keonasdeals,2026-08,https://www.youtube.com/shorts/NxIC3wSVBok,YouTube,2026-08-11 06:30:55,Yes,No,,False,0.0,0.0,0.0,0,0,0,,Halo effect upload
25911907,Keona Crenshaw,keona.nicole_,2026-08,https://tiktok.com/@keona.nicole_/video/7673313379158641933/,TikTok,2026-08-12 17:55:13,Yes,No,,False,0.0,0.0,0.0,0,0,0,,Halo effect upload
25911907,Keona Crenshaw,keona.nicole_,2026-08,https://tiktok.com/@keona.nicole_/video/7673319156791463182/,TikTok,2026-08-12 18:17:40,Yes,No,,False,0.0,0.0,0.0,0,0,0,,Halo effect upload
25911907,Keona Crenshaw,home.health.lifestyle_,2026-08,https://www.instagram.com/reel/Db-UhLihsJd,Instagram,2026-08-13 01:35:19,Yes,No,,False,0.0,0.0,0.0,0,0,0,,Halo effect upload
25911907,Keona Crenshaw,home.health.lifestyle_,2026-08,https://www.instagram.com/reel/Db-UthIhfzf,Instagram,2026-08-13 01:37:06,Yes,No,,False,0.0,0.0,0.0,0,0,0,,Halo effect upload
25911907,Keona Crenshaw,keonasdeals,2026-08,https://www.youtube.com/shorts/7ELoXNJZKxs,YouTube,2026-08-13 01:42:03,Yes,No,,False,0.0,0.0,0.0,0,0,0,,Halo effect upload
25911907,Keona Crenshaw,keonasdeals,2026-08,https://www.youtube.com/shorts/edyD-j391oE,YouTube,2026-08-13 01:40:35,Yes,No,,False,0.0,0.0,0.0,0,0,0,,Halo effect upload
25911907,Keona Crenshaw,keona.nicole_,2026-08,https://tiktok.com/@keona.nicole_/video/7674103285640367373/,TikTok,2026-08-14 21:00:18,Yes,No,,False,0.0,0.0,0.0,0,0,0,,Halo effect upload
25911907,Keona Crenshaw,keonasdeals,2026-08,https://www.youtube.com/shorts/f_a7gUzuGfE,YouTube,2026-08-15 06:47:12,Yes,No,,False,0.0,0.0,0.0,0,0,0,,Halo effect upload
25911907,Keona Crenshaw,home.health.lifestyle_,2026-08,https://www.instagram.com/reel/DcEBWhDh5d5,Instagram,2026-08-15 06:44:02,Yes,No,,False,0.0,0.0,0.0,0,0,0,,Halo effect upload
25911907,Keona Crenshaw,home.health.lifestyle_,2026-08,https://www.instagram.com/reel/DcEKuB0h-rO,Instagram,2026-08-15 08:04:45,Yes,No,,False,0.0,0.0,0.0,0,0,0,,Halo effect upload
25911907,Keona Crenshaw,keonasdeals,2026-08,https://www.youtube.com/shorts/lsF6MzUkmc4,YouTube,2026-08-15 08:06:48,Yes,No,,False,0.0,0.0,0.0,0,0,0,,Halo effect upload
25911907,Keona Crenshaw,keona.nicole_,2026-08,https://tiktok.com/@keona.nicole_/video/7674273910304673038/,TikTok,2026-08-15 08:02:56,Yes,Yes,,False,0.0,0.0,0.0,0,0,0,,Halo effect upload
25911907,Keona Crenshaw,keona.nicole_,2026-08,https://tiktok.com/@keona.nicole_/video/7674420423878003998/,TikTok,2026-08-15 17:31:01,Yes,No,,False,0.0,0.0,0.0,0,0,0,,Halo effect upload
25911907,Keona Crenshaw,home.health.lifestyle_,2026-08,https://www.instagram.com/reel/DcFLsqIho3I,Instagram,2026-08-15 17:32:51,Yes,No,,False,0.0,0.0,0.0,0,0,0,,Halo effect upload
25911907,Keona Crenshaw,home.health.lifestyle_,2026-08,https://www.instagram.com/reel/DcFOMzch0dS,Instagram,2026-08-15 17:54:24,Yes,No,,False,0.0,0.0,0.0,0,0,0,,Halo effect upload
25911907,Keona Crenshaw,keona.nicole_,2026-08,https://tiktok.com/@keona.nicole_/video/7674426194024074509/,TikTok,2026-08-15 17:53:28,Yes,No,,False,0.0,0.0,0.0,0,0,0,,Halo effect upload
25911907,Keona Crenshaw,keonasdeals,2026-08,https://www.youtube.com/watch?v=LrEv2ap3BCY,,2026-08-15 17:34:49,Yes,No,,False,0.0,0.0,0.0,0,0,0,,Halo effect upload
25911907,Keona Crenshaw,keonasdeals,2026-08,https://www.youtube.com/watch?v=dsWkr8eIF0c,,2026-08-15 17:57:42,Yes,No,,False,0.0,0.0,0.0,0,0,0,,Halo effect upload
25911907,Keona Crenshaw,keonasdeals,2026-09,https://tiktok.com/@keonasdeals/video/7682245195328474398/,TikTok,2026-09-05 19:35:07,Yes,No,,False,0.0,0.0,0.0,0,0,0,,Halo effect upload
25911907,Keona Crenshaw,keona.nicole_,2026-09,https://tiktok.com/@keona.nicole_/video/7682127843597307166/,TikTok,2026-09-05 11:59:42,Yes,No,,False,0.0,0.0,0.0,0,0,0,,Halo effect upload
25911907,Keona Crenshaw,keona.nicole_,2026-09,https://tiktok.com/@keona.nicole_/video/7682134093106105613/,TikTok,2026-09-05 12:24:13,Yes,No,,False,0.0,0.0,0.0,0,0,0,,Halo effect upload
25911907,Keona Crenshaw,home.health.lifestyle_,2026-09,https://www.instagram.com/reel/Dc7jy72hsYj,Instagram,2026-09-05 20:21:58,Yes,No,,False,0.0,0.0,0.0,0,0,0,,Halo effect upload
25911907,Keona Crenshaw,keonasdeals,2026-09,https://tiktok.com/@keonasdeals/video/7685844718122487070/,TikTok,2026-09-15 12:23:09,Yes,No,,False,0.0,0.0,0.0,0,0,0,,Halo effect upload
25911907,Keona Crenshaw,keonasdeals,2026-09,https://tiktok.com/@keonasdeals/video/7685843333284990239/,TikTok,2026-09-15 12:17:55,Yes,No,,False,0.0,0.0,0.0,0,0,0,,Halo effect upload
25911907,Keona Crenshaw,keonasdeals,2026-09,https://tiktok.com/@keonasdeals/video/7685839654205082910/,TikTok,2026-09-15 12:03:42,Yes,No,,False,0.0,0.0,0.0,0,0,0,,Halo effect upload
25911907,Keona Crenshaw,keonasdeals,2026-09,https://tiktok.com/@keonasdeals/video/7686318461793914143/,TikTok,2026-09-16 19:01:30,Yes,No,,False,0.0,0.0,0.0,0,0,0,,Halo effect upload
25911907,Keona Crenshaw,keona.nicole_,2026-09,https://tiktok.com/@keona.nicole_/video/7686634100433718542/,TikTok,2026-09-17 15:26:14,Yes,No,,False,0.0,0.0,0.0,0,0,0,,Halo effect upload
25911907,Keona Crenshaw,keonasdeals,2026-09,https://tiktok.com/@keonasdeals/video/7687932668952022303/,TikTok,2026-09-21 03:26:09,Yes,No,,False,0.0,0.0,0.0,0,0,0,,Halo effect upload
15050919,Khi 🪭,flygirlkhi_,2026-07,https://www.instagram.com/p/DbLyjavFsU8,Instagram,2026-07-24 10:35:43,Yes,No,,False,0.0,0.0,0.0,0,0,0,,Halo effect upload
15050919,Khi 🪭,flygirlkhi_,2026-09,https://www.instagram.com/p/Dc6k65YiUmC/,Instagram,2026-09-05 11:12:18,Yes,No,,False,0.0,0.0,0.0,0,0,0,,Halo effect upload
27603550,Kiana Williams,keysbykiana,2026-08,https://tiktok.com/@keysbykiana/video/7673671363592244511/,TikTok,2026-08-13 17:04:18,Yes,Yes,,False,0.0,0.0,0.0,0,0,0,,Halo effect upload
27603550,Kiana Williams,keysbykiana,2026-08,https://tiktok.com/@keysbykiana/video/7678073815846505742/,TikTok,2026-08-25 13:48:17,Yes,No,,False,0.0,0.0,0.0,0,0,0,,Halo effect upload
27578886,Kinsilo Doyle,kinzeyrae,2026-07,https://www.youtube.com/shorts/7xyCnGCOfPI,YouTube,2026-07-08 17:27:39,No,No,,False,0.0,0.0,0.0,0,0,0,,Halo effect upload
27578886,Kinsilo Doyle,knzyrae,2026-07,https://tiktok.com/@knzyrae/video/7660305023833853214/,TikTok,2026-07-08 16:36:07,Yes,Yes,,False,0.0,0.0,0.0,0,0,0,,Halo effect upload
27578886,Kinsilo Doyle,knzyrae,2026-07,https://www.instagram.com/reel/Das1iMdTTH-,Instagram,2026-07-12 10:10:12,Yes,No,,False,0.0,0.0,0.0,0,0,0,,Halo effect upload
27578886,Kinsilo Doyle,kinzeyrae,2026-07,https://www.youtube.com/shorts/jsDgrEu4eGw,YouTube,2026-07-12 13:59:47,No,No,,False,0.0,0.0,0.0,0,0,0,,Halo effect upload
27578886,Kinsilo Doyle,knzyrae,2026-07,https://www.tiktok.com/@knzyrae/video/7661691948838751518,TikTok,2026-07-12 10:18:11,Yes,No,,False,0.0,0.0,0.0,0,0,0,,Halo effect upload
27578886,Kinsilo Doyle,knzyrae,2026-08,https://tiktok.com/@knzyrae/video/7677279546365791518/,TikTok,2026-08-23 10:25:58,Yes,Yes,,False,0.0,0.0,0.0,0,0,0,,Halo effect upload
27578886,Kinsilo Doyle,knzyrae,2026-08,https://www.instagram.com/p/DcY_0xAzSCf/,Instagram,2026-08-23 10:15:04,Yes,No,,False,0.0,0.0,0.0,0,0,0,,Halo effect upload
25524844,Krista Duce,sassy_pickins,2026-08,https://www.instagram.com/reel/DcbFZ_8hspd,Instagram,2026-08-24 05:44:03,Yes,No,,False,0.0,0.0,0.0,0,0,0,,Halo effect upload
25524844,Krista Duce,sassy_pickins,2026-08,https://www.instagram.com/reel/DctF94ospJ7,Instagram,2026-08-31 05:32:20,Yes,No,,False,0.0,0.0,0.0,0,0,0,,Halo effect upload
25524844,Krista Duce,sassy_pickins,2026-09,https://www.instagram.com/reel/DcvwXBpRKKs,Instagram,2026-09-01 06:22:09,Yes,No,,False,0.0,0.0,0.0,0,0,0,,Halo effect upload
25530038,Kristen Mckay,sweethomeology,2026-07,https://www.instagram.com/reel/Daf89GYO8Z5,Instagram,2026-07-07 10:00:36,Yes,No,,False,0.0,0.0,0.0,0,0,0,,Halo effect upload
25530038,Kristen Mckay,sweethomeology,2026-07,https://www.instagram.com/reel/DaqD50Wtywh,Instagram,2026-07-11 08:15:48,Yes,No,,False,0.0,0.0,0.0,0,0,0,,Halo effect upload
25530038,Kristen Mckay,sweethomeology,2026-07,https://www.instagram.com/reel/DbbPmPlpmke,Instagram,2026-07-30 10:40:30,Yes,No,,False,0.0,0.0,0.0,0,0,0,,Halo effect upload
25530038,Kristen Mckay,sweethomeology,2026-08,https://www.instagram.com/reel/DcI-qfWhh3P,Instagram,2026-08-17 04:56:12,Yes,Yes,,False,0.0,0.0,0.0,0,0,0,,Halo effect upload
25530038,Kristen Mckay,sweethomeology,2026-08,https://www.instagram.com/reel/DcgPaUEMG1I,Instagram,2026-08-26 05:44:44,Yes,Yes,,False,0.0,0.0,0.0,0,0,0,,Halo effect upload
25530038,Kristen Mckay,sweethomeology,2026-09,https://www.instagram.com/p/DcvqVyyxRkK/,Instagram,2026-09-01 05:28:51,Yes,Yes,,False,0.0,0.0,0.0,0,0,0,,Halo effect upload
25530038,Kristen Mckay,sweethomeology,2026-09,https://www.instagram.com/reel/Dc35Z76tilF,Instagram,2026-09-04 10:15:02,Yes,No,,False,0.0,0.0,0.0,0,0,0,,Halo effect upload
25530038,Kristen Mckay,sweethomeology,2026-09,https://www.instagram.com/reel/Dc4Sm60h9IJ,Instagram,2026-09-04 13:56:52,Yes,No,,False,0.0,0.0,0.0,0,0,0,,Halo effect upload
25530038,Kristen Mckay,sweethomeology,2026-09,https://www.instagram.com/reel/DdTqd10Ox4g,Instagram,2026-09-15 05:04:14,Yes,No,,False,0.0,0.0,0.0,0,0,0,,Halo effect upload
25530038,Kristen Mckay,sweethomeology,2026-09,https://www.instagram.com/reel/DdoEdDhBtPm,Instagram,2026-09-23 03:20:43,Yes,No,,False,0.0,0.0,0.0,0,0,0,,Halo effect upload
28872754,kristin.l.booker,the_daily_kb,2026-09,https://www.instagram.com/reel/Dc4LMp8R34r,Instagram,2026-09-04 12:50:34,Yes,No,,False,0.0,0.0,0.0,0,0,0,,Halo effect upload
34379625,Lacey Russell,parishandpinehome,2026-07,https://www.instagram.com/reel/Da8-tdLEXnz,Instagram,2026-07-18 16:33:45,Yes,No,,False,0.0,0.0,0.0,0,0,0,,Halo effect upload
34379625,Lacey Russell,parishandpine,2026-07,https://www.facebook.com/reel/867418026125971/,Instagram,2026-07-18 16:33:43,Yes,No,,False,0.0,0.0,0.0,0,0,0,,Halo effect upload
34379625,Lacey Russell,parishandpinehome,2026-07,https://www.pinterest.com/pin/1145251380284545252/,,2026-07-18 20:16:18,Yes,No,,False,0.0,0.0,0.0,0,0,0,,Halo effect upload
29755608,Laila United States,lailaamaniii,2026-08,https://tiktok.com/@lailaamaniii/video/7676615031089335566/,TikTok,2026-08-21 15:27:18,Yes,No,,False,0.0,0.0,0.0,0,0,0,,Halo effect upload
29755608,Laila United States,lailaamaniii,2026-08,https://tiktok.com/@lailaamaniii/video/7677730621459909901/,TikTok,2026-08-24 15:36:32,Yes,No,,False,0.0,0.0,0.0,0,0,0,,Halo effect upload
29755608,Laila United States,lailaamaniii,2026-09,https://tiktok.com/@lailaamaniii/video/7680954372011904270/,TikTok,2026-09-02 08:06:33,Yes,No,,False,0.0,0.0,0.0,0,0,0,,Halo effect upload
26045548,LaScotia Pinkney,eyeseeyourbeauty00,2026-07,https://www.instagram.com/p/DaQbd6LjjXU,Instagram,2026-07-01 09:18:48,Yes,No,,False,0.0,0.0,0.0,0,0,0,,Halo effect upload
26045548,LaScotia Pinkney,EyeSeeYourBeautyHomeDecorandGifts,2026-09,https://www.facebook.com/reel/1606297054383466/,Instagram,2026-09-03 15:17:28,Yes,No,,False,0.0,0.0,0.0,0,0,0,,Halo effect upload
26045548,LaScotia Pinkney,EyeSeeYourBeautyHomeDecorandGifts,2026-09,https://www.facebook.com/EyeSeeYourBeautyHomeDecorandGifts/posts/1487357156747152,,2026-09-01 16:35:00,Yes,No,,False,0.0,0.0,0.0,0,0,0,,Halo effect upload
26045548,LaScotia Pinkney,eyeseeyourbeauty00,2026-09,https://www.instagram.com/p/Dc5xp64Fomr,Instagram,2026-09-05 03:44:20,Yes,No,,False,0.0,0.0,0.0,0,0,0,,Halo effect upload
26045548,LaScotia Pinkney,eyeseeyourbeauty00,2026-09,https://www.instagram.com/p/Dc12pPZBxU-/,Instagram,2026-09-03 15:17:07,Yes,No,,False,0.0,0.0,0.0,0,0,0,,Halo effect upload
26045548,LaScotia Pinkney,EyeSeeYourBeautyHomeDecor,2026-08,https://www.pinterest.com/pin/417497827977226900/,,2026-08-31 13:07:46,Yes,No,,False,0.0,0.0,0.0,0,0,0,,Halo effect upload
26045548,LaScotia Pinkney,EyeSeeYourBeautyHomeDecorandGifts,2026-09,https://www.facebook.com/reel/1753651255878121/,Instagram,2026-09-05 18:27:30,Yes,No,,False,0.0,0.0,0.0,0,0,0,,Halo effect upload
26045548,LaScotia Pinkney,eyeseeyourbeauty00,2026-09,https://www.instagram.com/reel/Dc7V_7ZOH9p,Instagram,2026-09-05 18:27:18,Yes,No,,False,0.0,0.0,0.0,0,0,0,,Halo effect upload
26045548,LaScotia Pinkney,eyeseeyourbeautyhome,2026-09,https://www.tiktok.com/@eyeseeyourbeautyhome/video/7682466400610323726,TikTok,2026-09-06 09:53:35,Yes,No,,False,0.0,0.0,0.0,0,0,0,,Halo effect upload
28070837,Laura Reyna,laurareyvi2,2026-08,https://www.instagram.com/reel/DbhGWNfsHCW,Instagram,2026-08-01 17:13:53,Yes,No,,False,0.0,0.0,0.0,0,0,0,,Halo effect upload
28070837,Laura Reyna,laurareyvi2,2026-08,https://static-resources.creatoriq.com/instagram-stories/videos/3954476028869244343.mp4,,2026-08-01 17:24:58,No,No,,False,0.0,0.0,0.0,0,0,0,,Halo effect upload
28070837,Laura Reyna,laurareyvi2,2026-08,https://www.facebook.com/laurareyvi2/posts/122188939190921539,,2026-08-01 17:32:31,No,No,,False,0.0,0.0,0.0,0,0,0,,Halo effect upload
28070837,Laura Reyna,laurareyvi2,2026-08,https://www.facebook.com/laurareyvi2/posts/122188938866921539,,2026-08-01 17:28:40,Yes,No,,False,0.0,0.0,0.0,0,0,0,,Halo effect upload
28070837,Laura Reyna,laurareyvi2,2026-08,https://www.tiktok.com/@laurareyvi2/video/7669229150569254157,TikTok,2026-08-01 17:46:25,Yes,No,,False,0.0,0.0,0.0,0,0,0,,Halo effect upload
28070837,Laura Reyna,laurareyvi2,2026-08,https://www.facebook.com/reel/2091086285127098/,Instagram,2026-08-01 18:33:59,Yes,No,,False,0.0,0.0,0.0,0,0,0,,Halo effect upload
28070837,Laura Reyna,laurareyvi2,2026-08,https://www.instagram.com/reel/DbhPl8sMcXU,Instagram,2026-08-01 18:33:43,Yes,No,,False,0.0,0.0,0.0,0,0,0,,Halo effect upload
28070837,Laura Reyna,laurareyvi2,2026-09,https://www.instagram.com/p/DcypUbKjiIe/,Instagram,2026-09-02 09:16:49,Yes,No,,False,0.0,0.0,0.0,0,0,0,,Halo effect upload
25708011,Lauren Worth,houseof_worth_,2026-09,https://static-resources.creatoriq.com/instagram-stories/videos/3983253804477070700.mp4,,2026-09-10 10:21:17,Yes,No,,False,0.0,0.0,0.0,0,0,0,,Halo effect upload
25708011,Lauren Worth,Houseof_Worth_,2026-09,https://www.pinterest.com/pin/238268636530720428/,,2026-09-11 08:33:40,Yes,No,,False,0.0,0.0,0.0,0,0,0,,Halo effect upload
25708011,Lauren Worth,Houseof_Worth_,2026-09,https://www.pinterest.com/pin/238268636530720426/,,2026-09-11 08:33:04,Yes,No,,False,0.0,0.0,0.0,0,0,0,,Halo effect upload
25708011,Lauren Worth,houseof_worth_,2026-09,https://static-resources.creatoriq.com/instagram-stories/thumbs/3989235034942099428.jpg,,2026-09-18 16:24:55,Yes,No,,False,0.0,0.0,0.0,0,0,0,,Halo effect upload
25708011,Lauren Worth,Houseof_Worth_,2026-09,https://www.pinterest.com/pin/238268636530739532/,,2026-09-18 16:40:09,Yes,No,,False,0.0,0.0,0.0,0,0,0,,Halo effect upload
26774214,Lereiya Martin,martinfamilyforever,2026-08,https://www.youtube.com/shorts/mOyWNvrcBtI,YouTube,2026-08-09 18:04:20,No,No,,False,0.0,0.0,0.0,0,0,0,,Halo effect upload
28978549,Leslie Rioveros,annleslie__,2026-07,https://www.instagram.com/p/DbUvAUqNqxC/,Instagram,2026-07-27 22:03:33,Yes,Yes,,False,0.0,0.0,0.0,0,0,0,,Halo effect upload
28978549,Leslie Rioveros,annleslie__,2026-09,https://www.instagram.com/reel/DdUmXvFhyJ9,Instagram,2026-09-15 13:48:57,Yes,No,,False,0.0,0.0,0.0,0,0,0,,Halo effect upload
24459501,Leticia Williams,thatgirlteci,2026-08,https://www.instagram.com/reel/Dbs3T7wRpdE,Instagram,2026-08-06 06:52:59,Yes,Yes,,False,0.0,0.0,0.0,0,0,0,,Halo effect upload
30940824,Libby Loving,libby.loving,2026-09,https://tiktok.com/@libby.loving/video/7688535298850049310/,TikTok,2026-09-22 18:23:58,Yes,No,,False,0.0,0.0,0.0,0,0,0,,Halo effect upload
29195334,lifewithpowells,xo.rosalyn,2026-07,https://tiktok.com/@xo.rosalyn/video/7664673401742658847/,TikTok,2026-07-20 11:07:42,Yes,No,,False,0.0,0.0,0.0,0,0,0,,Halo effect upload
29195334,lifewithpowells,xo.rosalyn,2026-09,https://tiktok.com/@xo.rosalyn/video/7686557976093609247/,TikTok,2026-09-17 10:30:53,Yes,No,,False,0.0,0.0,0.0,0,0,0,,Halo effect upload
29195334,lifewithpowells,xorosalynpowell,2026-07,https://www.instagram.com/reel/DbBj-irpKcy,Instagram,2026-07-20 11:17:45,Yes,No,,False,0.0,0.0,0.0,0,0,0,,Halo effect upload
29195334,lifewithpowells,m.rosalyn.powell,2026-09,https://static-resources.creatoriq.com/instagram-stories/videos/3992656366602918009.mp4,,2026-09-23 09:42:26,Yes,No,,False,0.0,0.0,0.0,0,0,0,,Halo effect upload
29195334,lifewithpowells,m.rosalyn.powell,2026-09,https://www.instagram.com/p/DdozzrTRvue/,Instagram,2026-09-23 10:10:45,Yes,No,,False,0.0,0.0,0.0,0,0,0,,Halo effect upload
29195334,lifewithpowells,xo.rosalyn,2026-09,https://tiktok.com/@xo.rosalyn/video/7688753753079450911/,TikTok,2026-09-23 08:31:39,Yes,No,,False,0.0,0.0,0.0,0,0,0,,Halo effect upload
29195334,lifewithpowells,xo.rosalyn,2026-09,https://tiktok.com/@xo.rosalyn/video/7689692643630140703/,TikTok,2026-09-25 21:15:08,Yes,No,,False,0.0,0.0,0.0,0,0,0,,Halo effect upload
28539493,Linda Wolfe,linda_wolfee,2026-09,https://www.instagram.com/p/DdPFI8hmiGY,Instagram,2026-09-13 10:18:39,Yes,No,,False,0.0,0.0,0.0,0,0,0,,Halo effect upload
34220160,Lindsay Martino,lindsayfindsit,2026-07,https://www.instagram.com/reel/DaeJaqpxGVe,Instagram,2026-07-06 17:11:04,Yes,No,,False,0.0,0.0,0.0,0,0,0,,Halo effect upload
34220160,Lindsay Martino,lindsayfindsit,2026-07,https://www.instagram.com/reel/DajXTw_R9D9,Instagram,2026-07-08 17:52:35,Yes,No,,False,0.0,0.0,0.0,0,0,0,,Halo effect upload
24039166,Lindsey Hart,authorlindseyahart,2026-07,https://tiktok.com/@authorlindseyahart/video/7658388788955106590/,TikTok,2026-07-03 12:40:12,Yes,No,,False,0.0,0.0,0.0,0,0,0,,Halo effect upload
25055408,Lola Cimmino,lola_jade_lifestyle,2026-07,https://www.instagram.com/reel/DawNeddSnyb,Instagram,2026-07-13 17:34:37,Yes,No,,False,0.0,0.0,0.0,0,0,0,,Halo effect upload
25055408,Lola Cimmino,lolajc777,2026-07,https://tiktok.com/@lolajc777/video/7662174073388076302/,TikTok,2026-07-13 17:29:09,Yes,Yes,,False,0.0,0.0,0.0,0,0,0,,Halo effect upload
25055408,Lola Cimmino,lolajc777,2026-08,https://tiktok.com/@lolajc777/video/7671034627695381774/,TikTok,2026-08-06 14:32:23,Yes,No,,False,0.0,0.0,0.0,0,0,0,,Halo effect upload
25055408,Lola Cimmino,lola_jade_lifestyle,2026-08,https://www.instagram.com/reel/DbtqwWGyOJ-,Instagram,2026-08-06 14:23:27,Yes,No,,False,0.0,0.0,0.0,0,0,0,,Halo effect upload
25055408,Lola Cimmino,lola_jade_lifestyle,2026-09,https://www.instagram.com/reel/Dc9wIUsPskr,Instagram,2026-09-06 16:49:26,Yes,No,,False,0.0,0.0,0.0,0,0,0,,Halo effect upload
25055408,Lola Cimmino,lola_jade_lifestyle,2026-09,https://www.instagram.com/p/Dc9tL-Dvl7c,Instagram,2026-09-06 16:23:56,Yes,No,,False,0.0,0.0,0.0,0,0,0,,Halo effect upload
25055408,Lola Cimmino,lolajc777,2026-09,https://tiktok.com/@lolajc777/video/7682567435626564878/,TikTok,2026-09-06 16:25:39,Yes,No,,False,0.0,0.0,0.0,0,0,0,,Halo effect upload
25055408,Lola Cimmino,lolajc777,2026-09,https://tiktok.com/@lolajc777/video/7682574455624748302/,TikTok,2026-09-06 16:52:56,Yes,No,,False,0.0,0.0,0.0,0,0,0,,Halo effect upload
25055408,Lola Cimmino,lola_jade_lifestyle,2026-08,https://www.instagram.com/reel/Db1PDbwyMiq,Instagram,2026-08-09 12:55:44,Yes,No,,False,0.0,0.0,0.0,0,0,0,,Halo effect upload
25055408,Lola Cimmino,lola_jade_lifestyle,2026-07,https://www.instagram.com/p/DbEM22lvrqb,Instagram,2026-07-21 11:52:24,Yes,No,,False,0.0,0.0,0.0,0,0,0,,Halo effect upload
27433213,Loretta VanSante,tonyawiththeflowers,2026-07,https://www.instagram.com/reel/Dad1QQppY8l,Instagram,2026-07-06 14:14:55,Yes,No,,False,0.0,0.0,0.0,0,0,0,,Halo effect upload
27433213,Loretta VanSante,tonyawiththeflowers,2026-07,https://www.youtube.com/shorts/U0BVzMzgMDo,YouTube,2026-07-06 13:13:01,Yes,No,,False,0.0,0.0,0.0,0,0,0,,Halo effect upload
27433213,Loretta VanSante,tonyawiththeflowers,2026-09,https://www.instagram.com/reel/DdHG0EyO4jc,Instagram,2026-09-10 08:00:09,Yes,No,,False,0.0,0.0,0.0,0,0,0,,Halo effect upload
27433213,Loretta VanSante,tonyawiththeflowers,2026-09,https://static-resources.creatoriq.com/instagram-stories/thumbs/3983180170906005181.jpg,,2026-09-10 07:54:59,Yes,No,,False,0.0,0.0,0.0,0,0,0,,Halo effect upload
27433213,Loretta VanSante,tonyawiththeflowers,2026-09,https://www.instagram.com/reel/DdMmtygu3Hx,Instagram,2026-09-12 11:15:50,Yes,No,,False,0.0,0.0,0.0,0,0,0,,Halo effect upload
27433213,Loretta VanSante,tonyawiththeflowers,2026-09,https://www.instagram.com/reel/DdudZpTuDtp,Instagram,2026-09-25 14:48:50,Yes,No,,False,0.0,0.0,0.0,0,0,0,,Halo effect upload
27992420,Lydia Blue Olson,whatlydia,2026-09,https://www.instagram.com/reel/Dc64AR-g6QT,Instagram,2026-09-05 14:01:13,Yes,No,,False,0.0,0.0,0.0,0,0,0,,Halo effect upload
27992420,Lydia Blue Olson,whatlydia,2026-09,https://tiktok.com/@whatlydia/video/7682150841507187999/,TikTok,2026-09-05 13:29:05,Yes,No,,False,0.0,0.0,0.0,0,0,0,,Halo effect upload
29176259,Madison T.,ladyofashion,2026-07,https://www.pinterest.com/pin/37295503160953951/,,2026-07-12 16:13:54,Yes,No,,False,0.0,0.0,0.0,0,0,0,,Halo effect upload
29176259,Madison T.,ladyofashion,2026-07,https://www.pinterest.com/pin/37295503161004582/,,2026-07-31 10:26:16,Yes,No,,False,0.0,0.0,0.0,0,0,0,,Halo effect upload
29176259,Madison T.,ladyofashion,2026-09,https://www.pinterest.com/pin/37295503161122711/,,2026-09-11 10:31:26,Yes,No,,False,0.0,0.0,0.0,0,0,0,,Halo effect upload
30770303,Maggie Stacey,styledwithpaws,2026-07,https://www.instagram.com/reel/DbA6gzdxCc4,Instagram,2026-07-20 05:16:37,Yes,No,,False,0.0,0.0,0.0,0,0,0,,Halo effect upload
30770303,Maggie Stacey,styledwithpaws,2026-07,https://www.instagram.com/reel/DbJ4meDpTsO,Instagram,2026-07-23 16:50:57,Yes,Yes,,False,0.0,0.0,0.0,0,0,0,,Halo effect upload
30770303,Maggie Stacey,styledwithpaws,2026-07,https://www.instagram.com/reel/DbOabknR_Wb,Instagram,2026-07-25 11:10:33,Yes,No,,False,0.0,0.0,0.0,0,0,0,,Halo effect upload
30770303,Maggie Stacey,styledwithpaws,2026-08,https://www.instagram.com/reel/DcD1kc2hLYJ,Instagram,2026-08-15 05:01:39,Yes,Yes,,False,0.0,0.0,0.0,0,0,0,,Halo effect upload
30770303,Maggie Stacey,styledwithpaws,2026-08,https://www.instagram.com/reel/DccK71lAWLQ,Instagram,2026-08-24 15:50:47,Yes,Yes,,False,0.0,0.0,0.0,0,0,0,,Halo effect upload
30770303,Maggie Stacey,styledwithpaws,2026-09,https://www.instagram.com/reel/Ddd6MmcRk8C,Instagram,2026-09-19 04:35:58,Yes,No,,False,0.0,0.0,0.0,0,0,0,,Halo effect upload
30770303,Maggie Stacey,styledwithpaws,2026-09,https://www.instagram.com/reel/DdpnZz_MVPJ,Instagram,2026-09-23 17:39:36,Yes,No,,False,0.0,0.0,0.0,0,0,0,,Halo effect upload
30770303,Maggie Stacey,styledwithpaws,2026-09,https://www.instagram.com/reel/DdpnEINs6Yh,Instagram,2026-09-23 17:36:34,Yes,No,,False,0.0,0.0,0.0,0,0,0,,Halo effect upload
29099905,Margaret Werba,maggiebakesgrace,2026-09,https://www.pinterest.com/pin/695595104996739720/,,2026-09-05 19:20:49,Yes,No,,False,0.0,0.0,0.0,0,0,0,,Halo effect upload
29099905,Margaret Werba,maggiebakesgrace,2026-09,https://static-resources.creatoriq.com/instagram-stories/thumbs/3980490863501855889.jpg,,2026-09-06 14:51:48,Yes,No,,False,0.0,0.0,0.0,0,0,0,,Halo effect upload
29099905,Margaret Werba,maggiebakesgrace,2026-09,https://www.pinterest.com/pin/695595104996744155/,,2026-09-06 03:30:40,Yes,No,,False,0.0,0.0,0.0,0,0,0,,Halo effect upload
29099905,Margaret Werba,maggiebakesgrace,2026-09,https://static-resources.creatoriq.com/instagram-stories/thumbs/3992936275294758276.jpg,,2026-09-23 18:58:38,Yes,No,,False,0.0,0.0,0.0,0,0,0,,Halo effect upload
26635882,Maria Wedding,mariawedding,2026-07,https://tiktok.com/@mariawedding/video/7660949780260015374/,TikTok,2026-07-10 10:18:20,Yes,Yes,,False,0.0,0.0,0.0,0,0,0,,Halo effect upload
14816908,Marlene Cordero,ourcozycolonialct,2026-07,https://www.instagram.com/reel/DaeAbl0REj0,Instagram,2026-07-06 16:02:53,Yes,No,,False,0.0,0.0,0.0,0,0,0,,Halo effect upload
14816908,Marlene Cordero,ourcozycolonialct,2026-07,https://static-resources.creatoriq.com/instagram-stories/videos/3935621973590243139.mp4,,2026-07-06 17:05:08,Yes,No,,False,0.0,0.0,0.0,0,0,0,,Halo effect upload
14816908,Marlene Cordero,103439292757577,2026-07,https://www.facebook.com/reel/2859150834462473/,Instagram,2026-07-06 16:42:46,Yes,No,,False,0.0,0.0,0.0,0,0,0,,Halo effect upload
14816908,Marlene Cordero,103439292757577,2026-08,https://www.facebook.com/reel/1407134887991969/,Instagram,2026-08-19 15:43:09,Yes,No,,False,0.0,0.0,0.0,0,0,0,,Halo effect upload
14816908,Marlene Cordero,ourcozycolonialct,2026-08,https://www.instagram.com/p/DcPQXTGxMZD/,Instagram,2026-08-19 15:28:30,Yes,No,,False,0.0,0.0,0.0,0,0,0,,Halo effect upload
14816908,Marlene Cordero,ourcozycolonialct,2026-08,https://static-resources.creatoriq.com/instagram-stories/videos/3967469198075037091.mp4,,2026-08-19 15:39:58,Yes,No,,False,0.0,0.0,0.0,0,0,0,,Halo effect upload
14816908,Marlene Cordero,ourcozycolonialct,2026-08,https://static-resources.creatoriq.com/instagram-stories/videos/3975257896485196825.mp4,,2026-08-30 09:34:40,Yes,No,,False,0.0,0.0,0.0,0,0,0,,Halo effect upload
14816908,Marlene Cordero,103439292757577,2026-09,https://www.facebook.com/373115812445290/posts/1015347258222139,,2026-09-05 13:53:59,Yes,No,,False,0.0,0.0,0.0,0,0,0,,Halo effect upload
14816908,Marlene Cordero,ourcozycolonialct,2026-09,https://www.instagram.com/p/Dc63J7iJ-f2/,Instagram,2026-09-05 13:53:40,Yes,No,,False,0.0,0.0,0.0,0,0,0,,Halo effect upload
14816908,Marlene Cordero,ourcozycolonialct,2026-09,https://www.instagram.com/p/DdAEOZyxB61/,Instagram,2026-09-07 14:23:18,Yes,No,,False,0.0,0.0,0.0,0,0,0,,Halo effect upload
14816908,Marlene Cordero,103439292757577,2026-09,https://www.facebook.com/reel/2247007212759318/,Instagram,2026-09-07 14:23:36,Yes,No,,False,0.0,0.0,0.0,0,0,0,,Halo effect upload
14816908,Marlene Cordero,ourcozycolonialct,2026-09,https://tiktok.com/@ourcozycolonialct/video/7684638947661663501/,TikTok,2026-09-12 06:24:26,Yes,No,,False,0.0,0.0,0.0,0,0,0,,Halo effect upload
34803711,martunia33,martunia3333,2026-07,https://tiktok.com/@martunia3333/video/7662362601677950239/,TikTok,2026-07-14 05:40:55,Yes,No,,False,0.0,0.0,0.0,0,0,0,,Halo effect upload
34803711,martunia33,martunia3333,2026-07,https://www.tiktok.com/@martunia3333/video/7664779365724507422,TikTok,2026-07-20 17:58:51,Yes,No,,False,0.0,0.0,0.0,0,0,0,,Halo effect upload
34803711,martunia33,martunia3333,2026-08,https://www.tiktok.com/@martunia3333/video/7674235543240183070,TikTok,2026-08-15 05:33:37,Yes,No,,False,0.0,0.0,0.0,0,0,0,,Halo effect upload
33959348,Maryam French,maryamcozyliving,2026-07,https://tiktok.com/@maryamcozyliving/video/7665726246919212301/,TikTok,2026-07-23 07:13:52,Yes,Yes,,False,0.0,0.0,0.0,0,0,0,,Halo effect upload
33959348,Maryam French,maryamcozyliving,2026-08,https://tiktok.com/@maryamcozyliving/video/7672377375543364877/,TikTok,2026-08-10 05:23:39,Yes,Yes,,False,0.0,0.0,0.0,0,0,0,,Halo effect upload
13010409,Medina Colaku,healyourhomewmedina,2026-09,https://www.instagram.com/p/DduJjxRFPmh,Instagram,2026-09-25 11:53:43,Yes,No,,False,0.0,0.0,0.0,0,0,0,,Halo effect upload
27602131,Meg Tyndall,bored.mom,2026-07,https://www.instagram.com/reel/DanIm2vRrEH,Instagram,2026-07-10 04:59:15,Yes,No,,False,0.0,0.0,0.0,0,0,0,,Halo effect upload
27602131,Meg Tyndall,boredmomsite,2026-07,https://www.pinterest.com/pin/522347256805561702/,,2026-07-10 05:07:07,Yes,No,,False,0.0,0.0,0.0,0,0,0,,Halo effect upload
27602131,Meg Tyndall,boredmoms,2026-07,https://tiktok.com/@boredmoms/video/7660888493530369310/,TikTok,2026-07-10 06:20:36,Yes,No,,False,0.0,0.0,0.0,0,0,0,,Halo effect upload
27602131,Meg Tyndall,boredmomsite,2026-07,https://www.pinterest.com/pin/522347256805565606/,,2026-07-10 18:02:03,Yes,No,,False,0.0,0.0,0.0,0,0,0,,Halo effect upload
27602131,Meg Tyndall,boredmomsite,2026-07,https://www.pinterest.com/pin/522347256805576051/,,2026-07-12 12:00:38,Yes,No,,False,0.0,0.0,0.0,0,0,0,,Halo effect upload
27602131,Meg Tyndall,boredmomsite,2026-07,https://www.pinterest.com/pin/522347256805576147/,,2026-07-12 12:20:26,Yes,No,,False,0.0,0.0,0.0,0,0,0,,Halo effect upload
27602131,Meg Tyndall,boredmomsite,2026-07,https://www.pinterest.com/pin/522347256805575994/,,2026-07-12 11:51:58,Yes,No,,False,0.0,0.0,0.0,0,0,0,,Halo effect upload
27602131,Meg Tyndall,boredmomsite,2026-07,https://www.pinterest.com/pin/522347256805576260/,,2026-07-12 12:45:54,Yes,No,,False,0.0,0.0,0.0,0,0,0,,Halo effect upload
27602131,Meg Tyndall,boredmomsite,2026-07,https://www.pinterest.com/pin/522347256805595148/,,2026-07-15 07:49:02,Yes,No,,False,0.0,0.0,0.0,0,0,0,,Halo effect upload
27602131,Meg Tyndall,boredmomsite,2026-07,https://www.pinterest.com/pin/522347256805595096/,,2026-07-15 07:33:17,Yes,No,,False,0.0,0.0,0.0,0,0,0,,Halo effect upload
27602131,Meg Tyndall,boredmomsite,2026-07,https://www.pinterest.com/pin/522347256805595126/,,2026-07-15 07:40:37,Yes,No,,False,0.0,0.0,0.0,0,0,0,,Halo effect upload
27602131,Meg Tyndall,boredmomsite,2026-07,https://www.pinterest.com/pin/522347256805666543/,,2026-07-25 08:02:45,Yes,No,,False,0.0,0.0,0.0,0,0,0,,Halo effect upload
27602131,Meg Tyndall,boredmomsite,2026-07,https://www.pinterest.com/pin/522347256805684052/,,2026-07-27 14:37:27,Yes,No,,False,0.0,0.0,0.0,0,0,0,,Halo effect upload
27602131,Meg Tyndall,bored.mom,2026-08,https://www.instagram.com/reel/DcKBSYVyLn3,Instagram,2026-08-17 14:49:56,Yes,No,,False,0.0,0.0,0.0,0,0,0,,Halo effect upload
27602131,Meg Tyndall,boredmomsite,2026-08,https://www.pinterest.com/pin/522347256805841329/,,2026-08-17 17:51:58,Yes,No,,False,0.0,0.0,0.0,0,0,0,,Halo effect upload
27602131,Meg Tyndall,boredmomsite,2026-08,https://www.pinterest.com/pin/522347256805898641/,,2026-08-25 12:21:18,Yes,No,,False,0.0,0.0,0.0,0,0,0,,Halo effect upload
27602131,Meg Tyndall,boredmoms,2026-08,https://tiktok.com/@boredmoms/video/7678037263913159967/,TikTok,2026-08-25 11:26:23,Yes,No,,False,0.0,0.0,0.0,0,0,0,,Halo effect upload
27602131,Meg Tyndall,boredmomsite,2026-08,https://www.pinterest.com/pin/522347256805943698/,,2026-08-31 08:39:50,Yes,No,,False,0.0,0.0,0.0,0,0,0,,Halo effect upload
27602131,Meg Tyndall,boredmom,2026-08,https://www.facebook.com/boredmom/posts/1471865878087322,,2026-08-31 09:16:32,Yes,No,,False,0.0,0.0,0.0,0,0,0,,Halo effect upload
27602131,Meg Tyndall,boredmomsite,2026-09,https://www.pinterest.com/pin/522347256805973796/,,2026-09-04 08:13:44,Yes,No,,False,0.0,0.0,0.0,0,0,0,,Halo effect upload
27602131,Meg Tyndall,boredmom,2026-09,https://www.facebook.com/boredmom/posts/1475269824413594,,2026-09-04 08:39:08,Yes,No,,False,0.0,0.0,0.0,0,0,0,,Halo effect upload
27602131,Meg Tyndall,boredmomsite,2026-09,https://www.pinterest.com/pin/522347256805982983/,,2026-09-05 11:22:39,Yes,No,,False,0.0,0.0,0.0,0,0,0,,Halo effect upload
27602131,Meg Tyndall,bored.mom,2026-09,https://www.instagram.com/reel/Dc6kbgYvkFw,Instagram,2026-09-05 11:08:30,Yes,No,,False,0.0,0.0,0.0,0,0,0,,Halo effect upload
27602131,Meg Tyndall,boredmoms,2026-09,https://www.tiktok.com/@boredmoms/video/7682164305504111903,TikTok,2026-09-05 14:21:20,Yes,Yes,,False,0.0,0.0,0.0,0,0,0,,Halo effect upload
27602131,Meg Tyndall,boredmomsite,2026-09,https://www.pinterest.com/pin/522347256805985112/,,2026-09-05 17:56:51,Yes,No,,False,0.0,0.0,0.0,0,0,0,,Halo effect upload
27602131,Meg Tyndall,boredmomsite,2026-09,https://www.pinterest.com/pin/522347256806098981/,,2026-09-21 10:45:39,Yes,No,,False,0.0,0.0,0.0,0,0,0,,Halo effect upload
27602131,Meg Tyndall,bored.mom,2026-09,https://www.instagram.com/p/DdjqZvqhyvr/,Instagram,2026-09-21 10:13:23,Yes,No,,False,0.0,0.0,0.0,0,0,0,,Halo effect upload
27602131,Meg Tyndall,boredmomsite,2026-09,https://www.pinterest.com/pin/522347256806101304/,,2026-09-21 18:08:06,Yes,No,,False,0.0,0.0,0.0,0,0,0,,Halo effect upload
27602131,Meg Tyndall,boredmom,2026-09,https://www.facebook.com/reel/1064806679879218/,Instagram,2026-09-25 11:14:17,Yes,No,,False,0.0,0.0,0.0,0,0,0,,Halo effect upload
28803037,Megan Veno,winddownathome,2026-09,https://tiktok.com/@winddownathome/video/7681695087499152670/,TikTok,2026-09-04 08:00:36,Yes,No,,False,0.0,0.0,0.0,0,0,0,,Halo effect upload
30340556,Mehdi Hosseinzadeh,lifeinwaheaven,2026-07,https://www.instagram.com/reel/DaTMxxOhCA5,Instagram,2026-07-02 11:09:02,Yes,No,,False,0.0,0.0,0.0,0,0,0,,Halo effect upload
30340556,Mehdi Hosseinzadeh,lifeinwaheaven,2026-07,https://tiktok.com/@lifeinwaheaven/video/7657998788727999757/,TikTok,2026-07-02 11:26:40,Yes,No,,False,0.0,0.0,0.0,0,0,0,,Halo effect upload
30340556,Mehdi Hosseinzadeh,lifeinwaheaven,2026-07,https://www.instagram.com/reel/DaVyeEVhTd2,Instagram,2026-07-03 11:18:03,Yes,No,,False,0.0,0.0,0.0,0,0,0,,Halo effect upload
30340556,Mehdi Hosseinzadeh,lifeinwaheaven,2026-07,https://tiktok.com/@lifeinwaheaven/video/7659615393627032846/,TikTok,2026-07-06 20:00:06,Yes,No,,False,0.0,0.0,0.0,0,0,0,,Halo effect upload
30340556,Mehdi Hosseinzadeh,lifeinwaheaven,2026-07,https://www.instagram.com/reel/DaechHoh9ST,Instagram,2026-07-06 20:02:36,Yes,No,,False,0.0,0.0,0.0,0,0,0,,Halo effect upload
30340556,Mehdi Hosseinzadeh,lifeinwaheaven,2026-07,https://www.pinterest.com/pin/1116189088932780384/,,2026-07-03 16:54:53,Yes,No,,False,0.0,0.0,0.0,0,0,0,,Halo effect upload
30340556,Mehdi Hosseinzadeh,lifeinwaheaven,2026-07,https://www.pinterest.com/pin/1116189088932781854/,,2026-07-03 17:28:38,Yes,No,,False,0.0,0.0,0.0,0,0,0,,Halo effect upload
30340556,Mehdi Hosseinzadeh,lifeinwaheaven,2026-07,https://www.pinterest.com/pin/1116189088932632743/,,2026-07-01 16:54:32,Yes,No,,False,0.0,0.0,0.0,0,0,0,,Halo effect upload
30340556,Mehdi Hosseinzadeh,lifeinwaheaven,2026-07,https://www.pinterest.com/pin/1116189088933073092/,,2026-07-07 16:58:09,Yes,No,,False,0.0,0.0,0.0,0,0,0,,Halo effect upload
30340556,Mehdi Hosseinzadeh,lifeinwaheaven,2026-07,https://www.instagram.com/reel/DbLesMABGzG,Instagram,2026-07-24 07:43:31,Yes,Yes,,False,0.0,0.0,0.0,0,0,0,,Halo effect upload
30340556,Mehdi Hosseinzadeh,lifeinwaheaven,2026-07,https://static-resources.creatoriq.com/instagram-stories/videos/3948398286951499274.mp4,,2026-07-24 08:09:34,Yes,No,,False,0.0,0.0,0.0,0,0,0,,Halo effect upload
30340556,Mehdi Hosseinzadeh,lifeinwaheaven,2026-07,https://static-resources.creatoriq.com/instagram-stories/videos/3948393745367525081.mp4,,2026-07-24 08:00:28,Yes,No,,False,0.0,0.0,0.0,0,0,0,,Halo effect upload
30340556,Mehdi Hosseinzadeh,lifeinwaheaven,2026-07,https://tiktok.com/@lifeinwaheaven/video/7666106248290520333/,TikTok,2026-07-24 07:47:47,Yes,No,,False,0.0,0.0,0.0,0,0,0,,Halo effect upload
30340556,Mehdi Hosseinzadeh,lifeinwaheaven,2026-07,https://static-resources.creatoriq.com/instagram-stories/videos/3952800097036792815.mp4,,2026-07-30 09:55:04,Yes,No,,False,0.0,0.0,0.0,0,0,0,,Halo effect upload
30340556,Mehdi Hosseinzadeh,lifeinwaheaven,2026-08,https://www.instagram.com/reel/Dbt-tg5hEGZ,Instagram,2026-08-06 17:22:15,Yes,Yes,,False,0.0,0.0,0.0,0,0,0,,Halo effect upload
30340556,Mehdi Hosseinzadeh,lifeinwaheaven,2026-08,https://tiktok.com/@lifeinwaheaven/video/7672186328527703310/,TikTok,2026-08-09 17:01:38,Yes,Yes,,False,0.0,0.0,0.0,0,0,0,,Halo effect upload
30340556,Mehdi Hosseinzadeh,lifeinwaheaven,2026-08,https://www.pinterest.com/pin/1116189088935451944/,,2026-08-07 16:59:09,Yes,No,,False,0.0,0.0,0.0,0,0,0,,Halo effect upload
30340556,Mehdi Hosseinzadeh,lifeinwaheaven,2026-07,https://www.pinterest.com/pin/1116189088934373543/,,2026-07-25 04:01:33,Yes,No,,False,0.0,0.0,0.0,0,0,0,,Halo effect upload
30340556,Mehdi Hosseinzadeh,lifeinwaheaven,2026-09,https://www.instagram.com/reel/DcyrB9bBt-s,Instagram,2026-09-02 09:36:52,Yes,No,,False,0.0,0.0,0.0,0,0,0,,Halo effect upload
30340556,Mehdi Hosseinzadeh,lifeinwaheaven,2026-09,https://www.pinterest.com/pin/1116189088937531314/,,2026-09-02 16:59:36,Yes,No,,False,0.0,0.0,0.0,0,0,0,,Halo effect upload
30340556,Mehdi Hosseinzadeh,lifeinwaheaven,2026-09,https://www.instagram.com/reel/DdH7_4vPDsj,Instagram,2026-09-10 15:49:03,Yes,No,,False,0.0,0.0,0.0,0,0,0,,Halo effect upload
30340556,Mehdi Hosseinzadeh,lifeinwaheaven,2026-09,https://tiktok.com/@lifeinwaheaven/video/7684040847096155406/,TikTok,2026-09-10 15:43:10,Yes,No,,False,0.0,0.0,0.0,0,0,0,,Halo effect upload
30340556,Mehdi Hosseinzadeh,lifeinwaheaven,2026-09,https://tiktok.com/@lifeinwaheaven/video/7684043578716507406/,TikTok,2026-09-10 15:53:44,Yes,No,,False,0.0,0.0,0.0,0,0,0,,Halo effect upload
24418653,Melina Tesi,melinatesi,2026-08,https://tiktok.com/@melinatesi/video/7670015381125238030/,TikTok,2026-08-03 20:37:05,Yes,Yes,,False,0.0,0.0,0.0,0,0,0,,Halo effect upload
27580404,Melissa,itsmelissashields,2026-09,https://www.instagram.com/reel/Dc4faAupJz8,Instagram,2026-09-04 15:48:13,Yes,No,,False,0.0,0.0,0.0,0,0,0,,Halo effect upload
27580404,Melissa,heylookitsmelissa,2026-09,https://tiktok.com/@heylookitsmelissa/video/7681814431164108046/,TikTok,2026-09-04 15:43:43,Yes,No,,False,0.0,0.0,0.0,0,0,0,,Halo effect upload
27398112,Melissa Lemonnier,melilemonnier,2026-08,https://www.tiktok.com/@melilemonnier/video/7677663605415857421,TikTok,2026-08-24 11:16:39,Yes,No,,False,0.0,0.0,0.0,0,0,0,,Halo effect upload
34658659,Mia Bettino,miagraceb,2026-07,https://tiktok.com/@miagraceb/video/7663557785883299085/,TikTok,2026-07-17 10:58:44,Yes,No,,False,0.0,0.0,0.0,0,0,0,,Halo effect upload
34658659,Mia Bettino,miagraceb,2026-07,https://www.tiktok.com/@miagraceb/video/7665557029641129230,TikTok,2026-07-22 20:16:39,Yes,No,,False,0.0,0.0,0.0,0,0,0,,Halo effect upload
31544652,miacollaborates,miaisabellafwh,2026-07,https://www.instagram.com/reel/DaafKBeipKT,Instagram,2026-07-05 07:12:38,Yes,No,,False,0.0,0.0,0.0,0,0,0,,Halo effect upload
35392373,miamoore198,miakaercher,2026-09,https://www.instagram.com/p/Ddo2YMzidUS/,Instagram,2026-09-23 10:32:04,Yes,No,,False,0.0,0.0,0.0,0,0,0,,Halo effect upload
35392373,miamoore198,miakaercher,2026-09,https://tiktok.com/@miakaercher/video/7688783381693254925/,TikTok,2026-09-23 10:26:49,Yes,No,,False,0.0,0.0,0.0,0,0,0,,Halo effect upload
26229578,Micha Butler,allaboutmicha,2026-09,https://www.tiktok.com/@allaboutmicha/video/7689541610316549390,TikTok,2026-09-25 11:29:15,Yes,No,,False,0.0,0.0,0.0,0,0,0,,Halo effect upload
27914890,Milaneya Karcha,milaneyakarcha,2026-09,https://www.instagram.com/p/DdDU58FlPAG/,Instagram,2026-09-08 20:45:31,Yes,No,,False,0.0,0.0,0.0,0,0,0,,Halo effect upload
29733027,Naomi Davis,inspirednaomi,2026-09,https://www.instagram.com/reel/DdXKrXYBkxV,Instagram,2026-09-16 13:42:14,Yes,No,,False,0.0,0.0,0.0,0,0,0,,Halo effect upload
29733027,Naomi Davis,inspirednaomi,2026-09,https://www.instagram.com/reel/DdXLT_bB2XG,Instagram,2026-09-16 13:46:53,Yes,No,,False,0.0,0.0,0.0,0,0,0,,Halo effect upload
26068413,Natalie,FreelyNat,2026-07,https://www.facebook.com/reel/1586849059750758/,Instagram,2026-07-22 09:04:30,Yes,No,,False,0.0,0.0,0.0,0,0,0,,Halo effect upload
26068413,Natalie,freely_nat,2026-07,https://www.instagram.com/reel/DbGeZBeQ4sD,Instagram,2026-07-22 09:04:13,Yes,No,,False,0.0,0.0,0.0,0,0,0,,Halo effect upload
21488787,Natalie Libot,homesweetlibot,2026-08,https://www.instagram.com/p/DcsImXbOzl8/,Instagram,2026-08-30 20:40:44,Yes,No,,False,0.0,0.0,0.0,0,0,0,,Halo effect upload
21488787,Natalie Libot,homesweetlibot,2026-08,https://www.instagram.com/reel/DchwpbfxJzs,Instagram,2026-08-26 19:56:51,Yes,No,,False,0.0,0.0,0.0,0,0,0,,Halo effect upload
25704700,Navneet Ahluwalia,1navneet.a,2026-08,https://static-resources.creatoriq.com/instagram-stories/videos/3961820620564571003.mp4,,2026-08-11 20:37:15,Yes,No,,False,0.0,0.0,0.0,0,0,0,,Halo effect upload
25704700,Navneet Ahluwalia,1navneet.a,2026-08,https://www.instagram.com/p/Db7NFqgxgMs/,Instagram,2026-08-11 20:32:12,Yes,No,,False,0.0,0.0,0.0,0,0,0,,Halo effect upload
25704700,Navneet Ahluwalia,1navneet.a,2026-08,https://static-resources.creatoriq.com/instagram-stories/videos/3967594432384056655.mp4,,2026-08-19 19:48:49,Yes,No,,False,0.0,0.0,0.0,0,0,0,,Halo effect upload
25704700,Navneet Ahluwalia,1navneet.a,2026-08,https://www.instagram.com/reel/DcPsjivRl2a,Instagram,2026-08-19 19:31:56,Yes,No,,False,0.0,0.0,0.0,0,0,0,,Halo effect upload
25704700,Navneet Ahluwalia,1navneet.a,2026-09,https://static-resources.creatoriq.com/instagram-stories/videos/3983551931444493264.mp4,,2026-09-10 20:13:33,Yes,No,,False,0.0,0.0,0.0,0,0,0,,Halo effect upload
25704700,Navneet Ahluwalia,1navneet.a,2026-09,https://www.instagram.com/reel/DdIVLI5xV9e,Instagram,2026-09-10 19:24:17,Yes,No,,False,0.0,0.0,0.0,0,0,0,,Halo effect upload
22595756,naylani pepen,naylanipepen,2026-08,https://www.instagram.com/reel/DcI_R41BAb7,Instagram,2026-08-17 05:00:06,Yes,No,,False,0.0,0.0,0.0,0,0,0,,Halo effect upload
22595756,naylani pepen,naylani,2026-08,https://tiktok.com/@naylani/video/7673915105804848398/,TikTok,2026-08-18 05:19:00,Yes,Yes,,False,0.0,0.0,0.0,0,0,0,,Halo effect upload
27047085,ndavis.usha,_naodavis,2026-07,https://www.tiktok.com/@nao.lifestyle/video/7665484118792146207,TikTok,2026-07-22 15:33:36,Yes,No,,False,0.0,0.0,0.0,0,0,0,,Halo effect upload
27047085,ndavis.usha,_naodavis,2026-07,https://www.tiktok.com/@nao.lifestyle/video/7667684372820086046,TikTok,2026-07-28 13:51:45,Yes,No,,False,0.0,0.0,0.0,0,0,0,,Halo effect upload
27047085,ndavis.usha,_naodavis,2026-07,https://tiktok.com/@nao.lifestyle/video/7668165454036356382/,TikTok,2026-07-29 20:58:41,Yes,No,,False,0.0,0.0,0.0,0,0,0,,Halo effect upload
27047085,ndavis.usha,_naodavis,2026-09,https://www.tiktok.com/@nao.lifestyle/video/7688873936498478367,TikTok,2026-09-23 16:18:01,Yes,No,,False,0.0,0.0,0.0,0,0,0,,Halo effect upload
27047085,ndavis.usha,_naodavis,2026-09,https://tiktok.com/@_naodavis/video/7689245554932518175/,TikTok,2026-09-24 17:00:00,Yes,No,,False,0.0,0.0,0.0,0,0,0,,Halo effect upload
27047085,ndavis.usha,_naodavis,2026-09,https://tiktok.com/@_naodavis/video/7690029267261885726/,TikTok,2026-09-26 19:01:15,Yes,No,,False,0.0,0.0,0.0,0,0,0,,Halo effect upload
32516564,ngozi34,lifeinnmaslane,2026-09,https://www.instagram.com/reel/Dc_urnFhfL2,Instagram,2026-09-07 11:16:02,Yes,No,,False,0.0,0.0,0.0,0,0,0,,Halo effect upload
32516564,ngozi34,LifeinNmaslanes,2026-09,https://www.facebook.com/reel/1065351989680224/,Instagram,2026-09-07 11:24:46,Yes,No,,False,0.0,0.0,0.0,0,0,0,,Halo effect upload
32516564,ngozi34,lifeinnmaslane,2026-09,https://www.youtube.com/shorts/1RrHi30lwNo,YouTube,2026-09-07 13:43:39,Yes,No,,False,0.0,0.0,0.0,0,0,0,,Halo effect upload
32516564,ngozi34,lifeinnmaslane,2026-09,https://tiktok.com/@lifeinnmaslane/video/7682888309558758687/,TikTok,2026-09-07 13:10:44,Yes,No,,False,0.0,0.0,0.0,0,0,0,,Halo effect upload
32516564,ngozi34,lifeinnmaslane,2026-09,https://www.instagram.com/reel/DdNvGtut7dF,Instagram,2026-09-13 01:11:49,Yes,No,,False,0.0,0.0,0.0,0,0,0,,Halo effect upload
32516564,ngozi34,LifeinNmaslanes,2026-09,https://www.facebook.com/reel/2116532119072313/,Instagram,2026-09-13 04:01:23,Yes,No,,False,0.0,0.0,0.0,0,0,0,,Halo effect upload
32516564,ngozi34,lifeinnmaslane,2026-09,https://tiktok.com/@lifeinnmaslane/video/7685229495262924063/,TikTok,2026-09-13 20:35:44,Yes,No,,False,0.0,0.0,0.0,0,0,0,,Halo effect upload
32516564,ngozi34,lifeinnmaslane,2026-09,https://www.youtube.com/shorts/V8xZlXKv3pM,YouTube,2026-09-14 10:03:57,Yes,No,,False,0.0,0.0,0.0,0,0,0,,Halo effect upload
30891188,NICOLE LANIGAN,nlaniganhome,2026-07,https://www.instagram.com/reel/DbYs9pFCeb8,Instagram,2026-07-29 10:57:56,Yes,Yes,,False,0.0,0.0,0.0,0,0,0,,Halo effect upload
30891188,NICOLE LANIGAN,nicolelaniganhome,2026-07,https://tiktok.com/@nicolelaniganhome/video/7668010152099941662/,TikTok,2026-07-29 10:56:03,Yes,No,,False,0.0,0.0,0.0,0,0,0,,Halo effect upload
30891188,NICOLE LANIGAN,nlaniganhome,2026-07,https://www.instagram.com/p/DbaiEwHBfcN/,Instagram,2026-07-30 04:00:06,Yes,No,,False,0.0,0.0,0.0,0,0,0,,Halo effect upload
30891188,NICOLE LANIGAN,nicolelaniganhome,2026-07,https://tiktok.com/@nicolelaniganhome/video/7668001835210394911/,TikTok,2026-07-30 04:00:00,Yes,Yes,,False,0.0,0.0,0.0,0,0,0,,Halo effect upload
30891188,NICOLE LANIGAN,nicolelaniganhome,2026-07,https://tiktok.com/@nicolelaniganhome/video/7668921379915304223/,TikTok,2026-07-31 21:52:01,Yes,No,,False,0.0,0.0,0.0,0,0,0,,Halo effect upload
30891188,NICOLE LANIGAN,nlaniganhome,2026-07,https://www.instagram.com/p/Dbe-ta4iiU_/,Instagram,2026-07-31 21:38:25,Yes,No,,False,0.0,0.0,0.0,0,0,0,,Halo effect upload
30891188,NICOLE LANIGAN,nicolelaniganhome,2026-08,https://tiktok.com/@nicolelaniganhome/video/7679303343830863134/,TikTok,2026-08-28 21:19:18,Yes,No,,False,0.0,0.0,0.0,0,0,0,,Halo effect upload
30891188,NICOLE LANIGAN,nlaniganhome,2026-08,https://www.instagram.com/reel/DcnLX0lga1m,Instagram,2026-08-28 22:30:44,Yes,No,,False,0.0,0.0,0.0,0,0,0,,Halo effect upload
30891188,NICOLE LANIGAN,nlaniganhome,2026-08,https://www.instagram.com/reel/DcnCnXbAxzI,Instagram,2026-08-28 21:07:36,Yes,No,,False,0.0,0.0,0.0,0,0,0,,Halo effect upload
30891188,NICOLE LANIGAN,nlaniganhome,2026-08,https://www.instagram.com/reel/DcpA5R8xJrp,Instagram,2026-08-29 15:30:06,Yes,Yes,,False,0.0,0.0,0.0,0,0,0,,Halo effect upload
30891188,NICOLE LANIGAN,nicolelaniganhome,2026-08,https://tiktok.com/@nicolelaniganhome/video/7679318737907879198/,TikTok,2026-08-29 15:30:00,Yes,No,,False,0.0,0.0,0.0,0,0,0,,Halo effect upload
30891188,NICOLE LANIGAN,nicolelaniganhome,2026-08,https://tiktok.com/@nicolelaniganhome/video/7679324736303664415/,TikTok,2026-08-30 05:00:00,Yes,No,,False,0.0,0.0,0.0,0,0,0,,Halo effect upload
32256957,ogildafdez,isabelnaturetherapy,2026-07,https://tiktok.com/@isabelnaturetherapy/video/7668174545878060301/,TikTok,2026-07-29 21:33:59,Yes,No,,False,0.0,0.0,0.0,0,0,0,,Halo effect upload
32256957,ogildafdez,styledbyisabelnyc,2026-09,https://www.instagram.com/reel/Dc4_Xg5ylYw,Instagram,2026-09-04 20:27:58,Yes,No,,False,0.0,0.0,0.0,0,0,0,,Halo effect upload
32256957,ogildafdez,isabelnaturetherapy,2026-09,https://tiktok.com/@isabelnaturetherapy/video/7681908403450449165/,TikTok,2026-09-04 21:48:09,Yes,No,,False,0.0,0.0,0.0,0,0,0,,Halo effect upload
32256957,ogildafdez,styledbyisabelnyc,2026-09,https://www.facebook.com/styledbyisabelnyc/posts/1096835096206181,,2026-09-04 21:27:09,Yes,No,,False,0.0,0.0,0.0,0,0,0,,Halo effect upload
32256957,ogildafdez,styledbyisabelnyc,2026-09,https://www.facebook.com/reel/2628802400886752/,Instagram,2026-09-04 20:28:11,Yes,No,,False,0.0,0.0,0.0,0,0,0,,Halo effect upload
26268637,Olga Clifton,olyacreative,2026-07,https://static-resources.creatoriq.com/instagram-stories/videos/3935555389416371095.mp4,,2026-07-06 14:52:52,No,No,,False,0.0,0.0,0.0,0,0,0,,Halo effect upload
26268637,Olga Clifton,olyacreative,2026-07,https://www.instagram.com/reel/DadpyrKJk3u,Instagram,2026-07-06 12:42:18,Yes,No,,False,0.0,0.0,0.0,0,0,0,,Halo effect upload
26268637,Olga Clifton,olyacreative,2026-07,https://www.instagram.com/reel/Dad46XRJAgx,Instagram,2026-07-06 14:47:55,Yes,No,,False,0.0,0.0,0.0,0,0,0,,Halo effect upload
26268637,Olga Clifton,olyacreative,2026-07,https://www.instagram.com/reel/DbGsR92pNpp,Instagram,2026-07-22 11:06:07,Yes,No,,False,0.0,0.0,0.0,0,0,0,,Halo effect upload
26268637,Olga Clifton,olyacreative,2026-08,https://www.instagram.com/reel/Db33wEgpMs4,Instagram,2026-08-10 13:29:51,Yes,No,,False,0.0,0.0,0.0,0,0,0,,Halo effect upload
26950853,Pamela Randolph,thenuttybrunettehome,2026-07,https://static-resources.creatoriq.com/instagram-stories/videos/3937748641527710393.mp4,,2026-07-09 15:30:36,Yes,No,,False,0.0,0.0,0.0,0,0,0,,Halo effect upload
26950853,Pamela Randolph,thenuttybrunettehome,2026-07,https://www.instagram.com/reel/DalsE1_pjsw,Instagram,2026-07-09 15:28:36,Yes,No,,False,0.0,0.0,0.0,0,0,0,,Halo effect upload
26950853,Pamela Randolph,thenuttybrunettehome,2026-08,https://www.pinterest.com/pin/39125090511050221/,,2026-08-13 04:13:33,Yes,Yes,,False,0.0,0.0,0.0,0,0,0,,Halo effect upload
26950853,Pamela Randolph,thenuttybrunettehome,2026-08,https://www.instagram.com/reel/Db-mbLHxEGJ,Instagram,2026-08-13 04:12:28,Yes,No,,False,0.0,0.0,0.0,0,0,0,,Halo effect upload
26950853,Pamela Randolph,thenuttybrunettehome,2026-08,https://tiktok.com/@thenuttybrunettehome/video/7673473104974187806/,TikTok,2026-08-13 04:14:55,Yes,No,,False,0.0,0.0,0.0,0,0,0,,Halo effect upload
26950853,Pamela Randolph,thenuttybrunettehome,2026-08,https://www.pinterest.com/pin/39125090511052772/,,2026-08-14 01:33:04,Yes,No,,False,0.0,0.0,0.0,0,0,0,,Halo effect upload
26950853,Pamela Randolph,thenuttybrunettehome,2026-09,https://www.instagram.com/reel/DcvVvhoRK9J,Instagram,2026-09-01 02:29:25,Yes,No,,False,0.0,0.0,0.0,0,0,0,,Halo effect upload
26950853,Pamela Randolph,thenuttybrunettehome,2026-09,https://www.pinterest.com/pin/39125090511108409/,,2026-09-02 01:43:46,Yes,No,,False,0.0,0.0,0.0,0,0,0,,Halo effect upload
26950853,Pamela Randolph,thenuttybrunettehome,2026-09,https://www.instagram.com/reel/DdXPaT3pAi1,Instagram,2026-09-16 14:23:46,Yes,No,,False,0.0,0.0,0.0,0,0,0,,Halo effect upload
26950853,Pamela Randolph,thenuttybrunettehome,2026-09,https://tiktok.com/@thenuttybrunettehome/video/7686258473486667039/,TikTok,2026-09-16 15:08:50,Yes,Yes,,False,0.0,0.0,0.0,0,0,0,,Halo effect upload
26950853,Pamela Randolph,thenuttybrunettehome,2026-09,https://www.pinterest.com/pin/39125090511153651/,,2026-09-18 01:40:31,Yes,No,,False,0.0,0.0,0.0,0,0,0,,Halo effect upload
26950853,Pamela Randolph,thenuttybrunettehome,2026-09,https://www.instagram.com/reel/DdoJ0YkRpX_,Instagram,2026-09-23 04:01:59,Yes,No,,False,0.0,0.0,0.0,0,0,0,,Halo effect upload
26950853,Pamela Randolph,thenuttybrunettehome,2026-09,https://www.pinterest.com/pin/39125090511170559/,,2026-09-24 01:33:43,Yes,No,,False,0.0,0.0,0.0,0,0,0,,Halo effect upload
26950853,Pamela Randolph,thenuttybrunettehome,2026-09,https://www.instagram.com/reel/DdrZ_EapdGn,Instagram,2026-09-24 10:20:00,Yes,No,,False,0.0,0.0,0.0,0,0,0,,Halo effect upload
26950853,Pamela Randolph,thenuttybrunettehome,2026-09,https://www.pinterest.com/pin/39125090511171462/,,2026-09-24 10:24:58,Yes,No,,False,0.0,0.0,0.0,0,0,0,,Halo effect upload
26950853,Pamela Randolph,thenuttybrunettehome,2026-09,https://www.pinterest.com/pin/39125090511173104/,,2026-09-25 01:38:40,Yes,No,,False,0.0,0.0,0.0,0,0,0,,Halo effect upload
27440310,pans_and_obsessions,leslie_kortes,2026-08,https://www.instagram.com/p/DclXmLFsUm8/,Instagram,2026-08-28 05:33:46,Yes,No,,False,0.0,0.0,0.0,0,0,0,,Halo effect upload
28485788,Patricia Holly,triciaholly,2026-07,https://www.instagram.com/p/DaiVX4vlR-c,Instagram,2026-07-08 08:11:53,Yes,No,,False,0.0,0.0,0.0,0,0,0,,Halo effect upload
28485788,Patricia Holly,triciaholly,2026-07,https://www.instagram.com/reel/DaiRoHohorg,Instagram,2026-07-08 07:47:20,Yes,No,,False,0.0,0.0,0.0,0,0,0,,Halo effect upload
27580718,Patrick Lee,cookingwithpatlee,2026-08,https://tiktok.com/@cookingwithpatlee/video/7680319675783253279/,TikTok,2026-08-31 15:03:10,Yes,No,,False,0.0,0.0,0.0,0,0,0,,Halo effect upload
28871139,personalspaceid,personal_spaceid,2026-09,https://static-resources.creatoriq.com/instagram-stories/videos/3995907768615615052.mp4,,2026-09-27 21:22:27,Yes,No,,False,0.0,0.0,0.0,0,0,0,,Halo effect upload
28871139,personalspaceid,personal_spaceid,2026-09,https://static-resources.creatoriq.com/instagram-stories/videos/3996266015160105809.mp4,,2026-09-27 21:26:07,Yes,No,,False,0.0,0.0,0.0,0,0,0,,Halo effect upload
27431443,Petr Balcarovsky,the_czech_mate_detroit,2026-08,https://www.instagram.com/reel/Db6PHiStO6K,Instagram,2026-08-11 11:37:03,Yes,No,,False,0.0,0.0,0.0,0,0,0,,Halo effect upload
27431443,Petr Balcarovsky,the_czech_mate_detroit,2026-08,https://www.instagram.com/reel/Db6YAGTt0vQ,Instagram,2026-08-11 12:54:11,Yes,No,,False,0.0,0.0,0.0,0,0,0,,Halo effect upload
30968291,pinkwithsonshine,pinkwithsonshine,2026-07,https://tiktok.com/@pinkwithsonshine/video/7664806031406451998/,TikTok,2026-07-20 19:42:14,Yes,No,,False,0.0,0.0,0.0,0,0,0,,Halo effect upload
30968291,pinkwithsonshine,pinkwithsonshine,2026-07,https://www.instagram.com/reel/DbCadgSRJum,Instagram,2026-07-20 19:21:08,Yes,No,,False,0.0,0.0,0.0,0,0,0,,Halo effect upload
30968291,pinkwithsonshine,pinkwithsonshine,2026-07,https://static-resources.creatoriq.com/instagram-stories/videos/3947156014125677794.mp4,,2026-07-22 15:01:10,Yes,No,,False,0.0,0.0,0.0,0,0,0,,Halo effect upload
12757347,Prerna Satija,world_of_erish,2026-09,https://www.instagram.com/reel/DdsmNvyz3bT,Instagram,2026-09-24 21:25:59,Yes,No,,False,0.0,0.0,0.0,0,0,0,,Halo effect upload
26954966,Quintiara ford,iamquinti,2026-07,https://www.youtube.com/watch?v=NfLdYId-vbo,,2026-07-08 06:38:45,Yes,No,,False,0.0,0.0,0.0,0,0,0,,Halo effect upload
26954966,Quintiara ford,iamquinti,2026-07,https://www.youtube.com/shorts/3Re5SQM7gQo,YouTube,2026-07-10 05:00:11,Yes,No,,False,0.0,0.0,0.0,0,0,0,,Halo effect upload
26954966,Quintiara ford,iamquinti,2026-07,https://tiktok.com/@iamquinti/video/7667320018476076319/,TikTok,2026-07-27 14:17:57,Yes,No,,False,0.0,0.0,0.0,0,0,0,,Halo effect upload
26954966,Quintiara ford,iamquinti,2026-07,https://www.youtube.com/shorts/02oHwT90d7I,YouTube,2026-07-30 05:00:34,Yes,No,,False,0.0,0.0,0.0,0,0,0,,Halo effect upload
26954966,Quintiara ford,iamquinti,2026-08,https://www.pinterest.com/pin/387028161750701400/,,2026-08-06 11:53:25,Yes,No,,False,0.0,0.0,0.0,0,0,0,,Halo effect upload
26954966,Quintiara ford,iamquinti,2026-08,https://www.pinterest.com/pin/387028161750679983/,,2026-08-03 15:06:12,Yes,No,,False,0.0,0.0,0.0,0,0,0,,Halo effect upload
26954966,Quintiara ford,iamquinti,2026-08,https://www.pinterest.com/pin/387028161750679924/,,2026-08-03 14:57:51,Yes,No,,False,0.0,0.0,0.0,0,0,0,,Halo effect upload
26954966,Quintiara ford,iamquinti,2026-08,https://www.pinterest.com/pin/387028161750679829/,,2026-08-03 14:49:06,Yes,No,,False,0.0,0.0,0.0,0,0,0,,Halo effect upload
26954966,Quintiara ford,iamquinti,2026-08,https://www.pinterest.com/pin/387028161750679825/,,2026-08-03 14:48:39,Yes,No,,False,0.0,0.0,0.0,0,0,0,,Halo effect upload
26954966,Quintiara ford,iamquinti,2026-07,https://www.pinterest.com/pin/387028161750650410/,,2026-07-30 17:30:50,Yes,No,,False,0.0,0.0,0.0,0,0,0,,Halo effect upload
26954966,Quintiara ford,iamquinti,2026-08,https://www.pinterest.com/pin/387028161750679785/,,2026-08-03 14:45:09,Yes,No,,False,0.0,0.0,0.0,0,0,0,,Halo effect upload
26954966,Quintiara ford,iamquinti,2026-07,https://www.pinterest.com/pin/387028161750639782/,,2026-07-29 11:10:35,Yes,No,,False,0.0,0.0,0.0,0,0,0,,Halo effect upload
26954966,Quintiara ford,iamquinti,2026-07,https://www.pinterest.com/pin/387028161750639124/,,2026-07-29 09:02:12,Yes,No,,False,0.0,0.0,0.0,0,0,0,,Halo effect upload
26954966,Quintiara ford,iamquinti,2026-07,https://www.pinterest.com/pin/387028161750639018/,,2026-07-29 08:38:06,Yes,No,,False,0.0,0.0,0.0,0,0,0,,Halo effect upload
26954966,Quintiara ford,iamquinti,2026-07,https://www.pinterest.com/pin/387028161750639080/,,2026-07-29 08:56:29,Yes,No,,False,0.0,0.0,0.0,0,0,0,,Halo effect upload
26954966,Quintiara ford,iamquinti,2026-07,https://www.pinterest.com/pin/387028161750639017/,,2026-07-29 08:37:07,Yes,No,,False,0.0,0.0,0.0,0,0,0,,Halo effect upload
26954966,Quintiara ford,iamquinti,2026-07,https://www.pinterest.com/pin/387028161750638996/,,2026-07-29 08:27:45,Yes,No,,False,0.0,0.0,0.0,0,0,0,,Halo effect upload
26954966,Quintiara ford,iamquinti,2026-07,https://www.pinterest.com/pin/387028161750638807/,,2026-07-29 07:47:20,Yes,No,,False,0.0,0.0,0.0,0,0,0,,Halo effect upload
26954966,Quintiara ford,iamquinti,2026-07,https://www.pinterest.com/pin/387028161750638823/,,2026-07-29 07:50:27,Yes,No,,False,0.0,0.0,0.0,0,0,0,,Halo effect upload
26954966,Quintiara ford,iamquinti,2026-07,https://www.pinterest.com/pin/387028161750638642/,,2026-07-29 07:14:40,Yes,No,,False,0.0,0.0,0.0,0,0,0,,Halo effect upload
26954966,Quintiara ford,iamquinti,2026-07,https://www.pinterest.com/pin/387028161750567081/,,2026-07-19 11:04:35,Yes,No,,False,0.0,0.0,0.0,0,0,0,,Halo effect upload
26954966,Quintiara ford,iamquinti,2026-09,https://www.youtube.com/shorts/jchurDgQ_qQ,YouTube,2026-09-27 04:00:30,Yes,No,,False,0.0,0.0,0.0,0,0,0,,Halo effect upload
27398907,rachelsreno,rachelsreno,2026-07,https://www.tiktok.com/@rachelsreno/video/7657574579522604301,TikTok,2026-07-01 08:01:01,Yes,Yes,,False,0.0,0.0,0.0,0,0,0,,Halo effect upload
27398907,rachelsreno,rachelsreno_,2026-07,https://www.instagram.com/reel/DaxqM3IDXNj,Instagram,2026-07-14 07:02:57,Yes,No,,False,0.0,0.0,0.0,0,0,0,,Halo effect upload
27398907,rachelsreno,rachelsreno_,2026-07,https://www.instagram.com/reel/Da27PwfiNos,Instagram,2026-07-16 08:08:08,Yes,No,,False,0.0,0.0,0.0,0,0,0,,Halo effect upload
27398907,rachelsreno,rachelsreno_,2026-07,https://www.instagram.com/reel/DaQSNJexRXY,Instagram,2026-07-01 07:58:52,No,No,,False,0.0,0.0,0.0,0,0,0,,Halo effect upload
27398907,rachelsreno,rachelsreno,2026-07,https://tiktok.com/@rachelsreno/video/7663145110158200078/,TikTok,2026-07-21 08:46:00,Yes,No,,False,0.0,0.0,0.0,0,0,0,,Halo effect upload
27398907,rachelsreno,rachelsreno_,2026-07,https://www.instagram.com/reel/DbOy7ofj2O9,Instagram,2026-07-25 14:37:05,Yes,Yes,,False,0.0,0.0,0.0,0,0,0,,Halo effect upload
27398907,rachelsreno,rachelsreno_,2026-07,https://www.instagram.com/reel/DbWI8uzEeCl,Instagram,2026-07-28 11:04:23,Yes,Yes,,False,0.0,0.0,0.0,0,0,0,,Halo effect upload
27398907,rachelsreno,rachelsreno,2026-07,https://tiktok.com/@rachelsreno/video/7667635142407572749/,TikTok,2026-07-28 10:40:53,Yes,No,,False,0.0,0.0,0.0,0,0,0,,Halo effect upload
27398907,rachelsreno,rachelsreno,2026-08,https://tiktok.com/@rachelsreno/video/7671048056472718605/,TikTok,2026-08-06 15:24:30,Yes,No,,False,0.0,0.0,0.0,0,0,0,,Halo effect upload
27398907,rachelsreno,rachelsreno_,2026-08,https://www.instagram.com/reel/DbtzDhAx0HL,Instagram,2026-08-06 15:36:50,Yes,No,,False,0.0,0.0,0.0,0,0,0,,Halo effect upload
27398907,rachelsreno,rachelsreno,2026-08,https://tiktok.com/@rachelsreno/video/7671348493910379790/,TikTok,2026-08-07 10:50:43,Yes,Yes,,False,0.0,0.0,0.0,0,0,0,,Halo effect upload
27398907,rachelsreno,rachelsreno,2026-08,https://tiktok.com/@rachelsreno/video/7674981266122345742/,TikTok,2026-08-17 05:47:45,Yes,No,,False,0.0,0.0,0.0,0,0,0,,Halo effect upload
27398907,rachelsreno,rachelsreno_,2026-08,https://www.instagram.com/p/DcWFNztgMvn/,Instagram,2026-08-22 07:02:56,Yes,No,,False,0.0,0.0,0.0,0,0,0,,Halo effect upload
27398907,rachelsreno,rachelsreno,2026-08,https://tiktok.com/@rachelsreno/video/7678136940050271501/,TikTok,2026-08-25 17:53:05,Yes,No,,False,0.0,0.0,0.0,0,0,0,,Halo effect upload
27398907,rachelsreno,rachelsreno,2026-09,https://www.tiktok.com/@rachelsreno/video/7681449948700757262,TikTok,2026-09-03 16:09:04,Yes,Yes,,False,0.0,0.0,0.0,0,0,0,,Halo effect upload
27398907,rachelsreno,rachelsreno,2026-09,https://tiktok.com/@rachelsreno/video/7683155028000935181/,TikTok,2026-09-08 09:16:00,Yes,No,,False,0.0,0.0,0.0,0,0,0,,Halo effect upload
27398907,rachelsreno,rachelsreno_,2026-09,https://www.instagram.com/reel/DdEbggTErgr,Instagram,2026-09-09 07:02:47,Yes,No,,False,0.0,0.0,0.0,0,0,0,,Halo effect upload
27398907,rachelsreno,rachelsreno_,2026-09,https://www.instagram.com/p/DdSmGhRkwba/,Instagram,2026-09-14 19:04:45,Yes,No,,False,0.0,0.0,0.0,0,0,0,,Halo effect upload
27398907,rachelsreno,rachelsreno_,2026-09,https://www.instagram.com/reel/DdZCHe9ithW,Instagram,2026-09-17 07:05:02,Yes,No,,False,0.0,0.0,0.0,0,0,0,,Halo effect upload
22224163,Rana Gharzeddine,atouchofsimplicitybyrana,2026-09,https://www.instagram.com/p/DdhDapjvQPZ/,Instagram,2026-09-20 09:52:10,Yes,Yes,,False,0.0,0.0,0.0,0,0,0,,Halo effect upload
22224163,Rana Gharzeddine,atouchofsimplicitybyrana,2026-09,https://www.tiktok.com/@atouchofsimplicitybyrana/video/7687664811605331231,TikTok,2026-09-20 10:06:02,Yes,Yes,,False,0.0,0.0,0.0,0,0,0,,Halo effect upload
22224163,Rana Gharzeddine,atouchofsimplicitybyrana,2026-09,https://tiktok.com/@atouchofsimplicitybyrana/video/7690052849929145631/,TikTok,2026-09-26 20:32:50,Yes,No,,False,0.0,0.0,0.0,0,0,0,,Halo effect upload
29283323,Rebecca Phillips,bestofrebeccaphillips,2026-07,https://www.instagram.com/p/DbOEq6-jn5J,Instagram,2026-07-25 07:52:31,Yes,No,,False,0.0,0.0,0.0,0,0,0,,Halo effect upload
29283323,Rebecca Phillips,bestofrebeccaphillips,2026-09,https://www.pinterest.com/pin/377458012543851525/,,2026-09-17 11:01:05,Yes,No,,False,0.0,0.0,0.0,0,0,0,,Halo effect upload
29283323,Rebecca Phillips,bestofrebeccaphillips,2026-09,https://www.pinterest.com/pin/377458012543851596/,,2026-09-17 11:12:50,Yes,No,,False,0.0,0.0,0.0,0,0,0,,Halo effect upload
31252135,renauandco,renauandco,2026-07,https://www.instagram.com/p/DbN50PSx_un/,Instagram,2026-07-25 06:18:46,Yes,No,,False,0.0,0.0,0.0,0,0,0,,Halo effect upload
31252135,renauandco,renauandco,2026-08,https://www.instagram.com/reel/DcOPNWlxTPv,Instagram,2026-08-19 05:57:01,Yes,No,,False,0.0,0.0,0.0,0,0,0,,Halo effect upload
31252135,renauandco,Renauandcohome,2026-09,https://www.pinterest.com/pin/490399846947681087/,,2026-09-24 15:05:11,Yes,No,,False,0.0,0.0,0.0,0,0,0,,Halo effect upload
31252135,renauandco,renauandco,2026-09,https://www.instagram.com/reel/DdwiLA0RgXq,Instagram,2026-09-26 10:07:57,Yes,No,,False,0.0,0.0,0.0,0,0,0,,Halo effect upload
31252135,renauandco,renauandco,2026-09,https://www.instagram.com/reel/DdwgP_8xLLc,Instagram,2026-09-26 09:51:24,Yes,No,,False,0.0,0.0,0.0,0,0,0,,Halo effect upload
31252135,renauandco,renauandco,2026-09,https://www.instagram.com/reel/DdzUAS3NCln,Instagram,2026-09-27 12:01:44,Yes,No,,False,0.0,0.0,0.0,0,0,0,,Halo effect upload
31233349,reynosoyajaira21,yajaira0529,2026-09,https://www.instagram.com/reel/DdoXOXhiE_E,Instagram,2026-09-23 06:00:02,Yes,No,,False,0.0,0.0,0.0,0,0,0,,Halo effect upload
31233349,reynosoyajaira21,yajairareynoso0,2026-09,https://tiktok.com/@yajairareynoso0/video/7688713001565687053/,TikTok,2026-09-23 05:53:28,Yes,No,,False,0.0,0.0,0.0,0,0,0,,Halo effect upload
26403855,Rian Smith,reallyrians,2026-07,https://www.instagram.com/reel/Da-nImpxyZC,Instagram,2026-07-19 07:52:56,Yes,No,,False,0.0,0.0,0.0,0,0,0,,Halo effect upload
26403855,Rian Smith,reallyrians,2026-07,https://tiktok.com/@reallyrians/video/7664248170276211999/,TikTok,2026-07-19 07:37:40,Yes,No,,False,0.0,0.0,0.0,0,0,0,,Halo effect upload
26403855,Rian Smith,reallyrians,2026-08,https://www.instagram.com/reel/DbyMcRcxcMF,Instagram,2026-08-08 08:35:10,Yes,No,,False,0.0,0.0,0.0,0,0,0,,Halo effect upload
26403855,Rian Smith,reallyrians,2026-09,https://tiktok.com/@reallyrians/video/7690271043595816223/,TikTok,2026-09-27 10:39:32,Yes,No,,False,0.0,0.0,0.0,0,0,0,,Halo effect upload
25936352,Rosa Yungen,samples4rosa,2026-08,https://www.instagram.com/reel/DccWMiVsjhQ,Instagram,2026-08-24 17:28:05,Yes,No,,False,0.0,0.0,0.0,0,0,0,,Halo effect upload
25763338,Sahanaz Matin-Rashid,homewithshanna,2026-09,https://www.instagram.com/reel/Dc6Sclbp91j,Instagram,2026-09-05 08:32:47,Yes,No,,False,0.0,0.0,0.0,0,0,0,,Halo effect upload
29212803,Sara Duval,duves_creative,2026-07,https://tiktok.com/@duves_creative/video/7660136311851961630/,TikTok,2026-07-08 05:41:22,Yes,No,,False,0.0,0.0,0.0,0,0,0,,Halo effect upload
29212803,Sara Duval,duves_creative,2026-07,https://www.instagram.com/reel/DaiEUP4ui2k,Instagram,2026-07-08 05:47:01,Yes,No,,False,0.0,0.0,0.0,0,0,0,,Halo effect upload
29212803,Sara Duval,duves_creative,2026-09,https://tiktok.com/@duves_creative/video/7688335969107365151/,TikTok,2026-09-22 05:30:46,Yes,No,,False,0.0,0.0,0.0,0,0,0,,Halo effect upload
12538386,Sarah DuBois,ellis_cottage,2026-08,https://www.instagram.com/p/DcojSlrpBRr/,Instagram,2026-08-29 11:16:17,Yes,No,,False,0.0,0.0,0.0,0,0,0,,Halo effect upload
12538386,Sarah DuBois,ellis_cottage,2026-09,https://www.instagram.com/reel/Dc4gPfgBgk-,Instagram,2026-09-04 15:54:16,Yes,No,,False,0.0,0.0,0.0,0,0,0,,Halo effect upload
12538386,Sarah DuBois,ellis_cottage,2026-09,https://www.instagram.com/reel/Dc_uE_XBWMg,Instagram,2026-09-07 11:11:33,Yes,No,,False,0.0,0.0,0.0,0,0,0,,Halo effect upload
24440867,Savannah Pratt Sharma,savannahprattsharma,2026-07,https://www.youtube.com/shorts/ThoVADCuWME,YouTube,2026-07-31 09:05:21,Yes,No,,False,0.0,0.0,0.0,0,0,0,,Halo effect upload
24440867,Savannah Pratt Sharma,savannahprattsharma,2026-07,https://www.instagram.com/reel/Dbdl-EqDOBm,Instagram,2026-07-31 08:32:50,Yes,Yes,,False,0.0,0.0,0.0,0,0,0,,Halo effect upload
24440867,Savannah Pratt Sharma,savannahprattsharma,2026-07,https://tiktok.com/@savannahprattsharma/video/7668815833870732558/,TikTok,2026-07-31 15:02:18,Yes,No,,False,0.0,0.0,0.0,0,0,0,,Halo effect upload
24440867,Savannah Pratt Sharma,savannahprattsharma,2026-08,https://www.instagram.com/reel/Db8UJGcieVF,Instagram,2026-08-12 06:53:19,Yes,No,,False,0.0,0.0,0.0,0,0,0,,Halo effect upload
24440867,Savannah Pratt Sharma,savannahprattsharma,2026-08,https://tiktok.com/@savannahprattsharma/video/7673233218375552270/,TikTok,2026-08-12 12:43:51,Yes,No,,False,0.0,0.0,0.0,0,0,0,,Halo effect upload
24440867,Savannah Pratt Sharma,savannahprattsharma,2026-08,https://www.instagram.com/reel/DcTiJjhgErU,Instagram,2026-08-21 07:18:32,Yes,No,,False,0.0,0.0,0.0,0,0,0,,Halo effect upload
24440867,Savannah Pratt Sharma,savannahprattsharma,2026-08,https://tiktok.com/@savannahprattsharma/video/7676562379320069390/,TikTok,2026-08-21 12:02:46,Yes,Yes,,False,0.0,0.0,0.0,0,0,0,,Halo effect upload
24440867,Savannah Pratt Sharma,savannahprattsharma,2026-09,https://www.instagram.com/p/DdEDTFAjL5N/,Instagram,2026-09-09 03:31:39,Yes,Yes,,False,0.0,0.0,0.0,0,0,0,,Halo effect upload
24440867,Savannah Pratt Sharma,savannahprattsharma,2026-09,https://tiktok.com/@savannahprattsharma/video/7683520465595305229/,TikTok,2026-09-09 06:03:41,Yes,Yes,,False,0.0,0.0,0.0,0,0,0,,Halo effect upload
24440867,Savannah Pratt Sharma,savannahprattsharma,2026-09,https://www.youtube.com/shorts/KUgEugYzI0g,YouTube,2026-09-10 08:59:21,Yes,No,,False,0.0,0.0,0.0,0,0,0,,Halo effect upload
24440867,Savannah Pratt Sharma,savannahprattsharma,2026-09,https://www.instagram.com/reel/DdHNsSoglQd,Instagram,2026-09-10 09:00:16,Yes,No,,False,0.0,0.0,0.0,0,0,0,,Halo effect upload
24440867,Savannah Pratt Sharma,savannahprattsharma,2026-09,https://tiktok.com/@savannahprattsharma/video/7683936674417528077/,TikTok,2026-09-10 08:58:52,Yes,No,,False,0.0,0.0,0.0,0,0,0,,Halo effect upload
27459701,Sephora Beauty UGC🇭🇹🇺🇸,s_laplante_,2026-09,https://www.instagram.com/reel/DdlDxVaxlJC,Instagram,2026-09-21 23:14:59,Yes,No,,False,0.0,0.0,0.0,0,0,0,,Halo effect upload
28606415,Shannon Grant,fightingmothernature,2026-08,https://www.instagram.com/reel/DcRintdE5mt,Instagram,2026-08-20 12:43:45,Yes,No,,False,0.0,0.0,0.0,0,0,0,,Halo effect upload
28606415,Shannon Grant,fightingmothernature,2026-08,https://www.instagram.com/reel/DcRj3-diu2y,Instagram,2026-08-20 12:54:41,Yes,No,,False,0.0,0.0,0.0,0,0,0,,Halo effect upload
31499022,Shanon Ford,shanonmakesithome,2026-07,https://www.instagram.com/reel/DayWMiglWUE,Instagram,2026-07-14 13:27:00,Yes,No,,False,0.0,0.0,0.0,0,0,0,,Halo effect upload
31499022,Shanon Ford,shanonmakesithome,2026-07,https://tiktok.com/@shanonmakesithome/video/7662487058790894879/,TikTok,2026-07-14 13:43:34,Yes,No,,False,0.0,0.0,0.0,0,0,0,,Halo effect upload
24242146,Shaquana Dawes,561777150342432,2026-07,https://www.facebook.com/122159736932715879/posts/122170231622715879,,2026-07-23 12:06:37,Yes,No,,False,0.0,0.0,0.0,0,0,0,,Halo effect upload
24242146,Shaquana Dawes,layeredbymonay,2026-07,https://www.instagram.com/reel/DbJVg30JCf8,Instagram,2026-07-23 11:46:57,Yes,No,,False,0.0,0.0,0.0,0,0,0,,Halo effect upload
24242146,Shaquana Dawes,layeredbymonay,2026-07,https://static-resources.creatoriq.com/instagram-stories/videos/3948282668496026232.mp4,,2026-07-24 04:19:48,Yes,No,,False,0.0,0.0,0.0,0,0,0,,Halo effect upload
24242146,Shaquana Dawes,layeredbymonay,2026-07,https://www.pinterest.com/pin/448952656642236112/,,2026-07-24 02:35:28,Yes,No,,False,0.0,0.0,0.0,0,0,0,,Halo effect upload
24242146,Shaquana Dawes,layeredbymonay,2026-09,https://www.instagram.com/reel/DdcSHilPskJ,Instagram,2026-09-18 13:27:18,Yes,No,,False,0.0,0.0,0.0,0,0,0,,Halo effect upload
24242146,Shaquana Dawes,layeredbymonay,2026-09,https://www.instagram.com/reel/DdzHQcbJpiQ,Instagram,2026-09-27 10:17:45,Yes,No,,False,0.0,0.0,0.0,0,0,0,,Halo effect upload
24242146,Shaquana Dawes,layeredbymonay,2026-09,https://tiktok.com/@layeredbymonay/video/7690268013051792653/,TikTok,2026-09-27 10:27:52,Yes,No,,False,0.0,0.0,0.0,0,0,0,,Halo effect upload
29553824,sharikakendle,bunnyslk,2026-07,https://www.instagram.com/reel/DaV7qR4KRWr,Instagram,2026-07-03 12:52:33,Yes,No,,False,0.0,0.0,0.0,0,0,0,,Halo effect upload
22485419,shawnee  Krahulik,kshawnee,2026-09,https://tiktok.com/@kshawnee/video/7660955025149021454/,TikTok,2026-09-10 10:03:06,Yes,No,,False,0.0,0.0,0.0,0,0,0,,Halo effect upload
28707580,Shonnita Nix,shonnitap,2026-08,https://www.tiktok.com/@shonnitap/video/7675766666105507103,TikTok,2026-08-19 08:35:08,Yes,Yes,,False,0.0,0.0,0.0,0,0,0,,Halo effect upload
28707580,Shonnita Nix,shonnitap,2026-09,https://tiktok.com/@shonnitap/video/7690627743180016926/,TikTok,2026-09-28 09:44:01,Yes,No,,False,0.0,0.0,0.0,0,0,0,,Halo effect upload
28792133,Sierra Edwards,sequinedbysierra,2026-07,https://www.instagram.com/reel/DayrglQJe9C,Instagram,2026-07-14 16:38:01,Yes,No,,False,0.0,0.0,0.0,0,0,0,,Halo effect upload
28792133,Sierra Edwards,sequinedbysierra,2026-07,https://www.youtube.com/shorts/-aAJ6KK3vd8,YouTube,2026-07-14 16:46:03,No,No,,False,0.0,0.0,0.0,0,0,0,,Halo effect upload
28792133,Sierra Edwards,sequinedbysierra,2026-07,https://www.facebook.com/reel/2515886365523460/,Instagram,2026-07-14 16:54:57,Yes,No,,False,0.0,0.0,0.0,0,0,0,,Halo effect upload
28792133,Sierra Edwards,sequinedbysierra,2026-07,https://www.tiktok.com/@sequinedbysierra/video/7662529893632085262,TikTok,2026-07-14 16:29:51,Yes,No,,False,0.0,0.0,0.0,0,0,0,,Halo effect upload
28792133,Sierra Edwards,sequinedbysierra,2026-09,https://www.instagram.com/reel/DdCRN9TpQuF,Instagram,2026-09-08 11:00:30,Yes,No,,False,0.0,0.0,0.0,0,0,0,,Halo effect upload
28792133,Sierra Edwards,sequinedbysierra,2026-09,https://www.youtube.com/shorts/KswzWP6C07k,YouTube,2026-09-08 11:15:29,Yes,No,,False,0.0,0.0,0.0,0,0,0,,Halo effect upload
28792133,Sierra Edwards,sequinedbysierra,2026-09,https://www.facebook.com/reel/2121899161699228/,Instagram,2026-09-08 11:09:58,Yes,No,,False,0.0,0.0,0.0,0,0,0,,Halo effect upload
28792133,Sierra Edwards,sequinedbysierra,2026-09,https://tiktok.com/@sequinedbysierra/video/7683227201243761934/,TikTok,2026-09-08 11:05:52,Yes,No,,False,0.0,0.0,0.0,0,0,0,,Halo effect upload
28792133,Sierra Edwards,sequinedbysierra,2026-09,https://www.facebook.com/reel/1788432552298202/,Instagram,2026-09-11 18:19:10,Yes,No,,False,0.0,0.0,0.0,0,0,0,,Halo effect upload
28792133,Sierra Edwards,sequinedbysierra,2026-09,https://www.youtube.com/shorts/UgvjxyaGDtk,YouTube,2026-09-11 19:38:53,No,No,,False,0.0,0.0,0.0,0,0,0,,Halo effect upload
28792133,Sierra Edwards,sequinedbysierra,2026-09,https://tiktok.com/@sequinedbysierra/video/7684454143964089613/,TikTok,2026-09-11 18:27:05,Yes,No,,False,0.0,0.0,0.0,0,0,0,,Halo effect upload
29431589,Sirena Castillo,sirenamdeleon,2026-08,https://www.instagram.com/reel/DbqaUa8hvu-,Instagram,2026-08-05 08:00:07,Yes,No,,False,0.0,0.0,0.0,0,0,0,,Halo effect upload
29431589,Sirena Castillo,sirenamdeleon,2026-08,https://tiktok.com/@sirenamdeleon/video/7670035879783615774/,TikTok,2026-08-04 08:00:00,Yes,Yes,,False,0.0,0.0,0.0,0,0,0,,Halo effect upload
29431589,Sirena Castillo,sirenamdeleon,2026-09,https://www.instagram.com/p/DdjbrKzRloA/,Instagram,2026-09-21 08:00:52,Yes,No,,False,0.0,0.0,0.0,0,0,0,,Halo effect upload
29431589,Sirena Castillo,sirenamdeleon,2026-09,https://tiktok.com/@sirenamdeleon/video/7688320006718819614/,TikTok,2026-09-22 08:00:00,Yes,No,,False,0.0,0.0,0.0,0,0,0,,Halo effect upload
29199148,Sophia Zheng,narinida,2026-07,https://www.tiktok.com/@narinida/video/7658135570744429838,TikTok,2026-07-02 20:17:37,Yes,No,,False,0.0,0.0,0.0,0,0,0,,Halo effect upload
29199148,Sophia Zheng,narinida,2026-09,https://www.tiktok.com/@narinida/video/7681890536290110734,TikTok,2026-09-04 20:39:08,Yes,No,,False,0.0,0.0,0.0,0,0,0,,Halo effect upload
27232145,Stacy Bowler,stacy.bowler,2026-07,https://static-resources.creatoriq.com/instagram-stories/thumbs/3944120073300096907.jpg,,2026-07-18 10:29:32,Yes,No,,False,0.0,0.0,0.0,0,0,0,,Halo effect upload
27232145,Stacy Bowler,stacy.bowler,2026-08,https://www.instagram.com/reel/DcB6dBlizgH,Instagram,2026-08-14 11:04:29,Yes,No,,False,0.0,0.0,0.0,0,0,0,,Halo effect upload
27232145,Stacy Bowler,stacy.bowler,2026-08,https://static-resources.creatoriq.com/instagram-stories/videos/3964458709988352292.mp4,,2026-08-15 11:58:41,Yes,No,,False,0.0,0.0,0.0,0,0,0,,Halo effect upload
34644623,stephanie.silver.creates,home.with.stephanie,2026-09,https://www.instagram.com/reel/Dc4Vq6xPCg6,Instagram,2026-09-04 14:21:45,Yes,No,,False,0.0,0.0,0.0,0,0,0,,Halo effect upload
16506745,Stuti Rastogi,onesqftatime,2026-07,https://www.instagram.com/reel/DbJ9opMhZJ2,Instagram,2026-07-23 17:34:50,Yes,Yes,,False,0.0,0.0,0.0,0,0,0,,Halo effect upload
29043937,Sunshine samson,ferndesol,2026-07,https://www.instagram.com/reel/DbZUOPvvQEW,Instagram,2026-07-29 16:41:54,Yes,Yes,,False,0.0,0.0,0.0,0,0,0,,Halo effect upload
29214590,Susan • nyc fashion & lifestyle,susantime,2026-08,https://www.instagram.com/p/Dcl-BuARQqy/,Instagram,2026-08-28 11:14:24,Yes,No,,False,0.0,0.0,0.0,0,0,0,,Halo effect upload
29214590,Susan • nyc fashion & lifestyle,susantime,2026-08,https://www.instagram.com/p/Dcq6EwjOV_J/,Instagram,2026-08-30 09:18:13,Yes,No,,False,0.0,0.0,0.0,0,0,0,,Halo effect upload
29214590,Susan • nyc fashion & lifestyle,susantime,2026-08,https://www.instagram.com/p/Dct3P7PPXTA/,Instagram,2026-08-31 12:48:23,Yes,No,,False,0.0,0.0,0.0,0,0,0,,Halo effect upload
29214590,Susan • nyc fashion & lifestyle,susantime,2026-08,https://www.instagram.com/reel/DcmOWV-PWQV,Instagram,2026-08-28 13:33:38,No,No,,False,0.0,0.0,0.0,0,0,0,,Halo effect upload
29214590,Susan • nyc fashion & lifestyle,susantime,2026-08,https://www.instagram.com/p/DceVCMfQhoB/,Instagram,2026-08-25 11:57:09,No,No,,False,0.0,0.0,0.0,0,0,0,,Halo effect upload
29950115,Susana  Lopez,sotesylife,2026-07,https://www.instagram.com/reel/DaV_7tGJ43b,Instagram,2026-07-03 13:16:33,Yes,No,,False,0.0,0.0,0.0,0,0,0,,Halo effect upload
29950115,Susana  Lopez,justsusylo,2026-07,https://tiktok.com/@justsusyl/video/7658397089658850573/,TikTok,2026-07-03 13:12:30,Yes,No,,False,0.0,0.0,0.0,0,0,0,,Halo effect upload
29950115,Susana  Lopez,sotesylife,2026-07,https://www.instagram.com/reel/Daoqa2hR2fM,Instagram,2026-07-10 19:13:02,Yes,No,,False,0.0,0.0,0.0,0,0,0,,Halo effect upload
29950115,Susana  Lopez,justsusylo,2026-07,https://tiktok.com/@justsusyl/video/7661086953303018766/,TikTok,2026-07-10 19:10:31,Yes,No,,False,0.0,0.0,0.0,0,0,0,,Halo effect upload
29950115,Susana  Lopez,sotesylife,2026-07,https://www.instagram.com/reel/Dax0VoXRnXw,Instagram,2026-07-14 08:33:04,Yes,No,,False,0.0,0.0,0.0,0,0,0,,Halo effect upload
29950115,Susana  Lopez,justsusylo,2026-07,https://tiktok.com/@justsusylo/video/7662403396166536461/,TikTok,2026-07-14 08:19:10,Yes,No,,False,0.0,0.0,0.0,0,0,0,,Halo effect upload
29950115,Susana  Lopez,justsusylo,2026-07,https://tiktok.com/@justsusylo/video/7663087846160469261/,TikTok,2026-07-16 04:35:56,Yes,No,,False,0.0,0.0,0.0,0,0,0,,Halo effect upload
29950115,Susana  Lopez,sotesylife,2026-07,https://www.instagram.com/reel/Da5Q1KnRY0s,Instagram,2026-07-17 05:58:11,Yes,No,,False,0.0,0.0,0.0,0,0,0,,Halo effect upload
29950115,Susana  Lopez,sotesylife,2026-07,https://www.instagram.com/reel/DbBr4CLx-w-,Instagram,2026-07-20 12:27:35,Yes,No,,False,0.0,0.0,0.0,0,0,0,,Halo effect upload
29950115,Susana  Lopez,justsusylo,2026-07,https://tiktok.com/@justsusylo/video/7664690016022465823/,TikTok,2026-07-20 12:12:02,Yes,No,,False,0.0,0.0,0.0,0,0,0,,Halo effect upload
29950115,Susana  Lopez,sotesylife,2026-07,https://www.instagram.com/reel/DbIkVOnRa00,Instagram,2026-07-23 04:36:11,Yes,No,,False,0.0,0.0,0.0,0,0,0,,Halo effect upload
29950115,Susana  Lopez,justsusylo,2026-07,https://tiktok.com/@justsusylo/video/7665684557131255054/,TikTok,2026-07-23 04:32:08,Yes,No,,False,0.0,0.0,0.0,0,0,0,,Halo effect upload
29950115,Susana  Lopez,sotesylife,2026-07,https://www.instagram.com/reel/DbL3KpPxg5P,Instagram,2026-07-24 11:19:54,Yes,No,,False,0.0,0.0,0.0,0,0,0,,Halo effect upload
29950115,Susana  Lopez,justsusylo,2026-07,https://tiktok.com/@justsusylo/video/7666158595481947405/,TikTok,2026-07-24 11:10:54,Yes,No,,False,0.0,0.0,0.0,0,0,0,,Halo effect upload
29950115,Susana  Lopez,sotesylife,2026-08,https://www.instagram.com/reel/Dbydx5rR0Bh,Instagram,2026-08-08 11:09:33,Yes,No,,False,0.0,0.0,0.0,0,0,0,,Halo effect upload
29950115,Susana  Lopez,justsusylo,2026-08,https://tiktok.com/@justsusylo/video/7671719539394088206/,TikTok,2026-08-08 10:50:27,Yes,Yes,,False,0.0,0.0,0.0,0,0,0,,Halo effect upload
29950115,Susana  Lopez,sotesylife,2026-08,https://www.instagram.com/reel/Db6I2yOxYR9,Instagram,2026-08-11 10:38:34,Yes,No,,False,0.0,0.0,0.0,0,0,0,,Halo effect upload
29950115,Susana  Lopez,sotesylife,2026-08,https://www.instagram.com/reel/Db8KqE1xvxD,Instagram,2026-08-12 05:34:48,Yes,No,,False,0.0,0.0,0.0,0,0,0,,Halo effect upload
29950115,Susana  Lopez,justsusylo,2026-08,https://tiktok.com/@justsusylo/video/7673120677708188942/,TikTok,2026-08-12 05:27:17,Yes,No,,False,0.0,0.0,0.0,0,0,0,,Halo effect upload
29950115,Susana  Lopez,justsusylo,2026-08,https://tiktok.com/@justsusylo/video/7673896758228815118/,TikTok,2026-08-14 07:39:23,Yes,Yes,,False,0.0,0.0,0.0,0,0,0,,Halo effect upload
29950115,Susana  Lopez,sotesylife,2026-08,https://www.instagram.com/reel/DcI8aRyxkPE,Instagram,2026-08-17 04:39:16,Yes,Yes,,False,0.0,0.0,0.0,0,0,0,,Halo effect upload
29950115,Susana  Lopez,justsusylo,2026-08,https://tiktok.com/@justsusylo/video/7674957261722111246/,TikTok,2026-08-17 04:14:46,Yes,No,,False,0.0,0.0,0.0,0,0,0,,Halo effect upload
29950115,Susana  Lopez,sotesylife,2026-08,https://www.instagram.com/reel/DcjUKDWRJiz,Instagram,2026-08-27 10:25:30,Yes,Yes,,False,0.0,0.0,0.0,0,0,0,,Halo effect upload
29950115,Susana  Lopez,justsusylo,2026-08,https://tiktok.com/@justsusylo/video/7678762070564719886/,TikTok,2026-08-27 10:18:49,Yes,No,,False,0.0,0.0,0.0,0,0,0,,Halo effect upload
29950115,Susana  Lopez,sotesylife,2026-08,https://www.instagram.com/reel/Dct_FgPJZyt,Instagram,2026-08-31 13:54:33,Yes,Yes,,False,0.0,0.0,0.0,0,0,0,,Halo effect upload
29950115,Susana  Lopez,justsusylo,2026-08,https://tiktok.com/@justsusylo/video/7680300751154957582/,TikTok,2026-08-31 13:49:58,Yes,No,,False,0.0,0.0,0.0,0,0,0,,Halo effect upload
29950115,Susana  Lopez,sotesylife,2026-09,https://www.instagram.com/reel/Dc_3-iaJ5ks,Instagram,2026-09-07 12:37:56,Yes,No,,False,0.0,0.0,0.0,0,0,0,,Halo effect upload
29950115,Susana  Lopez,justsusylo,2026-09,https://tiktok.com/@justsusylo/video/7682878827801955597/,TikTok,2026-09-07 12:33:58,Yes,No,,False,0.0,0.0,0.0,0,0,0,,Halo effect upload
29950115,Susana  Lopez,sotesylife,2026-09,https://www.instagram.com/reel/DdFIWMap_os,Instagram,2026-09-09 13:36:08,Yes,No,,False,0.0,0.0,0.0,0,0,0,,Halo effect upload
29950115,Susana  Lopez,justsusylo,2026-09,https://tiktok.com/@justsusylo/video/7683636110441958670/,TikTok,2026-09-09 13:32:50,Yes,No,,False,0.0,0.0,0.0,0,0,0,,Halo effect upload
29950115,Susana  Lopez,sotesylife,2026-09,https://www.instagram.com/reel/DdKmNOSxpgI,Instagram,2026-09-11 16:32:28,Yes,No,,False,0.0,0.0,0.0,0,0,0,,Halo effect upload
29950115,Susana  Lopez,justsusylo,2026-09,https://tiktok.com/@justsusylo/video/7684411863395863821/,TikTok,2026-09-11 15:42:53,Yes,No,,False,0.0,0.0,0.0,0,0,0,,Halo effect upload
29950115,Susana  Lopez,sotesylife,2026-09,https://www.instagram.com/reel/DdRcdZFNG2Z,Instagram,2026-09-14 08:22:40,Yes,No,,False,0.0,0.0,0.0,0,0,0,,Halo effect upload
29950115,Susana  Lopez,justsusylo,2026-09,https://tiktok.com/@justsusylo/video/7685410869966097677/,TikTok,2026-09-14 08:20:07,Yes,No,,False,0.0,0.0,0.0,0,0,0,,Halo effect upload
29950115,Susana  Lopez,sotesylife,2026-09,https://www.instagram.com/reel/DdWX3vxRXjc,Instagram,2026-09-16 06:19:40,Yes,No,,False,0.0,0.0,0.0,0,0,0,,Halo effect upload
29950115,Susana  Lopez,justsusylo,2026-09,https://tiktok.com/@justsusylo/video/7686120261065788686/,TikTok,2026-09-16 06:12:26,Yes,No,,False,0.0,0.0,0.0,0,0,0,,Halo effect upload
29950115,Susana  Lopez,sotesylife,2026-09,https://www.instagram.com/reel/DdeJtpgx1_R,Instagram,2026-09-19 06:48:13,Yes,No,,False,0.0,0.0,0.0,0,0,0,,Halo effect upload
29950115,Susana  Lopez,justsusylo,2026-09,https://tiktok.com/@justsusylo/video/7687242211192343822/,TikTok,2026-09-19 06:46:30,Yes,No,,False,0.0,0.0,0.0,0,0,0,,Halo effect upload
29950115,Susana  Lopez,sotesylife,2026-09,https://www.instagram.com/reel/DdorD9kRdT1,Instagram,2026-09-23 08:52:51,Yes,No,,False,0.0,0.0,0.0,0,0,0,,Halo effect upload
29950115,Susana  Lopez,justsusylo,2026-09,https://tiktok.com/@justsusylo/video/7688758543863909645/,TikTok,2026-09-23 08:50:16,Yes,No,,False,0.0,0.0,0.0,0,0,0,,Halo effect upload
29950115,Susana  Lopez,justsusylo,2026-09,https://tiktok.com/@justsusylo/video/7690771830583348493/,TikTok,2026-09-28 19:02:54,Yes,No,,False,0.0,0.0,0.0,0,0,0,,Halo effect upload
29297016,tahjae.m15,tahjaem,2026-09,https://tiktok.com/@tahjaem/video/7681811779348974879/,TikTok,2026-09-04 15:33:21,Yes,No,,False,0.0,0.0,0.0,0,0,0,,Halo effect upload
26325991,Tannesia Speed,tannesiatv,2026-07,https://www.youtube.com/shorts/5Flg-w4gh7E,YouTube,2026-07-10 17:03:05,Yes,No,,False,0.0,0.0,0.0,0,0,0,,Halo effect upload
26325991,Tannesia Speed,tannesias,2026-07,https://tiktok.com/@tannesias/video/7661017237297466654/,TikTok,2026-07-10 14:39:51,Yes,No,,False,0.0,0.0,0.0,0,0,0,,Halo effect upload
26325991,Tannesia Speed,tannesiatv,2026-08,https://www.youtube.com/shorts/X4hxhk3Xfto,YouTube,2026-08-02 16:01:35,Yes,No,,False,0.0,0.0,0.0,0,0,0,,Halo effect upload
26325991,Tannesia Speed,tannesias,2026-08,https://tiktok.com/@tannesias/video/7669521118075686174/,TikTok,2026-08-02 12:39:19,Yes,Yes,,False,0.0,0.0,0.0,0,0,0,,Halo effect upload
26325991,Tannesia Speed,tannesiavs,2026-08,https://www.instagram.com/reel/DcEatIXRsvn,Instagram,2026-08-15 10:26:01,Yes,No,,False,0.0,0.0,0.0,0,0,0,,Halo effect upload
26325991,Tannesia Speed,tannesias,2026-08,https://www.pinterest.com/pin/885379608015415967/,,2026-08-16 07:52:46,Yes,Yes,,False,0.0,0.0,0.0,0,0,0,,Halo effect upload
26325991,Tannesia Speed,tannesias,2026-09,https://tiktok.com/@tannesias/video/7685194834054991135/,TikTok,2026-09-13 18:21:12,Yes,Yes,,False,0.0,0.0,0.0,0,0,0,,Halo effect upload
26325991,Tannesia Speed,tannesiavs,2026-09,https://www.instagram.com/reel/DdP8iu8M_aB,Instagram,2026-09-13 18:23:46,Yes,No,,False,0.0,0.0,0.0,0,0,0,,Halo effect upload
26325991,Tannesia Speed,tannesias,2026-09,https://www.pinterest.com/pin/885379608016292576/,,2026-09-14 07:58:00,Yes,No,,False,0.0,0.0,0.0,0,0,0,,Halo effect upload
26325991,Tannesia Speed,tannesiatv,2026-09,https://www.youtube.com/shorts/VSAcrk-TWGI,YouTube,2026-09-14 07:03:41,Yes,No,,False,0.0,0.0,0.0,0,0,0,,Halo effect upload
26325991,Tannesia Speed,tannesiatv,2026-09,https://www.youtube.com/shorts/VUcQTeMMbiU,YouTube,2026-09-27 13:02:47,Yes,No,,False,0.0,0.0,0.0,0,0,0,,Halo effect upload
26325991,Tannesia Speed,tannesias,2026-09,https://tiktok.com/@tannesias/video/7690277415624494367/,TikTok,2026-09-27 11:04:15,Yes,No,,False,0.0,0.0,0.0,0,0,0,,Halo effect upload
29908243,Tatiana Plakso,tatyanaplx,2026-07,https://www.instagram.com/reel/DaRCfICu8jA,Instagram,2026-07-01 15:03:24,Yes,No,,False,0.0,0.0,0.0,0,0,0,,Halo effect upload
29908243,Tatiana Plakso,tatyplx,2026-07,https://tiktok.com/@tatyplx/video/7657990709613563150/,TikTok,2026-07-02 10:55:19,Yes,No,,False,0.0,0.0,0.0,0,0,0,,Halo effect upload
29908243,Tatiana Plakso,xoplaxo,2026-07,https://www.pinterest.com/pin/180003317661708881/,,2026-07-16 17:45:05,Yes,No,,False,0.0,0.0,0.0,0,0,0,,Halo effect upload
29908243,Tatiana Plakso,xoplaxo,2026-07,https://www.pinterest.com/pin/180003317661709790/,,2026-07-17 05:03:19,Yes,No,,False,0.0,0.0,0.0,0,0,0,,Halo effect upload
29908243,Tatiana Plakso,tatyanaplx,2026-07,https://www.instagram.com/reel/Da5jofGuRon,Instagram,2026-07-17 08:43:10,Yes,No,,False,0.0,0.0,0.0,0,0,0,,Halo effect upload
29908243,Tatiana Plakso,xoplaxo,2026-07,https://www.pinterest.com/pin/180003317661710424/,,2026-07-17 09:18:38,Yes,No,,False,0.0,0.0,0.0,0,0,0,,Halo effect upload
29908243,Tatiana Plakso,tatyplx,2026-07,https://tiktok.com/@tatyplx/video/7664960381185543437/,TikTok,2026-07-21 05:41:55,Yes,No,,False,0.0,0.0,0.0,0,0,0,,Halo effect upload
25524781,Tatum Culhane,redothezoo,2026-07,https://tiktok.com/@redothezoo/video/7667684258651147551/,TikTok,2026-07-28 13:51:20,Yes,Yes,,False,0.0,0.0,0.0,0,0,0,,Halo effect upload
20309276,Tatyana Avramenko,yourdesignerbff,2026-08,https://www.instagram.com/p/Dbfw4EphsFb/,Instagram,2026-08-01 04:45:06,Yes,No,,False,0.0,0.0,0.0,0,0,0,,Halo effect upload
20309276,Tatyana Avramenko,yourdesignerbff,2026-08,https://www.youtube.com/shorts/7S762Q4E_kw,YouTube,2026-08-12 16:59:43,Yes,No,,False,0.0,0.0,0.0,0,0,0,,Halo effect upload
20309276,Tatyana Avramenko,yourdesignerbff,2026-08,https://www.instagram.com/reel/Db9Xp6asqYU,Instagram,2026-08-12 16:44:43,Yes,No,,False,0.0,0.0,0.0,0,0,0,,Halo effect upload
20309276,Tatyana Avramenko,yourdesignerbff,2026-08,https://www.facebook.com/reel/1077627541456490/,Instagram,2026-08-13 09:18:22,Yes,No,,False,0.0,0.0,0.0,0,0,0,,Halo effect upload
20309276,Tatyana Avramenko,yourdesignerbff,2026-08,https://www.youtube.com/shorts/nKHHJsmA8jo,YouTube,2026-08-14 14:52:03,Yes,No,,False,0.0,0.0,0.0,0,0,0,,Halo effect upload
20309276,Tatyana Avramenko,yourdesignerbff,2026-08,https://www.instagram.com/reel/DcCTvsYsF5P,Instagram,2026-08-14 14:46:37,Yes,No,,False,0.0,0.0,0.0,0,0,0,,Halo effect upload
20309276,Tatyana Avramenko,yourdesignerbff,2026-08,https://www.instagram.com/p/Dcji_yZMDi2/,Instagram,2026-08-27 12:35:56,Yes,Yes,,False,0.0,0.0,0.0,0,0,0,,Halo effect upload
20309276,Tatyana Avramenko,yourdesignerbff,2026-08,https://www.youtube.com/shorts/gvguYKuKDwo,YouTube,2026-08-27 13:02:11,Yes,No,,False,0.0,0.0,0.0,0,0,0,,Halo effect upload
20309276,Tatyana Avramenko,yourdesignerbff,2026-08,https://www.instagram.com/p/Dco-COHMF3x/,Instagram,2026-08-29 15:08:15,Yes,No,,False,0.0,0.0,0.0,0,0,0,,Halo effect upload
20309276,Tatyana Avramenko,yourdesignerbff,2026-09,https://www.youtube.com/shorts/d5WaMNeaX0I,YouTube,2026-09-03 12:24:06,Yes,No,,False,0.0,0.0,0.0,0,0,0,,Halo effect upload
20309276,Tatyana Avramenko,yourdesignerbff,2026-09,https://www.instagram.com/reel/Dc1iE7OsXAh,Instagram,2026-09-03 12:11:51,Yes,No,,False,0.0,0.0,0.0,0,0,0,,Halo effect upload
20309276,Tatyana Avramenko,yourdesignerbff,2026-09,https://www.instagram.com/reel/DdZTbSMMEN4,Instagram,2026-09-17 09:37:47,Yes,No,,False,0.0,0.0,0.0,0,0,0,,Halo effect upload
20309276,Tatyana Avramenko,yourdesignerbff,2026-09,https://www.youtube.com/shorts/gFvEIrK6qcs,YouTube,2026-09-17 09:45:34,Yes,No,,False,0.0,0.0,0.0,0,0,0,,Halo effect upload
20309276,Tatyana Avramenko,yourdesignerbff,2026-09,https://www.instagram.com/reel/Ddb6_rnsr6l,Instagram,2026-09-18 10:01:30,Yes,No,,False,0.0,0.0,0.0,0,0,0,,Halo effect upload
20309276,Tatyana Avramenko,yourdesignerbff,2026-09,https://www.instagram.com/reel/DdyyoLbsGOu,Instagram,2026-09-27 07:10:33,Yes,No,,False,0.0,0.0,0.0,0,0,0,,Halo effect upload
27603625,Taylor-Alexis Gillard,tayloralxs,2026-07,https://www.instagram.com/reel/DbJn0YlSLSR,Instagram,2026-07-23 14:37:28,Yes,No,,False,0.0,0.0,0.0,0,0,0,,Halo effect upload
27603625,Taylor-Alexis Gillard,tayloralxs,2026-07,https://www.tiktok.com/@tayloralxs/video/7665848104410778893,TikTok,2026-07-23 15:06:18,Yes,No,,False,0.0,0.0,0.0,0,0,0,,Halo effect upload
27603625,Taylor-Alexis Gillard,tayloralxs,2026-08,https://www.instagram.com/reel/DcJUIXPKA6O,Instagram,2026-08-17 08:03:18,Yes,No,,False,0.0,0.0,0.0,0,0,0,,Halo effect upload
27603625,Taylor-Alexis Gillard,tayloralxs,2026-08,https://tiktok.com/@tayloralxs/video/7675017266802478350/,TikTok,2026-08-17 08:07:31,Yes,No,,False,0.0,0.0,0.0,0,0,0,,Halo effect upload
27603625,Taylor-Alexis Gillard,tayloralxs,2026-08,https://www.instagram.com/reel/DcLvaV2qPKh,Instagram,2026-08-18 06:50:55,Yes,No,,False,0.0,0.0,0.0,0,0,0,,Halo effect upload
27603625,Taylor-Alexis Gillard,tayloralxs,2026-08,https://tiktok.com/@tayloralxs/video/7675369682358111502/,TikTok,2026-08-18 06:55:07,Yes,No,,False,0.0,0.0,0.0,0,0,0,,Halo effect upload
26536440,tereestyles,dwellbyteressa,2026-09,https://www.instagram.com/reel/Dc4VHUpSBmu,Instagram,2026-09-04 14:18:51,Yes,No,,False,0.0,0.0,0.0,0,0,0,,Halo effect upload
23908623,Teresa Padilla,homeandstylebyt,2026-08,https://www.instagram.com/reel/DcNALAmMt5n,Instagram,2026-08-18 18:33:48,Yes,Yes,,False,0.0,0.0,0.0,0,0,0,,Halo effect upload
23908623,Teresa Padilla,HomeandstylebyT,2026-08,https://www.facebook.com/reel/2536684576849514/,Instagram,2026-08-18 18:34:00,Yes,No,,False,0.0,0.0,0.0,0,0,0,,Halo effect upload
23908623,Teresa Padilla,homeandstylebyt,2026-09,https://www.instagram.com/reel/DdSnBCIMjM5,Instagram,2026-09-14 19:13:04,Yes,No,,False,0.0,0.0,0.0,0,0,0,,Halo effect upload
23908623,Teresa Padilla,HomeandstylebyT,2026-09,https://www.facebook.com/reel/1060341216915362/,Instagram,2026-09-14 19:13:15,Yes,No,,False,0.0,0.0,0.0,0,0,0,,Halo effect upload
25526159,Teri Green,cozyandcalmliving,2026-07,https://www.instagram.com/reel/DavMOdWx56o,Instagram,2026-07-13 08:02:58,Yes,No,,False,0.0,0.0,0.0,0,0,0,,Halo effect upload
25526159,Teri Green,cozyandcalmliving,2026-08,https://www.instagram.com/reel/DcB2-0_xM9T,Instagram,2026-08-14 10:39:41,Yes,No,,False,0.0,0.0,0.0,0,0,0,,Halo effect upload
25526159,Teri Green,cozyandcalmliving,2026-08,https://www.instagram.com/reel/DcFZHA9sR3a,Instagram,2026-08-15 19:29:46,Yes,No,,False,0.0,0.0,0.0,0,0,0,,Halo effect upload
25526159,Teri Green,cozyandcalmliving,2026-08,https://www.instagram.com/reel/Dcb11KkxhDY,Instagram,2026-08-24 12:45:53,Yes,Yes,,False,0.0,0.0,0.0,0,0,0,,Halo effect upload
25526159,Teri Green,cozyandcalmliving,2026-09,https://www.instagram.com/reel/Dc6UrdDxJOs,Instagram,2026-09-05 08:51:31,Yes,No,,False,0.0,0.0,0.0,0,0,0,,Halo effect upload
25526159,Teri Green,cozyandcalmliving,2026-09,https://www.instagram.com/reel/Ddbx7YQxDr9,Instagram,2026-09-18 08:44:00,Yes,No,,False,0.0,0.0,0.0,0,0,0,,Halo effect upload
25526159,Teri Green,cozyandcalmliving,2026-09,https://static-resources.creatoriq.com/instagram-stories/videos/3994880845181715883.mp4,,2026-09-26 11:22:02,Yes,No,,False,0.0,0.0,0.0,0,0,0,,Halo effect upload
29894391,Terressa Dorsey (FlyGirlDiva),flygirldivaa,2026-07,https://static-resources.creatoriq.com/instagram-stories/videos/3934668640570287941.mp4,,2026-07-05 09:31:10,Yes,No,,False,0.0,0.0,0.0,0,0,0,,Halo effect upload
29894391,Terressa Dorsey (FlyGirlDiva),flygirldivaa,2026-07,https://www.instagram.com/p/DaatPR6heK7/,Instagram,2026-07-05 09:09:25,Yes,No,,False,0.0,0.0,0.0,0,0,0,,Halo effect upload
29894391,Terressa Dorsey (FlyGirlDiva),flygirldivaa,2026-07,https://static-resources.creatoriq.com/instagram-stories/videos/3943290243516280872.mp4,,2026-07-17 07:00:45,Yes,No,,False,0.0,0.0,0.0,0,0,0,,Halo effect upload
29894391,Terressa Dorsey (FlyGirlDiva),flygirldivaa,2026-07,https://www.instagram.com/p/Da5WMuzN8S7/,Instagram,2026-07-17 06:42:43,Yes,No,,False,0.0,0.0,0.0,0,0,0,,Halo effect upload
29894391,Terressa Dorsey (FlyGirlDiva),flygirldivaa,2026-07,https://www.instagram.com/p/DbRBYpfpTIB,Instagram,2026-07-26 11:28:20,Yes,No,,False,0.0,0.0,0.0,0,0,0,,Halo effect upload
29894391,Terressa Dorsey (FlyGirlDiva),flygirldivaa,2026-08,https://www.instagram.com/p/DbjgrRetZyU,Instagram,2026-08-02 15:42:35,Yes,No,,False,0.0,0.0,0.0,0,0,0,,Halo effect upload
29894391,Terressa Dorsey (FlyGirlDiva),flygirldivaa,2026-08,https://www.instagram.com/p/DchIcLCy2Xi/,Instagram,2026-08-26 14:04:20,Yes,No,,False,0.0,0.0,0.0,0,0,0,,Halo effect upload
29894391,Terressa Dorsey (FlyGirlDiva),flygirldivaa,2026-09,https://www.instagram.com/p/DdAEPU_gVIJ/,Instagram,2026-09-07 14:22:10,Yes,No,,False,0.0,0.0,0.0,0,0,0,,Halo effect upload
29894391,Terressa Dorsey (FlyGirlDiva),flygirldivaa,2026-09,https://www.instagram.com/p/DdhCSXYB5hl/,Instagram,2026-09-20 09:41:18,Yes,No,,False,0.0,0.0,0.0,0,0,0,,Halo effect upload
33829374,terriwake23,terrihomefinds,2026-07,https://www.instagram.com/reel/Da9Tr2TtN5I,Instagram,2026-07-18 19:41:20,Yes,No,,False,0.0,0.0,0.0,0,0,0,,Halo effect upload
33829374,terriwake23,terrihomefinds,2026-07,https://www.pinterest.com/pin/278449189458218338/,,2026-07-30 09:21:51,Yes,No,,False,0.0,0.0,0.0,0,0,0,,Halo effect upload
25755448,THE CHOC DOLL,chocdollt,2026-09,https://tiktok.com/@chocdollt/video/7684614105180769549/,TikTok,2026-09-12 04:47:45,Yes,No,,False,0.0,0.0,0.0,0,0,0,,Halo effect upload
28989282,The Hackbarths 🧡 A Cincinnati family,thehackbarthhaus,2026-07,https://www.instagram.com/p/DbEIk7_voR1/,Instagram,2026-07-21 11:21:51,Yes,No,,False,0.0,0.0,0.0,0,0,0,,Halo effect upload
28989282,The Hackbarths 🧡 A Cincinnati family,thehackbarthhaus,2026-07,https://static-resources.creatoriq.com/instagram-stories/videos/3946327147623178441.mp4,,2026-07-21 11:34:18,Yes,No,,False,0.0,0.0,0.0,0,0,0,,Halo effect upload
35373674,thekerryfrederickblog,styledbykerry__,2026-09,https://www.instagram.com/reel/Dc083HuRMjY,Instagram,2026-09-03 07:09:31,Yes,No,,False,0.0,0.0,0.0,0,0,0,,Halo effect upload
30838080,thetimelessnest.ry,thetimelessnest.ry,2026-08,https://www.instagram.com/reel/Db8flZhuquX,Instagram,2026-08-12 08:37:22,Yes,No,,False,0.0,0.0,0.0,0,0,0,,Halo effect upload
26925412,Tina Teal,tinatealhome,2026-07,https://www.facebook.com/reel/1791591505552156/,Instagram,2026-07-08 12:50:56,Yes,No,,False,0.0,0.0,0.0,0,0,0,,Halo effect upload
26925412,Tina Teal,tinatealhome,2026-07,https://tiktok.com/@tinatealhome/video/7660234193686908190/,TikTok,2026-07-08 12:01:05,Yes,No,,False,0.0,0.0,0.0,0,0,0,,Halo effect upload
26925412,Tina Teal,tinatealhome,2026-07,https://www.facebook.com/reel/3727648157375335/,Instagram,2026-07-09 13:53:25,Yes,No,,False,0.0,0.0,0.0,0,0,0,,Halo effect upload
26925412,Tina Teal,tinatealhome,2026-07,https://tiktok.com/@tinatealhome/video/7660627976513506590/,TikTok,2026-07-09 13:29:14,Yes,No,,False,0.0,0.0,0.0,0,0,0,,Halo effect upload
26925412,Tina Teal,tinatealhome,2026-07,https://tiktok.com/@tinatealhome/video/7661097489117777183/,TikTok,2026-07-10 19:51:19,Yes,No,,False,0.0,0.0,0.0,0,0,0,,Halo effect upload
26925412,Tina Teal,tinatealhome,2026-07,https://tiktok.com/@tinatealhome/video/7661401390396214559/,TikTok,2026-07-11 15:30:33,Yes,No,,False,0.0,0.0,0.0,0,0,0,,Halo effect upload
26925412,Tina Teal,tinatealhome,2026-07,https://tiktok.com/@tinatealhome/video/7661766889890254111/,TikTok,2026-07-12 15:08:53,Yes,No,,False,0.0,0.0,0.0,0,0,0,,Halo effect upload
26925412,Tina Teal,tinatealhome,2026-07,https://www.facebook.com/reel/1036781435748921/,Instagram,2026-07-12 15:33:54,Yes,No,,False,0.0,0.0,0.0,0,0,0,,Halo effect upload
26925412,Tina Teal,tinatealhome,2026-07,https://www.facebook.com/reel/27684559504508892/,Instagram,2026-07-12 16:42:55,Yes,No,,False,0.0,0.0,0.0,0,0,0,,Halo effect upload
26925412,Tina Teal,tinatealhome,2026-07,https://tiktok.com/@tinatealhome/video/7662399808489000223/,TikTok,2026-07-14 08:05:11,Yes,No,,False,0.0,0.0,0.0,0,0,0,,Halo effect upload
26925412,Tina Teal,tinatealhome,2026-07,https://www.facebook.com/reel/1741100123582555/,Instagram,2026-07-14 08:17:04,Yes,No,,False,0.0,0.0,0.0,0,0,0,,Halo effect upload
26925412,Tina Teal,tinatealhome,2026-07,https://www.facebook.com/reel/1506749594018505/,Instagram,2026-07-14 08:21:30,Yes,No,,False,0.0,0.0,0.0,0,0,0,,Halo effect upload
26925412,Tina Teal,tinatealhome,2026-07,https://www.instagram.com/reel/Dax0DvkpqbA,Instagram,2026-07-14 08:30:23,Yes,No,,False,0.0,0.0,0.0,0,0,0,,Halo effect upload
26925412,Tina Teal,TinaTealHome,2026-07,https://www.pinterest.com/pin/271271577552235740/,,2026-07-14 08:45:41,Yes,No,,False,0.0,0.0,0.0,0,0,0,,Halo effect upload
26925412,Tina Teal,TinaTealHome,2026-07,https://www.pinterest.com/pin/271271577552235610/,,2026-07-14 08:12:01,Yes,No,,False,0.0,0.0,0.0,0,0,0,,Halo effect upload
26925412,Tina Teal,tinatealhome,2026-07,https://tiktok.com/@tinatealhome/video/7663502077242379551/,TikTok,2026-07-17 07:22:32,Yes,No,,False,0.0,0.0,0.0,0,0,0,,Halo effect upload
26925412,Tina Teal,tinatealhome,2026-07,https://www.facebook.com/tinatealhome/posts/1516319176964410,,2026-07-17 07:51:23,Yes,No,,False,0.0,0.0,0.0,0,0,0,,Halo effect upload
26925412,Tina Teal,TinaTealHome,2026-07,https://www.pinterest.com/pin/271271577552250795/,,2026-07-19 17:25:40,Yes,No,,False,0.0,0.0,0.0,0,0,0,,Halo effect upload
26925412,Tina Teal,tinatealhome,2026-07,https://tiktok.com/@tinatealhome/video/7664393604353346846/,TikTok,2026-07-19 17:01:54,Yes,No,,False,0.0,0.0,0.0,0,0,0,,Halo effect upload
26925412,Tina Teal,tinatealhome,2026-07,https://www.facebook.com/reel/1349770437293427/,Instagram,2026-07-20 09:09:08,Yes,No,,False,0.0,0.0,0.0,0,0,0,,Halo effect upload
26925412,Tina Teal,TinaTealHome,2026-07,https://www.pinterest.com/pin/271271577552252507/,,2026-07-20 08:24:10,Yes,No,,False,0.0,0.0,0.0,0,0,0,,Halo effect upload
26925412,Tina Teal,TinaTealHome,2026-07,https://www.pinterest.com/pin/271271577552252522/,,2026-07-20 08:30:26,Yes,No,,False,0.0,0.0,0.0,0,0,0,,Halo effect upload
26925412,Tina Teal,TinaTealHome,2026-07,https://www.pinterest.com/pin/271271577552255919/,,2026-07-21 09:32:15,Yes,No,,False,0.0,0.0,0.0,0,0,0,,Halo effect upload
26925412,Tina Teal,tinatealhome,2026-07,https://www.tiktok.com/@tinatealhome/video/7665002592556141855,TikTok,2026-07-21 08:25:14,Yes,No,,False,0.0,0.0,0.0,0,0,0,,Halo effect upload
26925412,Tina Teal,tinatealhome,2026-07,https://www.tiktok.com/@tinatealhome/video/7664995073553157407,TikTok,2026-07-21 07:56:09,Yes,No,,False,0.0,0.0,0.0,0,0,0,,Halo effect upload
26925412,Tina Teal,tinatealhome,2026-07,https://www.facebook.com/reel/2094416948621307/,Instagram,2026-07-23 11:22:16,Yes,No,,False,0.0,0.0,0.0,0,0,0,,Halo effect upload
26925412,Tina Teal,tinatealhome,2026-07,https://tiktok.com/@tinatealhome/video/7665780734958816542/,TikTok,2026-07-23 10:44:45,Yes,No,,False,0.0,0.0,0.0,0,0,0,,Halo effect upload
26925412,Tina Teal,tinatealhome,2026-07,https://tiktok.com/@tinatealhome/video/7665833162848685342/,TikTok,2026-07-23 14:08:10,Yes,No,,False,0.0,0.0,0.0,0,0,0,,Halo effect upload
26925412,Tina Teal,tinatealhome,2026-07,https://www.instagram.com/reel/DbJ0PhFAj7S,Instagram,2026-07-23 16:13:44,Yes,Yes,,False,0.0,0.0,0.0,0,0,0,,Halo effect upload
26925412,Tina Teal,tinatealhome,2026-07,https://www.facebook.com/tinatealhome/posts/1521380719791589,,2026-07-23 17:35:16,Yes,No,,False,0.0,0.0,0.0,0,0,0,,Halo effect upload
26925412,Tina Teal,tinatealhome,2026-07,https://www.facebook.com/reel/1584889246629916/,Instagram,2026-07-25 13:00:08,Yes,No,,False,0.0,0.0,0.0,0,0,0,,Halo effect upload
26925412,Tina Teal,tinatealhome,2026-07,https://www.tiktok.com/@tinatealhome/video/7667621541726719263,TikTok,2026-07-28 09:47:58,Yes,No,,False,0.0,0.0,0.0,0,0,0,,Halo effect upload
26925412,Tina Teal,tinatealhome,2026-07,https://tiktok.com/@tinatealhome/video/7667784363744038175/,TikTok,2026-07-28 20:19:46,Yes,No,,False,0.0,0.0,0.0,0,0,0,,Halo effect upload
26925412,Tina Teal,TinaTealHome,2026-07,https://www.pinterest.com/pin/271271577552278159/,,2026-07-30 10:56:23,Yes,No,,False,0.0,0.0,0.0,0,0,0,,Halo effect upload
26925412,Tina Teal,TinaTealHome,2026-07,https://www.pinterest.com/pin/271271577552278175/,,2026-07-30 11:07:02,Yes,No,,False,0.0,0.0,0.0,0,0,0,,Halo effect upload
26925412,Tina Teal,tinatealhome,2026-08,https://www.instagram.com/reel/DblntLHBF00,Instagram,2026-08-03 11:23:28,Yes,No,,False,0.0,0.0,0.0,0,0,0,,Halo effect upload
26925412,Tina Teal,TinaTealHome,2026-08,https://www.pinterest.com/pin/271271577552288689/,,2026-08-03 11:09:38,Yes,No,,False,0.0,0.0,0.0,0,0,0,,Halo effect upload
26925412,Tina Teal,tinatealhome,2026-08,https://tiktok.com/@tinatealhome/video/7672502610632494366/,TikTok,2026-08-10 13:28:57,Yes,No,,False,0.0,0.0,0.0,0,0,0,,Halo effect upload
26925412,Tina Teal,tinatealhome,2026-08,https://tiktok.com/@tinatealhome/video/7672460599585934622/,TikTok,2026-08-10 10:45:56,Yes,No,,False,0.0,0.0,0.0,0,0,0,,Halo effect upload
26925412,Tina Teal,tinatealhome,2026-08,https://www.instagram.com/reel/Db3wetERekz,Instagram,2026-08-10 12:25:53,Yes,No,,False,0.0,0.0,0.0,0,0,0,,Halo effect upload
26925412,Tina Teal,tinatealhome,2026-08,https://www.facebook.com/reel/870196609506672/,Instagram,2026-08-10 15:45:27,Yes,No,,False,0.0,0.0,0.0,0,0,0,,Halo effect upload
26925412,Tina Teal,tinatealhome,2026-08,https://www.facebook.com/reel/2172651309955625/,Instagram,2026-08-10 15:51:53,Yes,No,,False,0.0,0.0,0.0,0,0,0,,Halo effect upload
26925412,Tina Teal,TinaTealHome,2026-08,https://www.pinterest.com/pin/271271577552307715/,,2026-08-10 12:18:58,Yes,No,,False,0.0,0.0,0.0,0,0,0,,Halo effect upload
26925412,Tina Teal,TinaTealHome,2026-08,https://www.pinterest.com/pin/271271577552307636/,,2026-08-10 11:52:09,Yes,No,,False,0.0,0.0,0.0,0,0,0,,Halo effect upload
26925412,Tina Teal,tinatealhome,2026-08,https://www.instagram.com/reel/Db6arz0uswM,Instagram,2026-08-11 13:15:25,Yes,No,,False,0.0,0.0,0.0,0,0,0,,Halo effect upload
26925412,Tina Teal,tinatealhome,2026-08,https://www.facebook.com/reel/1760184165013158/,Instagram,2026-08-11 08:23:43,Yes,No,,False,0.0,0.0,0.0,0,0,0,,Halo effect upload
26925412,Tina Teal,tinatealhome,2026-08,https://tiktok.com/@tinatealhome/video/7672788398008061215/,TikTok,2026-08-11 07:58:08,Yes,No,,False,0.0,0.0,0.0,0,0,0,,Halo effect upload
26925412,Tina Teal,tinatealhome,2026-08,https://www.facebook.com/reel/1089160513545649/,Instagram,2026-08-18 12:33:44,Yes,No,,False,0.0,0.0,0.0,0,0,0,,Halo effect upload
26925412,Tina Teal,tinatealhome,2026-08,https://tiktok.com/@tinatealhome/video/7675559580562246942/,TikTok,2026-08-18 19:11:37,Yes,No,,False,0.0,0.0,0.0,0,0,0,,Halo effect upload
26925412,Tina Teal,TinaTealHome,2026-08,https://www.pinterest.com/pin/271271577552330152/,,2026-08-18 12:29:50,Yes,No,,False,0.0,0.0,0.0,0,0,0,,Halo effect upload
26925412,Tina Teal,tinatealhome,2026-08,https://tiktok.com/@tinatealhome/video/7675856113568320798/,TikTok,2026-08-19 14:22:20,Yes,No,,False,0.0,0.0,0.0,0,0,0,,Halo effect upload
26925412,Tina Teal,tinatealhome,2026-08,https://www.facebook.com/reel/1774105760441967/,Instagram,2026-08-21 10:14:19,Yes,No,,False,0.0,0.0,0.0,0,0,0,,Halo effect upload
26925412,Tina Teal,tinatealhome,2026-08,https://tiktok.com/@tinatealhome/video/7676543640826842398/,TikTok,2026-08-21 10:50:10,Yes,No,,False,0.0,0.0,0.0,0,0,0,,Halo effect upload
26925412,Tina Teal,TinaTealHome,2026-08,https://www.pinterest.com/pin/271271577552338802/,,2026-08-21 09:57:31,Yes,No,,False,0.0,0.0,0.0,0,0,0,,Halo effect upload
26925412,Tina Teal,tinatealhome,2026-08,https://www.instagram.com/reel/DcZxW1hRtrL,Instagram,2026-08-23 17:27:57,Yes,No,,False,0.0,0.0,0.0,0,0,0,,Halo effect upload
26925412,Tina Teal,tinatealhome,2026-08,https://www.facebook.com/reel/1869534354010714/,Instagram,2026-08-23 17:35:11,Yes,No,,False,0.0,0.0,0.0,0,0,0,,Halo effect upload
26925412,Tina Teal,tinatealhome,2026-08,https://tiktok.com/@tinatealhome/video/7677638992329788702/,TikTok,2026-08-24 09:41:03,Yes,No,,False,0.0,0.0,0.0,0,0,0,,Halo effect upload
26925412,Tina Teal,tinatealhome,2026-08,https://www.instagram.com/reel/Dcbx-uTh2mr,Instagram,2026-08-24 12:11:54,Yes,Yes,,False,0.0,0.0,0.0,0,0,0,,Halo effect upload
26925412,Tina Teal,tinatealhome,2026-08,https://www.facebook.com/reel/1785886376192383/,Instagram,2026-08-24 16:44:38,Yes,No,,False,0.0,0.0,0.0,0,0,0,,Halo effect upload
26925412,Tina Teal,tinatealhome,2026-08,https://www.facebook.com/reel/1794468051868084/,Instagram,2026-08-24 10:52:54,Yes,No,,False,0.0,0.0,0.0,0,0,0,,Halo effect upload
26925412,Tina Teal,tinatealhome,2026-08,https://www.instagram.com/p/DccTiXDujz0/,Instagram,2026-08-24 17:03:28,Yes,No,,False,0.0,0.0,0.0,0,0,0,,Halo effect upload
26925412,Tina Teal,tinatealhome,2026-08,https://tiktok.com/@tinatealhome/video/7677743656111017246/,TikTok,2026-08-24 16:26:56,Yes,No,,False,0.0,0.0,0.0,0,0,0,,Halo effect upload
26925412,Tina Teal,TinaTealHome,2026-08,https://www.pinterest.com/pin/271271577552348792/,,2026-08-24 16:54:02,Yes,No,,False,0.0,0.0,0.0,0,0,0,,Halo effect upload
26925412,Tina Teal,TinaTealHome,2026-08,https://www.pinterest.com/pin/271271577552347866/,,2026-08-24 10:28:00,Yes,No,,False,0.0,0.0,0.0,0,0,0,,Halo effect upload
26925412,Tina Teal,tinatealhome,2026-08,https://tiktok.com/@tinatealhome/video/7678092271094385950/,TikTok,2026-08-25 14:59:40,Yes,No,,False,0.0,0.0,0.0,0,0,0,,Halo effect upload
26925412,Tina Teal,tinatealhome,2026-08,https://tiktok.com/@tinatealhome/video/7679244209479634206/,TikTok,2026-08-28 17:29:50,Yes,No,,False,0.0,0.0,0.0,0,0,0,,Halo effect upload
26925412,Tina Teal,tinatealhome,2026-08,https://www.facebook.com/reel/4492740357613970/,Instagram,2026-08-29 08:45:38,Yes,No,,False,0.0,0.0,0.0,0,0,0,,Halo effect upload
26925412,Tina Teal,tinatealhome,2026-08,https://www.facebook.com/reel/1004121779315414/,Instagram,2026-08-31 09:45:24,Yes,No,,False,0.0,0.0,0.0,0,0,0,,Halo effect upload
26925412,Tina Teal,tinatealhome,2026-08,https://www.instagram.com/p/Dct0EgOuE-1/,Instagram,2026-08-31 12:16:44,Yes,Yes,,False,0.0,0.0,0.0,0,0,0,,Halo effect upload
26925412,Tina Teal,tinatealhome,2026-08,https://tiktok.com/@tinatealhome/video/7680228517459594527/,TikTok,2026-08-31 09:09:36,Yes,No,,False,0.0,0.0,0.0,0,0,0,,Halo effect upload
26925412,Tina Teal,tinatealhome,2026-08,https://tiktok.com/@tinatealhome/video/7680290860767907103/,TikTok,2026-08-31 13:11:19,Yes,Yes,,False,0.0,0.0,0.0,0,0,0,,Halo effect upload
26925412,Tina Teal,TinaTealHome,2026-08,https://www.pinterest.com/pin/271271577552367168/,,2026-08-31 11:45:08,Yes,No,,False,0.0,0.0,0.0,0,0,0,,Halo effect upload
26925412,Tina Teal,tinatealhome,2026-09,https://www.facebook.com/reel/1455056583156252/,Instagram,2026-09-01 06:52:42,Yes,No,,False,0.0,0.0,0.0,0,0,0,,Halo effect upload
26925412,Tina Teal,tinatealhome,2026-09,https://tiktok.com/@tinatealhome/video/7682216135131090206/,TikTok,2026-09-05 17:42:21,Yes,No,,False,0.0,0.0,0.0,0,0,0,,Halo effect upload
26925412,Tina Teal,tinatealhome,2026-09,https://tiktok.com/@tinatealhome/video/7682198715167182111/,TikTok,2026-09-05 16:34:47,Yes,No,,False,0.0,0.0,0.0,0,0,0,,Halo effect upload
26925412,Tina Teal,tinatealhome,2026-09,https://www.instagram.com/reel/Dc_ib3HMaoW,Instagram,2026-09-07 09:29:07,Yes,No,,False,0.0,0.0,0.0,0,0,0,,Halo effect upload
26925412,Tina Teal,tinatealhome,2026-09,https://tiktok.com/@tinatealhome/video/7685881726224157982/,TikTok,2026-09-15 14:46:45,Yes,No,,False,0.0,0.0,0.0,0,0,0,,Halo effect upload
26925412,Tina Teal,tinatealhome,2026-09,https://tiktok.com/@tinatealhome/video/7686279422692855070/,TikTok,2026-09-16 16:29:59,Yes,No,,False,0.0,0.0,0.0,0,0,0,,Halo effect upload
26925412,Tina Teal,tinatealhome,2026-09,https://www.instagram.com/reel/DdZjpjLMBOS,Instagram,2026-09-17 11:59:14,Yes,No,,False,0.0,0.0,0.0,0,0,0,,Halo effect upload
26925412,Tina Teal,TinaTealHome,2026-09,https://www.pinterest.com/pin/271271577552413850/,,2026-09-17 11:21:31,Yes,No,,False,0.0,0.0,0.0,0,0,0,,Halo effect upload
26925412,Tina Teal,tinatealhome,2026-09,https://tiktok.com/@tinatealhome/video/7686532371444682014/,TikTok,2026-09-17 08:51:33,Yes,No,,False,0.0,0.0,0.0,0,0,0,,Halo effect upload
26925412,Tina Teal,tinatealhome,2026-09,https://tiktok.com/@tinatealhome/video/7686612245450689823/,TikTok,2026-09-17 14:01:27,Yes,No,,False,0.0,0.0,0.0,0,0,0,,Halo effect upload
26925412,Tina Teal,tinatealhome,2026-09,https://tiktok.com/@tinatealhome/video/7688891504751856927/,TikTok,2026-09-23 17:26:06,Yes,No,,False,0.0,0.0,0.0,0,0,0,,Halo effect upload
31156259,Tracy martinez,caffeineNgrace,2026-07,https://www.pinterest.com/pin/217509856998682042/,,2026-07-01 20:44:15,Yes,No,,False,0.0,0.0,0.0,0,0,0,,Halo effect upload
31156259,Tracy martinez,caffeineNgrace,2026-07,https://www.pinterest.com/pin/217509856998696663/,,2026-07-08 10:29:13,Yes,No,,False,0.0,0.0,0.0,0,0,0,,Halo effect upload
24814918,Ujjwal Chatterjee,craftednoshexplorer,2026-07,https://www.instagram.com/reel/Da4Io8iyJmn,Instagram,2026-07-16 19:26:24,Yes,No,,False,0.0,0.0,0.0,0,0,0,,Halo effect upload
24814918,Ujjwal Chatterjee,craftednoshexplorer,2026-08,https://www.instagram.com/p/DcAFW5ehwrl/,Instagram,2026-08-13 18:00:05,Yes,No,,False,0.0,0.0,0.0,0,0,0,,Halo effect upload
34816982,vanesaims13,vanessams.ugc,2026-09,https://www.instagram.com/reel/DdVSpdSRuwH,Instagram,2026-09-15 20:14:37,Yes,No,,False,0.0,0.0,0.0,0,0,0,,Halo effect upload
34816982,vanesaims13,vanessams.ugc,2026-09,https://tiktok.com/@vanessams.ugc/video/7685968746283912461/,TikTok,2026-09-15 20:24:25,Yes,No,,False,0.0,0.0,0.0,0,0,0,,Halo effect upload
29465557,vanessaeaguirre,vanessa.e.aguirre,2026-09,https://www.instagram.com/reel/DdaYNW4smg6,Instagram,2026-09-17 19:42:08,Yes,No,,False,0.0,0.0,0.0,0,0,0,,Halo effect upload
29465557,vanessaeaguirre,vanessaeaguirre,2026-09,https://www.tiktok.com/@vanessaeaguirre/video/7686692581526310174,TikTok,2026-09-17 19:13:18,Yes,No,,False,0.0,0.0,0.0,0,0,0,,Halo effect upload
29465557,vanessaeaguirre,vanessa.e.aguirre,2026-09,https://www.instagram.com/reel/Dd17_ggBeOB,Instagram,2026-09-28 12:29:29,Yes,No,,False,0.0,0.0,0.0,0,0,0,,Halo effect upload
28441246,Wakkirea Levatte,kirealae_,2026-09,https://www.instagram.com/reel/Dc09P8Ix-un,Instagram,2026-09-03 06:51:16,Yes,No,,False,0.0,0.0,0.0,0,0,0,,Halo effect upload
28441246,Wakkirea Levatte,kirealae_,2026-09,https://www.instagram.com/p/DdjNlcakWBT,Instagram,2026-09-21 05:57:15,Yes,No,,False,0.0,0.0,0.0,0,0,0,,Halo effect upload
32009853,Well Loved Finds,thewelllovedfinds,2026-09,https://www.youtube.com/shorts/0e-iH_0_tmE,YouTube,2026-09-11 13:02:28,Yes,No,,False,0.0,0.0,0.0,0,0,0,,Halo effect upload
32009853,Well Loved Finds,thewelllovedfinds,2026-09,https://tiktok.com/@thewelllovedfinds/video/7684372749229362462/,TikTok,2026-09-11 13:11:17,Yes,No,,False,0.0,0.0,0.0,0,0,0,,Halo effect upload
32009853,Well Loved Finds,thewelllovedfinds,2026-09,https://www.instagram.com/p/DdKQ-qDPBC2/,Instagram,2026-09-11 13:31:33,Yes,Yes,,False,0.0,0.0,0.0,0,0,0,,Halo effect upload
30199163,wellnesshives,elizabethbateswellnesshives,2026-08,https://www.instagram.com/p/DbmDT2lx0nV,Instagram,2026-08-03 15:22:26,Yes,No,,False,0.0,0.0,0.0,0,0,0,,Halo effect upload
30199163,wellnesshives,elizabethbateswellnesshives,2026-08,https://www.instagram.com/reel/DbmDDQVRevx,Instagram,2026-08-03 15:20:28,Yes,No,,False,0.0,0.0,0.0,0,0,0,,Halo effect upload
30199163,wellnesshives,wellnesshives,2026-08,https://www.tiktok.com/@wellnesshives/video/7669929495494757645,TikTok,2026-08-03 15:03:55,Yes,No,,False,0.0,0.0,0.0,0,0,0,,Halo effect upload
26554489,Wes Frei,finding_your_aesthetic,2026-09,https://www.pinterest.com/pin/972918325773188909/,,2026-09-23 07:01:07,Yes,No,,False,0.0,0.0,0.0,0,0,0,,Halo effect upload
27049801,Whitney Eden,simply40north,2026-08,https://www.instagram.com/p/DclXGpdxOP1/,Instagram,2026-08-28 05:28:47,Yes,Yes,,False,0.0,0.0,0.0,0,0,0,,Halo effect upload
28537814,Xhulja Ifrim,homebyxi,2026-07,https://www.instagram.com/reel/DbFHuh2toIv,Instagram,2026-07-21 20:28:06,Yes,No,,False,0.0,0.0,0.0,0,0,0,,Halo effect upload
28537814,Xhulja Ifrim,homebyxi,2026-09,https://tiktok.com/@homebyxi/video/7680722585440636190/,TikTok,2026-09-01 17:06:36,Yes,No,,False,0.0,0.0,0.0,0,0,0,,Halo effect upload
28537814,Xhulja Ifrim,homebyxi,2026-09,https://tiktok.com/@homebyxi/video/7683348461785287966/,TikTok,2026-09-08 18:56:14,Yes,No,,False,0.0,0.0,0.0,0,0,0,,Halo effect upload
28537814,Xhulja Ifrim,homebyxi,2026-09,https://static-resources.creatoriq.com/instagram-stories/thumbs/3991895476793673565.jpg,,2026-09-22 08:30:45,Yes,No,,False,0.0,0.0,0.0,0,0,0,,Halo effect upload
28537814,Xhulja Ifrim,homebyxi,2026-09,https://tiktok.com/@homebyxi/video/7690744923099827487/,TikTok,2026-09-28 17:18:26,Yes,No,,False,0.0,0.0,0.0,0,0,0,,Halo effect upload
26482026,Yesenia M.,yessy_reviews,2026-07,https://www.instagram.com/reel/Dbd1HE_s0Bg,Instagram,2026-07-31 10:49:34,Yes,No,,False,0.0,0.0,0.0,0,0,0,,Halo effect upload
26482026,Yesenia M.,yessy_reviews,2026-08,https://www.instagram.com/p/DboYBILMuqP/,Instagram,2026-08-04 13:06:25,Yes,No,,False,0.0,0.0,0.0,0,0,0,,Halo effect upload
26482026,Yesenia M.,yessy_reviews,2026-08,https://www.instagram.com/reel/Dbtm5fXs6lJ,Instagram,2026-08-06 13:48:37,Yes,No,,False,0.0,0.0,0.0,0,0,0,,Halo effect upload
26482026,Yesenia M.,yessy_reviews,2026-08,https://www.instagram.com/reel/DcuUpJTMu5p,Instagram,2026-08-31 17:02:49,Yes,Yes,,False,0.0,0.0,0.0,0,0,0,,Halo effect upload
26482026,Yesenia M.,YessyyReviews,2026-09,https://www.facebook.com/reel/1473247101297972/,Instagram,2026-09-16 06:24:07,Yes,No,,False,0.0,0.0,0.0,0,0,0,,Halo effect upload
26482026,Yesenia M.,yessy_reviews,2026-09,https://www.instagram.com/reel/DdWYA6pMg9Y,Instagram,2026-09-16 06:20:00,Yes,No,,False,0.0,0.0,0.0,0,0,0,,Halo effect upload
26482026,Yesenia M.,yessy_reviews,2026-09,https://www.instagram.com/p/Dd1TqXOsYxH/,Instagram,2026-09-28 06:37:20,Yes,No,,False,0.0,0.0,0.0,0,0,0,,Halo effect upload
30497835,Yvette Michelle,theyvettemichelle,2026-07,https://www.instagram.com/reel/DaQQyIwgO2g,Instagram,2026-07-01 07:51:35,Yes,No,,False,0.0,0.0,0.0,0,0,0,,Halo effect upload
30497835,Yvette Michelle,theyvettemichelle,2026-07,https://www.instagram.com/reel/DauatdJged3,Instagram,2026-07-13 01:09:50,Yes,No,,False,0.0,0.0,0.0,0,0,0,,Halo effect upload
30497835,Yvette Michelle,theyvettemichelle,2026-07,https://tiktok.com/@theyvettemichelle/video/7663647621801610510/,TikTok,2026-07-17 16:47:22,Yes,No,,False,0.0,0.0,0.0,0,0,0,,Halo effect upload
30497835,Yvette Michelle,theyvettemichelle,2026-07,https://tiktok.com/@theyvettemichelle/video/7663227495654657293/,TikTok,2026-07-16 13:36:40,Yes,No,,False,0.0,0.0,0.0,0,0,0,,Halo effect upload
30497835,Yvette Michelle,theyvettemichelle,2026-07,https://www.instagram.com/reel/DbOJb_RgWMB,Instagram,2026-07-25 08:53:04,Yes,No,,False,0.0,0.0,0.0,0,0,0,,Halo effect upload
30497835,Yvette Michelle,theyvettemichelle,2026-07,https://www.instagram.com/reel/Dbe7Sdju8PO,Instagram,2026-07-31 20:58:50,Yes,No,,False,0.0,0.0,0.0,0,0,0,,Halo effect upload
30497835,Yvette Michelle,theyvettemichelle,2026-08,https://tiktok.com/@theyvettemichelle/video/7669786699433626911/,TikTok,2026-08-03 05:50:19,Yes,No,,False,0.0,0.0,0.0,0,0,0,,Halo effect upload
30497835,Yvette Michelle,theyvettemichelle,2026-08,https://www.instagram.com/reel/DcudTbhOsCs,Instagram,2026-08-31 18:16:19,Yes,No,,False,0.0,0.0,0.0,0,0,0,,Halo effect upload
30497835,Yvette Michelle,theyvettemichelle,2026-08,https://tiktok.com/@theyvettemichelle/video/7680384737826917663/,TikTok,2026-08-31 19:15:36,Yes,No,,False,0.0,0.0,0.0,0,0,0,,Halo effect upload
24232716,Zeinab Ali,thehartlandhome,2026-09,https://www.instagram.com/p/Dcvs82ixXix/,Instagram,2026-09-01 05:35:27,Yes,No,,False,0.0,0.0,0.0,0,0,0,,Halo effect upload
24232716,Zeinab Ali,thehartlandhome,2026-09,https://www.instagram.com/reel/Dc_UtcpNq58,Instagram,2026-09-07 07:28:40,Yes,No,,False,0.0,0.0,0.0,0,0,0,,Halo effect upload
24232716,Zeinab Ali,thehartlandhome,2026-09,https://www.instagram.com/reel/DdY1auzyo0m,Instagram,2026-09-17 05:27:38,No,No,,False,0.0,0.0,0.0,0,0,0,,Halo effect upload
24232716,Zeinab Ali,thehartlandhome,2026-09,https://www.instagram.com/reel/Ddl2H4-S0A0,Instagram,2026-09-22 06:41:41,No,No,,False,0.0,0.0,0.0,0,0,0,,Halo effect upload
26870438,Zena Shennawi,storyofzena,2026-09,https://www.instagram.com/reel/DdR5817pNId,Instagram,2026-09-14 12:40:06,Yes,No,,False,0.0,0.0,0.0,0,0,0,,Halo effect upload
26870438,Zena Shennawi,storyofzena,2026-09,https://tiktok.com/@storyofzena/video/7685476926999383310/,TikTok,2026-09-14 12:36:14,Yes,Yes,,False,0.0,0.0,0.0,0,0,0,,Halo effect upload
